<?xml version="1.0" encoding="UTF-8"?>
<gpx creator="StravaGPX" version="1.1" xmlns="http://www.topografix.com/GPX/1/1" xmlns:xsi="http://www.w3.org/2001/XMLSchema-instance" xsi:schemaLocation="http://www.topografix.com/GPX/1/1 http://www.topografix.com/GPX/1/1/gpx.xsd http://www.garmin.com/xmlschemas/GpxExtensions/v3 http://www.garmin.com/xmlschemas/GpxExtensionsv3.xsd http://www.garmin.com/xmlschemas/TrackPointExtension/v1 http://www.garmin.com/xmlschemas/TrackPointExtensionv1.xsd" xmlns:gpxtpx="http://www.garmin.com/xmlschemas/TrackPointExtension/v1" xmlns:gpxx="http://www.garmin.com/xmlschemas/GpxExtensions/v3">
 <metadata>
  <time>2025-09-18T14:35:24Z</time>
 </metadata>
 <trk>
  <name>B2Run 2025</name>
  <type>running</type>
  <trkseg>
   <trkpt lat="52.5156050" lon="13.2434130">
    <ele>66.2</ele>
    <time>2025-09-18T14:35:24Z</time>
    <extensions>
     <gpxtpx:TrackPointExtension>
      <gpxtpx:hr>143</gpxtpx:hr>
     </gpxtpx:TrackPointExtension>
    </extensions>
   </trkpt>
   <trkpt lat="52.5156350" lon="13.2434120">
    <ele>66.2</ele>
    <time>2025-09-18T14:35:25Z</time>
    <extensions>
     <gpxtpx:TrackPointExtension>
      <gpxtpx:hr>143</gpxtpx:hr>
     </gpxtpx:TrackPointExtension>
    </extensions>
   </trkpt>
   <trkpt lat="52.5156490" lon="13.2434110">
    <ele>66.2</ele>
    <time>2025-09-18T14:35:26Z</time>
    <extensions>
     <gpxtpx:TrackPointExtension>
      <gpxtpx:hr>143</gpxtpx:hr>
     </gpxtpx:TrackPointExtension>
    </extensions>
   </trkpt>
   <trkpt lat="52.5156640" lon="13.2434110">
    <ele>66.2</ele>
    <time>2025-09-18T14:35:27Z</time>
    <extensions>
     <gpxtpx:TrackPointExtension>
      <gpxtpx:hr>143</gpxtpx:hr>
     </gpxtpx:TrackPointExtension>
    </extensions>
   </trkpt>
   <trkpt lat="52.5156780" lon="13.2434110">
    <ele>66.2</ele>
    <time>2025-09-18T14:35:28Z</time>
    <extensions>
     <gpxtpx:TrackPointExtension>
      <gpxtpx:hr>143</gpxtpx:hr>
     </gpxtpx:TrackPointExtension>
    </extensions>
   </trkpt>
   <trkpt lat="52.5156930" lon="13.2434100">
    <ele>66.2</ele>
    <time>2025-09-18T14:35:29Z</time>
    <extensions>
     <gpxtpx:TrackPointExtension>
      <gpxtpx:hr>143</gpxtpx:hr>
     </gpxtpx:TrackPointExtension>
    </extensions>
   </trkpt>
   <trkpt lat="52.5157070" lon="13.2434100">
    <ele>66.2</ele>
    <time>2025-09-18T14:35:30Z</time>
    <extensions>
     <power>115</power>
     <gpxtpx:TrackPointExtension>
      <gpxtpx:hr>143</gpxtpx:hr>
     </gpxtpx:TrackPointExtension>
    </extensions>
   </trkpt>
   <trkpt lat="52.5157380" lon="13.2434090">
    <ele>66.2</ele>
    <time>2025-09-18T14:35:31Z</time>
    <extensions>
     <power>115</power>
     <gpxtpx:TrackPointExtension>
      <gpxtpx:hr>143</gpxtpx:hr>
     </gpxtpx:TrackPointExtension>
    </extensions>
   </trkpt>
   <trkpt lat="52.5157490" lon="13.2434080">
    <ele>66.2</ele>
    <time>2025-09-18T14:35:32Z</time>
    <extensions>
     <power>191</power>
     <gpxtpx:TrackPointExtension>
      <gpxtpx:hr>143</gpxtpx:hr>
     </gpxtpx:TrackPointExtension>
    </extensions>
   </trkpt>
   <trkpt lat="52.5157920" lon="13.2433970">
    <ele>66.2</ele>
    <time>2025-09-18T14:35:33Z</time>
    <extensions>
     <power>191</power>
     <gpxtpx:TrackPointExtension>
      <gpxtpx:hr>143</gpxtpx:hr>
     </gpxtpx:TrackPointExtension>
    </extensions>
   </trkpt>
   <trkpt lat="52.5158100" lon="13.2433910">
    <ele>66.2</ele>
    <time>2025-09-18T14:35:34Z</time>
    <extensions>
     <power>191</power>
     <gpxtpx:TrackPointExtension>
      <gpxtpx:hr>143</gpxtpx:hr>
     </gpxtpx:TrackPointExtension>
    </extensions>
   </trkpt>
   <trkpt lat="52.5158290" lon="13.2433840">
    <ele>66.0</ele>
    <time>2025-09-18T14:35:35Z</time>
    <extensions>
     <power>218</power>
     <gpxtpx:TrackPointExtension>
      <gpxtpx:hr>143</gpxtpx:hr>
     </gpxtpx:TrackPointExtension>
    </extensions>
   </trkpt>
   <trkpt lat="52.5158790" lon="13.2433640">
    <ele>66.0</ele>
    <time>2025-09-18T14:35:36Z</time>
    <extensions>
     <power>218</power>
     <gpxtpx:TrackPointExtension>
      <gpxtpx:hr>143</gpxtpx:hr>
     </gpxtpx:TrackPointExtension>
    </extensions>
   </trkpt>
   <trkpt lat="52.5158960" lon="13.2433570">
    <ele>66.0</ele>
    <time>2025-09-18T14:35:37Z</time>
    <extensions>
     <power>260</power>
     <gpxtpx:TrackPointExtension>
      <gpxtpx:hr>143</gpxtpx:hr>
     </gpxtpx:TrackPointExtension>
    </extensions>
   </trkpt>
   <trkpt lat="52.5159520" lon="13.2433380">
    <ele>65.8</ele>
    <time>2025-09-18T14:35:38Z</time>
    <extensions>
     <power>260</power>
     <gpxtpx:TrackPointExtension>
      <gpxtpx:hr>143</gpxtpx:hr>
     </gpxtpx:TrackPointExtension>
    </extensions>
   </trkpt>
   <trkpt lat="52.5159740" lon="13.2433320">
    <ele>65.8</ele>
    <time>2025-09-18T14:35:39Z</time>
    <extensions>
     <power>260</power>
     <gpxtpx:TrackPointExtension>
      <gpxtpx:hr>146</gpxtpx:hr>
     </gpxtpx:TrackPointExtension>
    </extensions>
   </trkpt>
   <trkpt lat="52.5159970" lon="13.2433260">
    <ele>65.8</ele>
    <time>2025-09-18T14:35:40Z</time>
    <extensions>
     <power>322</power>
     <gpxtpx:TrackPointExtension>
      <gpxtpx:hr>146</gpxtpx:hr>
     </gpxtpx:TrackPointExtension>
    </extensions>
   </trkpt>
   <trkpt lat="52.5160520" lon="13.2433140">
    <ele>65.8</ele>
    <time>2025-09-18T14:35:41Z</time>
    <extensions>
     <power>322</power>
     <gpxtpx:TrackPointExtension>
      <gpxtpx:hr>146</gpxtpx:hr>
     </gpxtpx:TrackPointExtension>
    </extensions>
   </trkpt>
   <trkpt lat="52.5160730" lon="13.2433100">
    <ele>65.8</ele>
    <time>2025-09-18T14:35:42Z</time>
    <extensions>
     <power>322</power>
     <gpxtpx:TrackPointExtension>
      <gpxtpx:hr>146</gpxtpx:hr>
     </gpxtpx:TrackPointExtension>
    </extensions>
   </trkpt>
   <trkpt lat="52.5160950" lon="13.2433070">
    <ele>65.6</ele>
    <time>2025-09-18T14:35:43Z</time>
    <extensions>
     <power>338</power>
     <gpxtpx:TrackPointExtension>
      <gpxtpx:hr>148</gpxtpx:hr>
     </gpxtpx:TrackPointExtension>
    </extensions>
   </trkpt>
   <trkpt lat="52.5161430" lon="13.2432990">
    <ele>65.6</ele>
    <time>2025-09-18T14:35:44Z</time>
    <extensions>
     <power>338</power>
     <gpxtpx:TrackPointExtension>
      <gpxtpx:hr>148</gpxtpx:hr>
     </gpxtpx:TrackPointExtension>
    </extensions>
   </trkpt>
   <trkpt lat="52.5161590" lon="13.2432960">
    <ele>65.6</ele>
    <time>2025-09-18T14:35:45Z</time>
    <extensions>
     <power>325</power>
     <gpxtpx:TrackPointExtension>
      <gpxtpx:hr>148</gpxtpx:hr>
     </gpxtpx:TrackPointExtension>
    </extensions>
   </trkpt>
   <trkpt lat="52.5162130" lon="13.2432800">
    <ele>65.6</ele>
    <time>2025-09-18T14:35:46Z</time>
    <extensions>
     <power>325</power>
     <gpxtpx:TrackPointExtension>
      <gpxtpx:hr>148</gpxtpx:hr>
     </gpxtpx:TrackPointExtension>
    </extensions>
   </trkpt>
   <trkpt lat="52.5162340" lon="13.2432720">
    <ele>65.6</ele>
    <time>2025-09-18T14:35:47Z</time>
    <extensions>
     <power>325</power>
     <gpxtpx:TrackPointExtension>
      <gpxtpx:hr>148</gpxtpx:hr>
     </gpxtpx:TrackPointExtension>
    </extensions>
   </trkpt>
   <trkpt lat="52.5162550" lon="13.2432640">
    <ele>65.6</ele>
    <time>2025-09-18T14:35:48Z</time>
    <extensions>
     <power>317</power>
     <gpxtpx:TrackPointExtension>
      <gpxtpx:hr>150</gpxtpx:hr>
     </gpxtpx:TrackPointExtension>
    </extensions>
   </trkpt>
   <trkpt lat="52.5163030" lon="13.2432400">
    <ele>65.6</ele>
    <time>2025-09-18T14:35:49Z</time>
    <extensions>
     <power>317</power>
     <gpxtpx:TrackPointExtension>
      <gpxtpx:hr>150</gpxtpx:hr>
     </gpxtpx:TrackPointExtension>
    </extensions>
   </trkpt>
   <trkpt lat="52.5163190" lon="13.2432310">
    <ele>65.6</ele>
    <time>2025-09-18T14:35:50Z</time>
    <extensions>
     <power>318</power>
     <gpxtpx:TrackPointExtension>
      <gpxtpx:hr>150</gpxtpx:hr>
     </gpxtpx:TrackPointExtension>
    </extensions>
   </trkpt>
   <trkpt lat="52.5163690" lon="13.2431970">
    <ele>65.6</ele>
    <time>2025-09-18T14:35:51Z</time>
    <extensions>
     <power>318</power>
     <gpxtpx:TrackPointExtension>
      <gpxtpx:hr>150</gpxtpx:hr>
     </gpxtpx:TrackPointExtension>
    </extensions>
   </trkpt>
   <trkpt lat="52.5163890" lon="13.2431830">
    <ele>65.6</ele>
    <time>2025-09-18T14:35:52Z</time>
    <extensions>
     <power>318</power>
     <gpxtpx:TrackPointExtension>
      <gpxtpx:hr>150</gpxtpx:hr>
     </gpxtpx:TrackPointExtension>
    </extensions>
   </trkpt>
   <trkpt lat="52.5164090" lon="13.2431690">
    <ele>65.6</ele>
    <time>2025-09-18T14:35:53Z</time>
    <extensions>
     <power>313</power>
     <gpxtpx:TrackPointExtension>
      <gpxtpx:hr>150</gpxtpx:hr>
     </gpxtpx:TrackPointExtension>
    </extensions>
   </trkpt>
   <trkpt lat="52.5164530" lon="13.2431380">
    <ele>65.6</ele>
    <time>2025-09-18T14:35:54Z</time>
    <extensions>
     <power>313</power>
     <gpxtpx:TrackPointExtension>
      <gpxtpx:hr>150</gpxtpx:hr>
     </gpxtpx:TrackPointExtension>
    </extensions>
   </trkpt>
   <trkpt lat="52.5164670" lon="13.2431270">
    <ele>65.4</ele>
    <time>2025-09-18T14:35:55Z</time>
    <extensions>
     <power>308</power>
     <gpxtpx:TrackPointExtension>
      <gpxtpx:hr>155</gpxtpx:hr>
     </gpxtpx:TrackPointExtension>
    </extensions>
   </trkpt>
   <trkpt lat="52.5165120" lon="13.2430860">
    <ele>65.4</ele>
    <time>2025-09-18T14:35:56Z</time>
    <extensions>
     <power>308</power>
     <gpxtpx:TrackPointExtension>
      <gpxtpx:hr>155</gpxtpx:hr>
     </gpxtpx:TrackPointExtension>
    </extensions>
   </trkpt>
   <trkpt lat="52.5165290" lon="13.2430690">
    <ele>65.4</ele>
    <time>2025-09-18T14:35:57Z</time>
    <extensions>
     <power>308</power>
     <gpxtpx:TrackPointExtension>
      <gpxtpx:hr>155</gpxtpx:hr>
     </gpxtpx:TrackPointExtension>
    </extensions>
   </trkpt>
   <trkpt lat="52.5165470" lon="13.2430510">
    <ele>65.4</ele>
    <time>2025-09-18T14:35:58Z</time>
    <extensions>
     <power>306</power>
     <gpxtpx:TrackPointExtension>
      <gpxtpx:hr>155</gpxtpx:hr>
     </gpxtpx:TrackPointExtension>
    </extensions>
   </trkpt>
   <trkpt lat="52.5165890" lon="13.2430020">
    <ele>65.4</ele>
    <time>2025-09-18T14:35:59Z</time>
    <extensions>
     <power>306</power>
     <gpxtpx:TrackPointExtension>
      <gpxtpx:hr>155</gpxtpx:hr>
     </gpxtpx:TrackPointExtension>
    </extensions>
   </trkpt>
   <trkpt lat="52.5166050" lon="13.2429830">
    <ele>65.4</ele>
    <time>2025-09-18T14:36:00Z</time>
    <extensions>
     <power>306</power>
     <gpxtpx:TrackPointExtension>
      <gpxtpx:hr>148</gpxtpx:hr>
     </gpxtpx:TrackPointExtension>
    </extensions>
   </trkpt>
   <trkpt lat="52.5166210" lon="13.2429630">
    <ele>65.4</ele>
    <time>2025-09-18T14:36:01Z</time>
    <extensions>
     <power>304</power>
     <gpxtpx:TrackPointExtension>
      <gpxtpx:hr>148</gpxtpx:hr>
     </gpxtpx:TrackPointExtension>
    </extensions>
   </trkpt>
   <trkpt lat="52.5166590" lon="13.2429250">
    <ele>65.4</ele>
    <time>2025-09-18T14:36:02Z</time>
    <extensions>
     <power>304</power>
     <gpxtpx:TrackPointExtension>
      <gpxtpx:hr>148</gpxtpx:hr>
     </gpxtpx:TrackPointExtension>
    </extensions>
   </trkpt>
   <trkpt lat="52.5166710" lon="13.2429120">
    <ele>65.4</ele>
    <time>2025-09-18T14:36:03Z</time>
    <extensions>
     <power>300</power>
     <gpxtpx:TrackPointExtension>
      <gpxtpx:hr>148</gpxtpx:hr>
     </gpxtpx:TrackPointExtension>
    </extensions>
   </trkpt>
   <trkpt lat="52.5167120" lon="13.2428740">
    <ele>65.6</ele>
    <time>2025-09-18T14:36:04Z</time>
    <extensions>
     <power>300</power>
     <gpxtpx:TrackPointExtension>
      <gpxtpx:hr>148</gpxtpx:hr>
     </gpxtpx:TrackPointExtension>
    </extensions>
   </trkpt>
   <trkpt lat="52.5167290" lon="13.2428600">
    <ele>65.6</ele>
    <time>2025-09-18T14:36:05Z</time>
    <extensions>
     <power>300</power>
     <gpxtpx:TrackPointExtension>
      <gpxtpx:hr>151</gpxtpx:hr>
     </gpxtpx:TrackPointExtension>
    </extensions>
   </trkpt>
   <trkpt lat="52.5167450" lon="13.2428450">
    <ele>65.6</ele>
    <time>2025-09-18T14:36:06Z</time>
    <extensions>
     <power>292</power>
     <gpxtpx:TrackPointExtension>
      <gpxtpx:hr>151</gpxtpx:hr>
     </gpxtpx:TrackPointExtension>
    </extensions>
   </trkpt>
   <trkpt lat="52.5167830" lon="13.2428130">
    <ele>65.6</ele>
    <time>2025-09-18T14:36:07Z</time>
    <extensions>
     <power>292</power>
     <gpxtpx:TrackPointExtension>
      <gpxtpx:hr>151</gpxtpx:hr>
     </gpxtpx:TrackPointExtension>
    </extensions>
   </trkpt>
   <trkpt lat="52.5167950" lon="13.2428020">
    <ele>65.6</ele>
    <time>2025-09-18T14:36:08Z</time>
    <extensions>
     <power>290</power>
     <gpxtpx:TrackPointExtension>
      <gpxtpx:hr>151</gpxtpx:hr>
     </gpxtpx:TrackPointExtension>
    </extensions>
   </trkpt>
   <trkpt lat="52.5168380" lon="13.2427630">
    <ele>65.6</ele>
    <time>2025-09-18T14:36:09Z</time>
    <extensions>
     <power>290</power>
     <gpxtpx:TrackPointExtension>
      <gpxtpx:hr>151</gpxtpx:hr>
     </gpxtpx:TrackPointExtension>
    </extensions>
   </trkpt>
   <trkpt lat="52.5168550" lon="13.2427460">
    <ele>65.8</ele>
    <time>2025-09-18T14:36:10Z</time>
    <extensions>
     <power>290</power>
     <gpxtpx:TrackPointExtension>
      <gpxtpx:hr>156</gpxtpx:hr>
     </gpxtpx:TrackPointExtension>
    </extensions>
   </trkpt>
   <trkpt lat="52.5168720" lon="13.2427300">
    <ele>65.8</ele>
    <time>2025-09-18T14:36:11Z</time>
    <extensions>
     <power>289</power>
     <gpxtpx:TrackPointExtension>
      <gpxtpx:hr>156</gpxtpx:hr>
     </gpxtpx:TrackPointExtension>
    </extensions>
   </trkpt>
   <trkpt lat="52.5169150" lon="13.2426930">
    <ele>65.8</ele>
    <time>2025-09-18T14:36:12Z</time>
    <extensions>
     <power>289</power>
     <gpxtpx:TrackPointExtension>
      <gpxtpx:hr>157</gpxtpx:hr>
     </gpxtpx:TrackPointExtension>
    </extensions>
   </trkpt>
   <trkpt lat="52.5169330" lon="13.2426780">
    <ele>65.8</ele>
    <time>2025-09-18T14:36:13Z</time>
    <extensions>
     <power>289</power>
     <gpxtpx:TrackPointExtension>
      <gpxtpx:hr>157</gpxtpx:hr>
     </gpxtpx:TrackPointExtension>
    </extensions>
   </trkpt>
   <trkpt lat="52.5169500" lon="13.2426640">
    <ele>66.0</ele>
    <time>2025-09-18T14:36:14Z</time>
    <extensions>
     <power>284</power>
     <gpxtpx:TrackPointExtension>
      <gpxtpx:hr>157</gpxtpx:hr>
     </gpxtpx:TrackPointExtension>
    </extensions>
   </trkpt>
   <trkpt lat="52.5169890" lon="13.2426320">
    <ele>66.0</ele>
    <time>2025-09-18T14:36:15Z</time>
    <extensions>
     <power>284</power>
     <gpxtpx:TrackPointExtension>
      <gpxtpx:hr>157</gpxtpx:hr>
     </gpxtpx:TrackPointExtension>
    </extensions>
   </trkpt>
   <trkpt lat="52.5170010" lon="13.2426210">
    <ele>66.0</ele>
    <time>2025-09-18T14:36:16Z</time>
    <extensions>
     <power>284</power>
     <gpxtpx:TrackPointExtension>
      <gpxtpx:hr>157</gpxtpx:hr>
     </gpxtpx:TrackPointExtension>
    </extensions>
   </trkpt>
   <trkpt lat="52.5170420" lon="13.2425830">
    <ele>66.2</ele>
    <time>2025-09-18T14:36:17Z</time>
    <extensions>
     <power>284</power>
     <gpxtpx:TrackPointExtension>
      <gpxtpx:hr>157</gpxtpx:hr>
     </gpxtpx:TrackPointExtension>
    </extensions>
   </trkpt>
   <trkpt lat="52.5170580" lon="13.2425670">
    <ele>66.2</ele>
    <time>2025-09-18T14:36:18Z</time>
    <extensions>
     <power>284</power>
     <gpxtpx:TrackPointExtension>
      <gpxtpx:hr>157</gpxtpx:hr>
     </gpxtpx:TrackPointExtension>
    </extensions>
   </trkpt>
   <trkpt lat="52.5170740" lon="13.2425510">
    <ele>66.2</ele>
    <time>2025-09-18T14:36:19Z</time>
    <extensions>
     <power>284</power>
     <gpxtpx:TrackPointExtension>
      <gpxtpx:hr>157</gpxtpx:hr>
     </gpxtpx:TrackPointExtension>
    </extensions>
   </trkpt>
   <trkpt lat="52.5171100" lon="13.2425120">
    <ele>66.4</ele>
    <time>2025-09-18T14:36:20Z</time>
    <extensions>
     <power>284</power>
     <gpxtpx:TrackPointExtension>
      <gpxtpx:hr>157</gpxtpx:hr>
     </gpxtpx:TrackPointExtension>
    </extensions>
   </trkpt>
   <trkpt lat="52.5171220" lon="13.2424990">
    <ele>66.4</ele>
    <time>2025-09-18T14:36:21Z</time>
    <extensions>
     <power>282</power>
     <gpxtpx:TrackPointExtension>
      <gpxtpx:hr>157</gpxtpx:hr>
     </gpxtpx:TrackPointExtension>
    </extensions>
   </trkpt>
   <trkpt lat="52.5171630" lon="13.2424560">
    <ele>66.4</ele>
    <time>2025-09-18T14:36:22Z</time>
    <extensions>
     <power>282</power>
     <gpxtpx:TrackPointExtension>
      <gpxtpx:hr>157</gpxtpx:hr>
     </gpxtpx:TrackPointExtension>
    </extensions>
   </trkpt>
   <trkpt lat="52.5171800" lon="13.2424400">
    <ele>66.4</ele>
    <time>2025-09-18T14:36:23Z</time>
    <extensions>
     <power>282</power>
     <gpxtpx:TrackPointExtension>
      <gpxtpx:hr>157</gpxtpx:hr>
     </gpxtpx:TrackPointExtension>
    </extensions>
   </trkpt>
   <trkpt lat="52.5171960" lon="13.2424230">
    <ele>66.6</ele>
    <time>2025-09-18T14:36:24Z</time>
    <extensions>
     <power>284</power>
     <gpxtpx:TrackPointExtension>
      <gpxtpx:hr>157</gpxtpx:hr>
     </gpxtpx:TrackPointExtension>
    </extensions>
   </trkpt>
   <trkpt lat="52.5172320" lon="13.2423850">
    <ele>66.6</ele>
    <time>2025-09-18T14:36:25Z</time>
    <extensions>
     <power>284</power>
     <gpxtpx:TrackPointExtension>
      <gpxtpx:hr>157</gpxtpx:hr>
     </gpxtpx:TrackPointExtension>
    </extensions>
   </trkpt>
   <trkpt lat="52.5172430" lon="13.2423720">
    <ele>66.6</ele>
    <time>2025-09-18T14:36:26Z</time>
    <extensions>
     <power>281</power>
     <gpxtpx:TrackPointExtension>
      <gpxtpx:hr>157</gpxtpx:hr>
     </gpxtpx:TrackPointExtension>
    </extensions>
   </trkpt>
   <trkpt lat="52.5172790" lon="13.2423310">
    <ele>66.8</ele>
    <time>2025-09-18T14:36:27Z</time>
    <extensions>
     <power>281</power>
     <gpxtpx:TrackPointExtension>
      <gpxtpx:hr>157</gpxtpx:hr>
     </gpxtpx:TrackPointExtension>
    </extensions>
   </trkpt>
   <trkpt lat="52.5172940" lon="13.2423140">
    <ele>66.8</ele>
    <time>2025-09-18T14:36:28Z</time>
    <extensions>
     <power>281</power>
     <gpxtpx:TrackPointExtension>
      <gpxtpx:hr>157</gpxtpx:hr>
     </gpxtpx:TrackPointExtension>
    </extensions>
   </trkpt>
   <trkpt lat="52.5173080" lon="13.2422980">
    <ele>66.8</ele>
    <time>2025-09-18T14:36:29Z</time>
    <extensions>
     <power>275</power>
     <gpxtpx:TrackPointExtension>
      <gpxtpx:hr>157</gpxtpx:hr>
     </gpxtpx:TrackPointExtension>
    </extensions>
   </trkpt>
   <trkpt lat="52.5173480" lon="13.2422600">
    <ele>66.8</ele>
    <time>2025-09-18T14:36:30Z</time>
    <extensions>
     <power>275</power>
     <gpxtpx:TrackPointExtension>
      <gpxtpx:hr>157</gpxtpx:hr>
     </gpxtpx:TrackPointExtension>
    </extensions>
   </trkpt>
   <trkpt lat="52.5173650" lon="13.2422450">
    <ele>67.0</ele>
    <time>2025-09-18T14:36:31Z</time>
    <extensions>
     <power>275</power>
     <gpxtpx:TrackPointExtension>
      <gpxtpx:hr>157</gpxtpx:hr>
     </gpxtpx:TrackPointExtension>
    </extensions>
   </trkpt>
   <trkpt lat="52.5173810" lon="13.2422300">
    <ele>67.0</ele>
    <time>2025-09-18T14:36:32Z</time>
    <extensions>
     <power>274</power>
     <gpxtpx:TrackPointExtension>
      <gpxtpx:hr>157</gpxtpx:hr>
     </gpxtpx:TrackPointExtension>
    </extensions>
   </trkpt>
   <trkpt lat="52.5174200" lon="13.2421950">
    <ele>67.0</ele>
    <time>2025-09-18T14:36:33Z</time>
    <extensions>
     <power>274</power>
     <gpxtpx:TrackPointExtension>
      <gpxtpx:hr>157</gpxtpx:hr>
     </gpxtpx:TrackPointExtension>
    </extensions>
   </trkpt>
   <trkpt lat="52.5174320" lon="13.2421830">
    <ele>67.0</ele>
    <time>2025-09-18T14:36:34Z</time>
    <extensions>
     <power>270</power>
     <gpxtpx:TrackPointExtension>
      <gpxtpx:hr>158</gpxtpx:hr>
     </gpxtpx:TrackPointExtension>
    </extensions>
   </trkpt>
   <trkpt lat="52.5174750" lon="13.2421430">
    <ele>67.0</ele>
    <time>2025-09-18T14:36:35Z</time>
    <extensions>
     <power>270</power>
     <gpxtpx:TrackPointExtension>
      <gpxtpx:hr>158</gpxtpx:hr>
     </gpxtpx:TrackPointExtension>
    </extensions>
   </trkpt>
   <trkpt lat="52.5174920" lon="13.2421260">
    <ele>67.0</ele>
    <time>2025-09-18T14:36:36Z</time>
    <extensions>
     <power>270</power>
     <gpxtpx:TrackPointExtension>
      <gpxtpx:hr>158</gpxtpx:hr>
     </gpxtpx:TrackPointExtension>
    </extensions>
   </trkpt>
   <trkpt lat="52.5175090" lon="13.2421100">
    <ele>67.0</ele>
    <time>2025-09-18T14:36:37Z</time>
    <extensions>
     <power>276</power>
     <gpxtpx:TrackPointExtension>
      <gpxtpx:hr>159</gpxtpx:hr>
     </gpxtpx:TrackPointExtension>
    </extensions>
   </trkpt>
   <trkpt lat="52.5175470" lon="13.2420730">
    <ele>67.0</ele>
    <time>2025-09-18T14:36:38Z</time>
    <extensions>
     <power>276</power>
     <gpxtpx:TrackPointExtension>
      <gpxtpx:hr>159</gpxtpx:hr>
     </gpxtpx:TrackPointExtension>
    </extensions>
   </trkpt>
   <trkpt lat="52.5175590" lon="13.2420610">
    <ele>67.0</ele>
    <time>2025-09-18T14:36:39Z</time>
    <extensions>
     <power>275</power>
     <gpxtpx:TrackPointExtension>
      <gpxtpx:hr>159</gpxtpx:hr>
     </gpxtpx:TrackPointExtension>
    </extensions>
   </trkpt>
   <trkpt lat="52.5176000" lon="13.2420230">
    <ele>67.2</ele>
    <time>2025-09-18T14:36:40Z</time>
    <extensions>
     <power>275</power>
     <gpxtpx:TrackPointExtension>
      <gpxtpx:hr>159</gpxtpx:hr>
     </gpxtpx:TrackPointExtension>
    </extensions>
   </trkpt>
   <trkpt lat="52.5176170" lon="13.2420080">
    <ele>67.2</ele>
    <time>2025-09-18T14:36:41Z</time>
    <extensions>
     <power>275</power>
     <gpxtpx:TrackPointExtension>
      <gpxtpx:hr>159</gpxtpx:hr>
     </gpxtpx:TrackPointExtension>
    </extensions>
   </trkpt>
   <trkpt lat="52.5176330" lon="13.2419930">
    <ele>67.2</ele>
    <time>2025-09-18T14:36:42Z</time>
    <extensions>
     <power>274</power>
     <gpxtpx:TrackPointExtension>
      <gpxtpx:hr>159</gpxtpx:hr>
     </gpxtpx:TrackPointExtension>
    </extensions>
   </trkpt>
   <trkpt lat="52.5176750" lon="13.2419560">
    <ele>67.2</ele>
    <time>2025-09-18T14:36:43Z</time>
    <extensions>
     <power>274</power>
     <gpxtpx:TrackPointExtension>
      <gpxtpx:hr>159</gpxtpx:hr>
     </gpxtpx:TrackPointExtension>
    </extensions>
   </trkpt>
   <trkpt lat="52.5176920" lon="13.2419410">
    <ele>67.2</ele>
    <time>2025-09-18T14:36:44Z</time>
    <extensions>
     <power>274</power>
     <gpxtpx:TrackPointExtension>
      <gpxtpx:hr>159</gpxtpx:hr>
     </gpxtpx:TrackPointExtension>
    </extensions>
   </trkpt>
   <trkpt lat="52.5177090" lon="13.2419260">
    <ele>67.2</ele>
    <time>2025-09-18T14:36:45Z</time>
    <extensions>
     <power>273</power>
     <gpxtpx:TrackPointExtension>
      <gpxtpx:hr>159</gpxtpx:hr>
     </gpxtpx:TrackPointExtension>
    </extensions>
   </trkpt>
   <trkpt lat="52.5177490" lon="13.2418950">
    <ele>67.2</ele>
    <time>2025-09-18T14:36:46Z</time>
    <extensions>
     <power>273</power>
     <gpxtpx:TrackPointExtension>
      <gpxtpx:hr>159</gpxtpx:hr>
     </gpxtpx:TrackPointExtension>
    </extensions>
   </trkpt>
   <trkpt lat="52.5177610" lon="13.2418840">
    <ele>67.2</ele>
    <time>2025-09-18T14:36:47Z</time>
    <extensions>
     <power>270</power>
     <gpxtpx:TrackPointExtension>
      <gpxtpx:hr>159</gpxtpx:hr>
     </gpxtpx:TrackPointExtension>
    </extensions>
   </trkpt>
   <trkpt lat="52.5178040" lon="13.2418480">
    <ele>67.2</ele>
    <time>2025-09-18T14:36:48Z</time>
    <extensions>
     <power>270</power>
     <gpxtpx:TrackPointExtension>
      <gpxtpx:hr>159</gpxtpx:hr>
     </gpxtpx:TrackPointExtension>
    </extensions>
   </trkpt>
   <trkpt lat="52.5178220" lon="13.2418340">
    <ele>67.2</ele>
    <time>2025-09-18T14:36:49Z</time>
    <extensions>
     <power>270</power>
     <gpxtpx:TrackPointExtension>
      <gpxtpx:hr>160</gpxtpx:hr>
     </gpxtpx:TrackPointExtension>
    </extensions>
   </trkpt>
   <trkpt lat="52.5178390" lon="13.2418190">
    <ele>67.2</ele>
    <time>2025-09-18T14:36:50Z</time>
    <extensions>
     <power>270</power>
     <gpxtpx:TrackPointExtension>
      <gpxtpx:hr>160</gpxtpx:hr>
     </gpxtpx:TrackPointExtension>
    </extensions>
   </trkpt>
   <trkpt lat="52.5178800" lon="13.2417850">
    <ele>67.2</ele>
    <time>2025-09-18T14:36:51Z</time>
    <extensions>
     <power>270</power>
     <gpxtpx:TrackPointExtension>
      <gpxtpx:hr>160</gpxtpx:hr>
     </gpxtpx:TrackPointExtension>
    </extensions>
   </trkpt>
   <trkpt lat="52.5178930" lon="13.2417730">
    <ele>67.2</ele>
    <time>2025-09-18T14:36:52Z</time>
    <extensions>
     <power>270</power>
     <gpxtpx:TrackPointExtension>
      <gpxtpx:hr>160</gpxtpx:hr>
     </gpxtpx:TrackPointExtension>
    </extensions>
   </trkpt>
   <trkpt lat="52.5179360" lon="13.2417280">
    <ele>67.2</ele>
    <time>2025-09-18T14:36:53Z</time>
    <extensions>
     <power>270</power>
     <gpxtpx:TrackPointExtension>
      <gpxtpx:hr>161</gpxtpx:hr>
     </gpxtpx:TrackPointExtension>
    </extensions>
   </trkpt>
   <trkpt lat="52.5179540" lon="13.2417090">
    <ele>67.2</ele>
    <time>2025-09-18T14:36:54Z</time>
    <extensions>
     <power>270</power>
     <gpxtpx:TrackPointExtension>
      <gpxtpx:hr>161</gpxtpx:hr>
     </gpxtpx:TrackPointExtension>
    </extensions>
   </trkpt>
   <trkpt lat="52.5179710" lon="13.2416900">
    <ele>67.2</ele>
    <time>2025-09-18T14:36:55Z</time>
    <extensions>
     <power>273</power>
     <gpxtpx:TrackPointExtension>
      <gpxtpx:hr>161</gpxtpx:hr>
     </gpxtpx:TrackPointExtension>
    </extensions>
   </trkpt>
   <trkpt lat="52.5180090" lon="13.2416440">
    <ele>67.2</ele>
    <time>2025-09-18T14:36:56Z</time>
    <extensions>
     <power>273</power>
     <gpxtpx:TrackPointExtension>
      <gpxtpx:hr>161</gpxtpx:hr>
     </gpxtpx:TrackPointExtension>
    </extensions>
   </trkpt>
   <trkpt lat="52.5180210" lon="13.2416280">
    <ele>67.2</ele>
    <time>2025-09-18T14:36:57Z</time>
    <extensions>
     <power>278</power>
     <gpxtpx:TrackPointExtension>
      <gpxtpx:hr>161</gpxtpx:hr>
     </gpxtpx:TrackPointExtension>
    </extensions>
   </trkpt>
   <trkpt lat="52.5180590" lon="13.2415740">
    <ele>67.2</ele>
    <time>2025-09-18T14:36:58Z</time>
    <extensions>
     <power>278</power>
     <gpxtpx:TrackPointExtension>
      <gpxtpx:hr>161</gpxtpx:hr>
     </gpxtpx:TrackPointExtension>
    </extensions>
   </trkpt>
   <trkpt lat="52.5180740" lon="13.2415510">
    <ele>67.2</ele>
    <time>2025-09-18T14:36:59Z</time>
    <extensions>
     <power>278</power>
     <gpxtpx:TrackPointExtension>
      <gpxtpx:hr>163</gpxtpx:hr>
     </gpxtpx:TrackPointExtension>
    </extensions>
   </trkpt>
   <trkpt lat="52.5180890" lon="13.2415290">
    <ele>67.2</ele>
    <time>2025-09-18T14:37:00Z</time>
    <extensions>
     <power>280</power>
     <gpxtpx:TrackPointExtension>
      <gpxtpx:hr>163</gpxtpx:hr>
     </gpxtpx:TrackPointExtension>
    </extensions>
   </trkpt>
   <trkpt lat="52.5181230" lon="13.2414680">
    <ele>67.4</ele>
    <time>2025-09-18T14:37:01Z</time>
    <extensions>
     <power>280</power>
     <gpxtpx:TrackPointExtension>
      <gpxtpx:hr>163</gpxtpx:hr>
     </gpxtpx:TrackPointExtension>
    </extensions>
   </trkpt>
   <trkpt lat="52.5181360" lon="13.2414420">
    <ele>67.4</ele>
    <time>2025-09-18T14:37:02Z</time>
    <extensions>
     <power>280</power>
     <gpxtpx:TrackPointExtension>
      <gpxtpx:hr>163</gpxtpx:hr>
     </gpxtpx:TrackPointExtension>
    </extensions>
   </trkpt>
   <trkpt lat="52.5181490" lon="13.2414170">
    <ele>67.4</ele>
    <time>2025-09-18T14:37:03Z</time>
    <extensions>
     <power>282</power>
     <gpxtpx:TrackPointExtension>
      <gpxtpx:hr>163</gpxtpx:hr>
     </gpxtpx:TrackPointExtension>
    </extensions>
   </trkpt>
   <trkpt lat="52.5181720" lon="13.2413550">
    <ele>67.4</ele>
    <time>2025-09-18T14:37:04Z</time>
    <extensions>
     <power>282</power>
     <gpxtpx:TrackPointExtension>
      <gpxtpx:hr>163</gpxtpx:hr>
     </gpxtpx:TrackPointExtension>
    </extensions>
   </trkpt>
   <trkpt lat="52.5181780" lon="13.2413330">
    <ele>67.4</ele>
    <time>2025-09-18T14:37:05Z</time>
    <extensions>
     <power>281</power>
     <gpxtpx:TrackPointExtension>
      <gpxtpx:hr>163</gpxtpx:hr>
     </gpxtpx:TrackPointExtension>
    </extensions>
   </trkpt>
   <trkpt lat="52.5181850" lon="13.2412580">
    <ele>67.4</ele>
    <time>2025-09-18T14:37:06Z</time>
    <extensions>
     <power>281</power>
     <gpxtpx:TrackPointExtension>
      <gpxtpx:hr>163</gpxtpx:hr>
     </gpxtpx:TrackPointExtension>
    </extensions>
   </trkpt>
   <trkpt lat="52.5181840" lon="13.2412270">
    <ele>67.4</ele>
    <time>2025-09-18T14:37:07Z</time>
    <extensions>
     <power>281</power>
     <gpxtpx:TrackPointExtension>
      <gpxtpx:hr>163</gpxtpx:hr>
     </gpxtpx:TrackPointExtension>
    </extensions>
   </trkpt>
   <trkpt lat="52.5181830" lon="13.2411970">
    <ele>67.6</ele>
    <time>2025-09-18T14:37:08Z</time>
    <extensions>
     <power>274</power>
     <gpxtpx:TrackPointExtension>
      <gpxtpx:hr>163</gpxtpx:hr>
     </gpxtpx:TrackPointExtension>
    </extensions>
   </trkpt>
   <trkpt lat="52.5181740" lon="13.2411250">
    <ele>67.6</ele>
    <time>2025-09-18T14:37:09Z</time>
    <extensions>
     <power>274</power>
     <gpxtpx:TrackPointExtension>
      <gpxtpx:hr>165</gpxtpx:hr>
     </gpxtpx:TrackPointExtension>
    </extensions>
   </trkpt>
   <trkpt lat="52.5181700" lon="13.2411010">
    <ele>67.6</ele>
    <time>2025-09-18T14:37:10Z</time>
    <extensions>
     <power>279</power>
     <gpxtpx:TrackPointExtension>
      <gpxtpx:hr>165</gpxtpx:hr>
     </gpxtpx:TrackPointExtension>
    </extensions>
   </trkpt>
   <trkpt lat="52.5181550" lon="13.2410190">
    <ele>67.6</ele>
    <time>2025-09-18T14:37:11Z</time>
    <extensions>
     <power>279</power>
     <gpxtpx:TrackPointExtension>
      <gpxtpx:hr>164</gpxtpx:hr>
     </gpxtpx:TrackPointExtension>
    </extensions>
   </trkpt>
   <trkpt lat="52.5181470" lon="13.2409880">
    <ele>67.6</ele>
    <time>2025-09-18T14:37:12Z</time>
    <extensions>
     <power>279</power>
     <gpxtpx:TrackPointExtension>
      <gpxtpx:hr>164</gpxtpx:hr>
     </gpxtpx:TrackPointExtension>
    </extensions>
   </trkpt>
   <trkpt lat="52.5181400" lon="13.2409560">
    <ele>67.6</ele>
    <time>2025-09-18T14:37:13Z</time>
    <extensions>
     <power>278</power>
     <gpxtpx:TrackPointExtension>
      <gpxtpx:hr>164</gpxtpx:hr>
     </gpxtpx:TrackPointExtension>
    </extensions>
   </trkpt>
   <trkpt lat="52.5181160" lon="13.2408820">
    <ele>67.6</ele>
    <time>2025-09-18T14:37:14Z</time>
    <extensions>
     <power>278</power>
     <gpxtpx:TrackPointExtension>
      <gpxtpx:hr>164</gpxtpx:hr>
     </gpxtpx:TrackPointExtension>
    </extensions>
   </trkpt>
   <trkpt lat="52.5181050" lon="13.2408530">
    <ele>67.8</ele>
    <time>2025-09-18T14:37:15Z</time>
    <extensions>
     <power>278</power>
     <gpxtpx:TrackPointExtension>
      <gpxtpx:hr>164</gpxtpx:hr>
     </gpxtpx:TrackPointExtension>
    </extensions>
   </trkpt>
   <trkpt lat="52.5180950" lon="13.2408240">
    <ele>67.8</ele>
    <time>2025-09-18T14:37:16Z</time>
    <extensions>
     <power>279</power>
     <gpxtpx:TrackPointExtension>
      <gpxtpx:hr>164</gpxtpx:hr>
     </gpxtpx:TrackPointExtension>
    </extensions>
   </trkpt>
   <trkpt lat="52.5180710" lon="13.2407600">
    <ele>67.8</ele>
    <time>2025-09-18T14:37:17Z</time>
    <extensions>
     <power>279</power>
     <gpxtpx:TrackPointExtension>
      <gpxtpx:hr>164</gpxtpx:hr>
     </gpxtpx:TrackPointExtension>
    </extensions>
   </trkpt>
   <trkpt lat="52.5180630" lon="13.2407390">
    <ele>67.8</ele>
    <time>2025-09-18T14:37:18Z</time>
    <extensions>
     <power>278</power>
     <gpxtpx:TrackPointExtension>
      <gpxtpx:hr>164</gpxtpx:hr>
     </gpxtpx:TrackPointExtension>
    </extensions>
   </trkpt>
   <trkpt lat="52.5180370" lon="13.2406710">
    <ele>67.8</ele>
    <time>2025-09-18T14:37:19Z</time>
    <extensions>
     <power>278</power>
     <gpxtpx:TrackPointExtension>
      <gpxtpx:hr>164</gpxtpx:hr>
     </gpxtpx:TrackPointExtension>
    </extensions>
   </trkpt>
   <trkpt lat="52.5180260" lon="13.2406440">
    <ele>67.8</ele>
    <time>2025-09-18T14:37:20Z</time>
    <extensions>
     <power>278</power>
     <gpxtpx:TrackPointExtension>
      <gpxtpx:hr>162</gpxtpx:hr>
     </gpxtpx:TrackPointExtension>
    </extensions>
   </trkpt>
   <trkpt lat="52.5180140" lon="13.2406180">
    <ele>67.8</ele>
    <time>2025-09-18T14:37:21Z</time>
    <extensions>
     <power>276</power>
     <gpxtpx:TrackPointExtension>
      <gpxtpx:hr>162</gpxtpx:hr>
     </gpxtpx:TrackPointExtension>
    </extensions>
   </trkpt>
   <trkpt lat="52.5179860" lon="13.2405630">
    <ele>67.8</ele>
    <time>2025-09-18T14:37:22Z</time>
    <extensions>
     <power>276</power>
     <gpxtpx:TrackPointExtension>
      <gpxtpx:hr>162</gpxtpx:hr>
     </gpxtpx:TrackPointExtension>
    </extensions>
   </trkpt>
   <trkpt lat="52.5179760" lon="13.2405450">
    <ele>67.8</ele>
    <time>2025-09-18T14:37:23Z</time>
    <extensions>
     <power>276</power>
     <gpxtpx:TrackPointExtension>
      <gpxtpx:hr>162</gpxtpx:hr>
     </gpxtpx:TrackPointExtension>
    </extensions>
   </trkpt>
   <trkpt lat="52.5179460" lon="13.2404800">
    <ele>67.8</ele>
    <time>2025-09-18T14:37:24Z</time>
    <extensions>
     <power>276</power>
     <gpxtpx:TrackPointExtension>
      <gpxtpx:hr>162</gpxtpx:hr>
     </gpxtpx:TrackPointExtension>
    </extensions>
   </trkpt>
   <trkpt lat="52.5179340" lon="13.2404530">
    <ele>68.0</ele>
    <time>2025-09-18T14:37:25Z</time>
    <extensions>
     <power>276</power>
     <gpxtpx:TrackPointExtension>
      <gpxtpx:hr>162</gpxtpx:hr>
     </gpxtpx:TrackPointExtension>
    </extensions>
   </trkpt>
   <trkpt lat="52.5179220" lon="13.2404260">
    <ele>68.0</ele>
    <time>2025-09-18T14:37:26Z</time>
    <extensions>
     <power>279</power>
     <gpxtpx:TrackPointExtension>
      <gpxtpx:hr>162</gpxtpx:hr>
     </gpxtpx:TrackPointExtension>
    </extensions>
   </trkpt>
   <trkpt lat="52.5178960" lon="13.2403610">
    <ele>68.0</ele>
    <time>2025-09-18T14:37:27Z</time>
    <extensions>
     <power>279</power>
     <gpxtpx:TrackPointExtension>
      <gpxtpx:hr>162</gpxtpx:hr>
     </gpxtpx:TrackPointExtension>
    </extensions>
   </trkpt>
   <trkpt lat="52.5178870" lon="13.2403390">
    <ele>68.0</ele>
    <time>2025-09-18T14:37:28Z</time>
    <extensions>
     <power>279</power>
     <gpxtpx:TrackPointExtension>
      <gpxtpx:hr>162</gpxtpx:hr>
     </gpxtpx:TrackPointExtension>
    </extensions>
   </trkpt>
   <trkpt lat="52.5178590" lon="13.2402630">
    <ele>68.0</ele>
    <time>2025-09-18T14:37:29Z</time>
    <extensions>
     <power>279</power>
     <gpxtpx:TrackPointExtension>
      <gpxtpx:hr>162</gpxtpx:hr>
     </gpxtpx:TrackPointExtension>
    </extensions>
   </trkpt>
   <trkpt lat="52.5178470" lon="13.2402320">
    <ele>67.8</ele>
    <time>2025-09-18T14:37:30Z</time>
    <extensions>
     <power>279</power>
     <gpxtpx:TrackPointExtension>
      <gpxtpx:hr>162</gpxtpx:hr>
     </gpxtpx:TrackPointExtension>
    </extensions>
   </trkpt>
   <trkpt lat="52.5178360" lon="13.2402010">
    <ele>67.8</ele>
    <time>2025-09-18T14:37:31Z</time>
    <extensions>
     <power>287</power>
     <gpxtpx:TrackPointExtension>
      <gpxtpx:hr>162</gpxtpx:hr>
     </gpxtpx:TrackPointExtension>
    </extensions>
   </trkpt>
   <trkpt lat="52.5178140" lon="13.2401250">
    <ele>67.8</ele>
    <time>2025-09-18T14:37:32Z</time>
    <extensions>
     <power>287</power>
     <gpxtpx:TrackPointExtension>
      <gpxtpx:hr>162</gpxtpx:hr>
     </gpxtpx:TrackPointExtension>
    </extensions>
   </trkpt>
   <trkpt lat="52.5178070" lon="13.2400940">
    <ele>67.8</ele>
    <time>2025-09-18T14:37:33Z</time>
    <extensions>
     <power>287</power>
     <gpxtpx:TrackPointExtension>
      <gpxtpx:hr>162</gpxtpx:hr>
     </gpxtpx:TrackPointExtension>
    </extensions>
   </trkpt>
   <trkpt lat="52.5177990" lon="13.2400630">
    <ele>67.8</ele>
    <time>2025-09-18T14:37:34Z</time>
    <extensions>
     <power>285</power>
     <gpxtpx:TrackPointExtension>
      <gpxtpx:hr>162</gpxtpx:hr>
     </gpxtpx:TrackPointExtension>
    </extensions>
   </trkpt>
   <trkpt lat="52.5177860" lon="13.2399920">
    <ele>67.8</ele>
    <time>2025-09-18T14:37:35Z</time>
    <extensions>
     <power>285</power>
     <gpxtpx:TrackPointExtension>
      <gpxtpx:hr>162</gpxtpx:hr>
     </gpxtpx:TrackPointExtension>
    </extensions>
   </trkpt>
   <trkpt lat="52.5177810" lon="13.2399680">
    <ele>67.8</ele>
    <time>2025-09-18T14:37:36Z</time>
    <extensions>
     <power>284</power>
     <gpxtpx:TrackPointExtension>
      <gpxtpx:hr>162</gpxtpx:hr>
     </gpxtpx:TrackPointExtension>
    </extensions>
   </trkpt>
   <trkpt lat="52.5177630" lon="13.2398870">
    <ele>67.8</ele>
    <time>2025-09-18T14:37:37Z</time>
    <extensions>
     <power>284</power>
     <gpxtpx:TrackPointExtension>
      <gpxtpx:hr>162</gpxtpx:hr>
     </gpxtpx:TrackPointExtension>
    </extensions>
   </trkpt>
   <trkpt lat="52.5177540" lon="13.2398550">
    <ele>67.8</ele>
    <time>2025-09-18T14:37:38Z</time>
    <extensions>
     <power>284</power>
     <gpxtpx:TrackPointExtension>
      <gpxtpx:hr>162</gpxtpx:hr>
     </gpxtpx:TrackPointExtension>
    </extensions>
   </trkpt>
   <trkpt lat="52.5177460" lon="13.2398230">
    <ele>67.8</ele>
    <time>2025-09-18T14:37:39Z</time>
    <extensions>
     <power>286</power>
     <gpxtpx:TrackPointExtension>
      <gpxtpx:hr>163</gpxtpx:hr>
     </gpxtpx:TrackPointExtension>
    </extensions>
   </trkpt>
   <trkpt lat="52.5177220" lon="13.2397530">
    <ele>68.0</ele>
    <time>2025-09-18T14:37:40Z</time>
    <extensions>
     <power>286</power>
     <gpxtpx:TrackPointExtension>
      <gpxtpx:hr>163</gpxtpx:hr>
     </gpxtpx:TrackPointExtension>
    </extensions>
   </trkpt>
   <trkpt lat="52.5177140" lon="13.2397290">
    <ele>68.0</ele>
    <time>2025-09-18T14:37:41Z</time>
    <extensions>
     <power>294</power>
     <gpxtpx:TrackPointExtension>
      <gpxtpx:hr>163</gpxtpx:hr>
     </gpxtpx:TrackPointExtension>
    </extensions>
   </trkpt>
   <trkpt lat="52.5176860" lon="13.2396540">
    <ele>68.0</ele>
    <time>2025-09-18T14:37:42Z</time>
    <extensions>
     <power>294</power>
     <gpxtpx:TrackPointExtension>
      <gpxtpx:hr>163</gpxtpx:hr>
     </gpxtpx:TrackPointExtension>
    </extensions>
   </trkpt>
   <trkpt lat="52.5176760" lon="13.2396240">
    <ele>68.0</ele>
    <time>2025-09-18T14:37:43Z</time>
    <extensions>
     <power>294</power>
     <gpxtpx:TrackPointExtension>
      <gpxtpx:hr>164</gpxtpx:hr>
     </gpxtpx:TrackPointExtension>
    </extensions>
   </trkpt>
   <trkpt lat="52.5176650" lon="13.2395950">
    <ele>68.0</ele>
    <time>2025-09-18T14:37:44Z</time>
    <extensions>
     <power>295</power>
     <gpxtpx:TrackPointExtension>
      <gpxtpx:hr>164</gpxtpx:hr>
     </gpxtpx:TrackPointExtension>
    </extensions>
   </trkpt>
   <trkpt lat="52.5176400" lon="13.2395320">
    <ele>68.0</ele>
    <time>2025-09-18T14:37:45Z</time>
    <extensions>
     <power>295</power>
     <gpxtpx:TrackPointExtension>
      <gpxtpx:hr>164</gpxtpx:hr>
     </gpxtpx:TrackPointExtension>
    </extensions>
   </trkpt>
   <trkpt lat="52.5176290" lon="13.2395070">
    <ele>68.0</ele>
    <time>2025-09-18T14:37:46Z</time>
    <extensions>
     <power>295</power>
     <gpxtpx:TrackPointExtension>
      <gpxtpx:hr>164</gpxtpx:hr>
     </gpxtpx:TrackPointExtension>
    </extensions>
   </trkpt>
   <trkpt lat="52.5176190" lon="13.2394820">
    <ele>68.0</ele>
    <time>2025-09-18T14:37:47Z</time>
    <extensions>
     <power>288</power>
     <gpxtpx:TrackPointExtension>
      <gpxtpx:hr>164</gpxtpx:hr>
     </gpxtpx:TrackPointExtension>
    </extensions>
   </trkpt>
   <trkpt lat="52.5175960" lon="13.2394220">
    <ele>68.0</ele>
    <time>2025-09-18T14:37:48Z</time>
    <extensions>
     <power>288</power>
     <gpxtpx:TrackPointExtension>
      <gpxtpx:hr>164</gpxtpx:hr>
     </gpxtpx:TrackPointExtension>
    </extensions>
   </trkpt>
   <trkpt lat="52.5175880" lon="13.2394020">
    <ele>68.0</ele>
    <time>2025-09-18T14:37:49Z</time>
    <extensions>
     <power>289</power>
     <gpxtpx:TrackPointExtension>
      <gpxtpx:hr>164</gpxtpx:hr>
     </gpxtpx:TrackPointExtension>
    </extensions>
   </trkpt>
   <trkpt lat="52.5175630" lon="13.2393330">
    <ele>68.0</ele>
    <time>2025-09-18T14:37:50Z</time>
    <extensions>
     <power>289</power>
     <gpxtpx:TrackPointExtension>
      <gpxtpx:hr>166</gpxtpx:hr>
     </gpxtpx:TrackPointExtension>
    </extensions>
   </trkpt>
   <trkpt lat="52.5175520" lon="13.2393060">
    <ele>68.2</ele>
    <time>2025-09-18T14:37:51Z</time>
    <extensions>
     <power>289</power>
     <gpxtpx:TrackPointExtension>
      <gpxtpx:hr>166</gpxtpx:hr>
     </gpxtpx:TrackPointExtension>
    </extensions>
   </trkpt>
   <trkpt lat="52.5175420" lon="13.2392780">
    <ele>68.0</ele>
    <time>2025-09-18T14:37:52Z</time>
    <extensions>
     <power>286</power>
     <gpxtpx:TrackPointExtension>
      <gpxtpx:hr>166</gpxtpx:hr>
     </gpxtpx:TrackPointExtension>
    </extensions>
   </trkpt>
   <trkpt lat="52.5175170" lon="13.2392150">
    <ele>68.2</ele>
    <time>2025-09-18T14:37:53Z</time>
    <extensions>
     <power>286</power>
     <gpxtpx:TrackPointExtension>
      <gpxtpx:hr>166</gpxtpx:hr>
     </gpxtpx:TrackPointExtension>
    </extensions>
   </trkpt>
   <trkpt lat="52.5175090" lon="13.2391950">
    <ele>68.2</ele>
    <time>2025-09-18T14:37:54Z</time>
    <extensions>
     <power>289</power>
     <gpxtpx:TrackPointExtension>
      <gpxtpx:hr>166</gpxtpx:hr>
     </gpxtpx:TrackPointExtension>
    </extensions>
   </trkpt>
   <trkpt lat="52.5174860" lon="13.2391250">
    <ele>68.2</ele>
    <time>2025-09-18T14:37:55Z</time>
    <extensions>
     <power>289</power>
     <gpxtpx:TrackPointExtension>
      <gpxtpx:hr>166</gpxtpx:hr>
     </gpxtpx:TrackPointExtension>
    </extensions>
   </trkpt>
   <trkpt lat="52.5174780" lon="13.2390970">
    <ele>68.4</ele>
    <time>2025-09-18T14:37:56Z</time>
    <extensions>
     <power>289</power>
     <gpxtpx:TrackPointExtension>
      <gpxtpx:hr>166</gpxtpx:hr>
     </gpxtpx:TrackPointExtension>
    </extensions>
   </trkpt>
   <trkpt lat="52.5174700" lon="13.2390690">
    <ele>68.4</ele>
    <time>2025-09-18T14:37:57Z</time>
    <extensions>
     <power>287</power>
     <gpxtpx:TrackPointExtension>
      <gpxtpx:hr>166</gpxtpx:hr>
     </gpxtpx:TrackPointExtension>
    </extensions>
   </trkpt>
   <trkpt lat="52.5174550" lon="13.2390040">
    <ele>68.4</ele>
    <time>2025-09-18T14:37:58Z</time>
    <extensions>
     <power>287</power>
     <gpxtpx:TrackPointExtension>
      <gpxtpx:hr>166</gpxtpx:hr>
     </gpxtpx:TrackPointExtension>
    </extensions>
   </trkpt>
   <trkpt lat="52.5174500" lon="13.2389830">
    <ele>68.4</ele>
    <time>2025-09-18T14:37:59Z</time>
    <extensions>
     <power>286</power>
     <gpxtpx:TrackPointExtension>
      <gpxtpx:hr>166</gpxtpx:hr>
     </gpxtpx:TrackPointExtension>
    </extensions>
   </trkpt>
   <trkpt lat="52.5174280" lon="13.2389140">
    <ele>68.4</ele>
    <time>2025-09-18T14:38:00Z</time>
    <extensions>
     <power>286</power>
     <gpxtpx:TrackPointExtension>
      <gpxtpx:hr>167</gpxtpx:hr>
     </gpxtpx:TrackPointExtension>
    </extensions>
   </trkpt>
   <trkpt lat="52.5174190" lon="13.2388860">
    <ele>68.4</ele>
    <time>2025-09-18T14:38:01Z</time>
    <extensions>
     <power>286</power>
     <gpxtpx:TrackPointExtension>
      <gpxtpx:hr>167</gpxtpx:hr>
     </gpxtpx:TrackPointExtension>
    </extensions>
   </trkpt>
   <trkpt lat="52.5174090" lon="13.2388590">
    <ele>68.6</ele>
    <time>2025-09-18T14:38:02Z</time>
    <extensions>
     <power>284</power>
     <gpxtpx:TrackPointExtension>
      <gpxtpx:hr>167</gpxtpx:hr>
     </gpxtpx:TrackPointExtension>
    </extensions>
   </trkpt>
   <trkpt lat="52.5173820" lon="13.2387910">
    <ele>68.6</ele>
    <time>2025-09-18T14:38:03Z</time>
    <extensions>
     <power>284</power>
     <gpxtpx:TrackPointExtension>
      <gpxtpx:hr>167</gpxtpx:hr>
     </gpxtpx:TrackPointExtension>
    </extensions>
   </trkpt>
   <trkpt lat="52.5173700" lon="13.2387640">
    <ele>68.6</ele>
    <time>2025-09-18T14:38:04Z</time>
    <extensions>
     <power>284</power>
     <gpxtpx:TrackPointExtension>
      <gpxtpx:hr>167</gpxtpx:hr>
     </gpxtpx:TrackPointExtension>
    </extensions>
   </trkpt>
   <trkpt lat="52.5173590" lon="13.2387370">
    <ele>68.8</ele>
    <time>2025-09-18T14:38:05Z</time>
    <extensions>
     <power>283</power>
     <gpxtpx:TrackPointExtension>
      <gpxtpx:hr>168</gpxtpx:hr>
     </gpxtpx:TrackPointExtension>
    </extensions>
   </trkpt>
   <trkpt lat="52.5173370" lon="13.2386730">
    <ele>68.8</ele>
    <time>2025-09-18T14:38:06Z</time>
    <extensions>
     <power>283</power>
     <gpxtpx:TrackPointExtension>
      <gpxtpx:hr>168</gpxtpx:hr>
     </gpxtpx:TrackPointExtension>
    </extensions>
   </trkpt>
   <trkpt lat="52.5173290" lon="13.2386520">
    <ele>68.8</ele>
    <time>2025-09-18T14:38:07Z</time>
    <extensions>
     <power>280</power>
     <gpxtpx:TrackPointExtension>
      <gpxtpx:hr>168</gpxtpx:hr>
     </gpxtpx:TrackPointExtension>
    </extensions>
   </trkpt>
   <trkpt lat="52.5173030" lon="13.2385830">
    <ele>69.0</ele>
    <time>2025-09-18T14:38:08Z</time>
    <extensions>
     <power>280</power>
     <gpxtpx:TrackPointExtension>
      <gpxtpx:hr>168</gpxtpx:hr>
     </gpxtpx:TrackPointExtension>
    </extensions>
   </trkpt>
   <trkpt lat="52.5172920" lon="13.2385570">
    <ele>69.0</ele>
    <time>2025-09-18T14:38:09Z</time>
    <extensions>
     <power>280</power>
     <gpxtpx:TrackPointExtension>
      <gpxtpx:hr>169</gpxtpx:hr>
     </gpxtpx:TrackPointExtension>
    </extensions>
   </trkpt>
   <trkpt lat="52.5172810" lon="13.2385300">
    <ele>69.2</ele>
    <time>2025-09-18T14:38:10Z</time>
    <extensions>
     <power>282</power>
     <gpxtpx:TrackPointExtension>
      <gpxtpx:hr>169</gpxtpx:hr>
     </gpxtpx:TrackPointExtension>
    </extensions>
   </trkpt>
   <trkpt lat="52.5172550" lon="13.2384700">
    <ele>69.2</ele>
    <time>2025-09-18T14:38:11Z</time>
    <extensions>
     <power>282</power>
     <gpxtpx:TrackPointExtension>
      <gpxtpx:hr>169</gpxtpx:hr>
     </gpxtpx:TrackPointExtension>
    </extensions>
   </trkpt>
   <trkpt lat="52.5172460" lon="13.2384500">
    <ele>69.2</ele>
    <time>2025-09-18T14:38:12Z</time>
    <extensions>
     <power>284</power>
     <gpxtpx:TrackPointExtension>
      <gpxtpx:hr>169</gpxtpx:hr>
     </gpxtpx:TrackPointExtension>
    </extensions>
   </trkpt>
   <trkpt lat="52.5172190" lon="13.2383830">
    <ele>69.4</ele>
    <time>2025-09-18T14:38:13Z</time>
    <extensions>
     <power>284</power>
     <gpxtpx:TrackPointExtension>
      <gpxtpx:hr>169</gpxtpx:hr>
     </gpxtpx:TrackPointExtension>
    </extensions>
   </trkpt>
   <trkpt lat="52.5172090" lon="13.2383560">
    <ele>69.4</ele>
    <time>2025-09-18T14:38:14Z</time>
    <extensions>
     <power>284</power>
     <gpxtpx:TrackPointExtension>
      <gpxtpx:hr>169</gpxtpx:hr>
     </gpxtpx:TrackPointExtension>
    </extensions>
   </trkpt>
   <trkpt lat="52.5171980" lon="13.2383290">
    <ele>69.4</ele>
    <time>2025-09-18T14:38:15Z</time>
    <extensions>
     <power>282</power>
     <gpxtpx:TrackPointExtension>
      <gpxtpx:hr>169</gpxtpx:hr>
     </gpxtpx:TrackPointExtension>
    </extensions>
   </trkpt>
   <trkpt lat="52.5171760" lon="13.2382660">
    <ele>69.4</ele>
    <time>2025-09-18T14:38:16Z</time>
    <extensions>
     <power>282</power>
     <gpxtpx:TrackPointExtension>
      <gpxtpx:hr>169</gpxtpx:hr>
     </gpxtpx:TrackPointExtension>
    </extensions>
   </trkpt>
   <trkpt lat="52.5171690" lon="13.2382450">
    <ele>69.4</ele>
    <time>2025-09-18T14:38:17Z</time>
    <extensions>
     <power>282</power>
     <gpxtpx:TrackPointExtension>
      <gpxtpx:hr>169</gpxtpx:hr>
     </gpxtpx:TrackPointExtension>
    </extensions>
   </trkpt>
   <trkpt lat="52.5171440" lon="13.2381760">
    <ele>69.6</ele>
    <time>2025-09-18T14:38:18Z</time>
    <extensions>
     <power>282</power>
     <gpxtpx:TrackPointExtension>
      <gpxtpx:hr>169</gpxtpx:hr>
     </gpxtpx:TrackPointExtension>
    </extensions>
   </trkpt>
   <trkpt lat="52.5171330" lon="13.2381500">
    <ele>69.6</ele>
    <time>2025-09-18T14:38:19Z</time>
    <extensions>
     <power>282</power>
     <gpxtpx:TrackPointExtension>
      <gpxtpx:hr>169</gpxtpx:hr>
     </gpxtpx:TrackPointExtension>
    </extensions>
   </trkpt>
   <trkpt lat="52.5171230" lon="13.2381230">
    <ele>69.6</ele>
    <time>2025-09-18T14:38:20Z</time>
    <extensions>
     <power>280</power>
     <gpxtpx:TrackPointExtension>
      <gpxtpx:hr>169</gpxtpx:hr>
     </gpxtpx:TrackPointExtension>
    </extensions>
   </trkpt>
   <trkpt lat="52.5170960" lon="13.2380560">
    <ele>69.6</ele>
    <time>2025-09-18T14:38:21Z</time>
    <extensions>
     <power>280</power>
     <gpxtpx:TrackPointExtension>
      <gpxtpx:hr>168</gpxtpx:hr>
     </gpxtpx:TrackPointExtension>
    </extensions>
   </trkpt>
   <trkpt lat="52.5170860" lon="13.2380290">
    <ele>69.6</ele>
    <time>2025-09-18T14:38:22Z</time>
    <extensions>
     <power>280</power>
     <gpxtpx:TrackPointExtension>
      <gpxtpx:hr>168</gpxtpx:hr>
     </gpxtpx:TrackPointExtension>
    </extensions>
   </trkpt>
   <trkpt lat="52.5170750" lon="13.2380020">
    <ele>69.6</ele>
    <time>2025-09-18T14:38:23Z</time>
    <extensions>
     <power>279</power>
     <gpxtpx:TrackPointExtension>
      <gpxtpx:hr>168</gpxtpx:hr>
     </gpxtpx:TrackPointExtension>
    </extensions>
   </trkpt>
   <trkpt lat="52.5170480" lon="13.2379420">
    <ele>69.6</ele>
    <time>2025-09-18T14:38:24Z</time>
    <extensions>
     <power>279</power>
     <gpxtpx:TrackPointExtension>
      <gpxtpx:hr>168</gpxtpx:hr>
     </gpxtpx:TrackPointExtension>
    </extensions>
   </trkpt>
   <trkpt lat="52.5170390" lon="13.2379220">
    <ele>69.6</ele>
    <time>2025-09-18T14:38:25Z</time>
    <extensions>
     <power>280</power>
     <gpxtpx:TrackPointExtension>
      <gpxtpx:hr>168</gpxtpx:hr>
     </gpxtpx:TrackPointExtension>
    </extensions>
   </trkpt>
   <trkpt lat="52.5170120" lon="13.2378580">
    <ele>69.6</ele>
    <time>2025-09-18T14:38:26Z</time>
    <extensions>
     <power>280</power>
     <gpxtpx:TrackPointExtension>
      <gpxtpx:hr>168</gpxtpx:hr>
     </gpxtpx:TrackPointExtension>
    </extensions>
   </trkpt>
   <trkpt lat="52.5170010" lon="13.2378330">
    <ele>69.6</ele>
    <time>2025-09-18T14:38:27Z</time>
    <extensions>
     <power>280</power>
     <gpxtpx:TrackPointExtension>
      <gpxtpx:hr>168</gpxtpx:hr>
     </gpxtpx:TrackPointExtension>
    </extensions>
   </trkpt>
   <trkpt lat="52.5169910" lon="13.2378070">
    <ele>69.6</ele>
    <time>2025-09-18T14:38:28Z</time>
    <extensions>
     <power>277</power>
     <gpxtpx:TrackPointExtension>
      <gpxtpx:hr>167</gpxtpx:hr>
     </gpxtpx:TrackPointExtension>
    </extensions>
   </trkpt>
   <trkpt lat="52.5169720" lon="13.2377460">
    <ele>69.4</ele>
    <time>2025-09-18T14:38:29Z</time>
    <extensions>
     <power>277</power>
     <gpxtpx:TrackPointExtension>
      <gpxtpx:hr>167</gpxtpx:hr>
     </gpxtpx:TrackPointExtension>
    </extensions>
   </trkpt>
   <trkpt lat="52.5169650" lon="13.2377250">
    <ele>69.4</ele>
    <time>2025-09-18T14:38:30Z</time>
    <extensions>
     <power>277</power>
     <gpxtpx:TrackPointExtension>
      <gpxtpx:hr>167</gpxtpx:hr>
     </gpxtpx:TrackPointExtension>
    </extensions>
   </trkpt>
   <trkpt lat="52.5169450" lon="13.2376540">
    <ele>69.4</ele>
    <time>2025-09-18T14:38:31Z</time>
    <extensions>
     <power>277</power>
     <gpxtpx:TrackPointExtension>
      <gpxtpx:hr>167</gpxtpx:hr>
     </gpxtpx:TrackPointExtension>
    </extensions>
   </trkpt>
   <trkpt lat="52.5169370" lon="13.2376250">
    <ele>69.4</ele>
    <time>2025-09-18T14:38:32Z</time>
    <extensions>
     <power>277</power>
     <gpxtpx:TrackPointExtension>
      <gpxtpx:hr>167</gpxtpx:hr>
     </gpxtpx:TrackPointExtension>
    </extensions>
   </trkpt>
   <trkpt lat="52.5169290" lon="13.2375970">
    <ele>69.4</ele>
    <time>2025-09-18T14:38:33Z</time>
    <extensions>
     <power>277</power>
     <gpxtpx:TrackPointExtension>
      <gpxtpx:hr>167</gpxtpx:hr>
     </gpxtpx:TrackPointExtension>
    </extensions>
   </trkpt>
   <trkpt lat="52.5169110" lon="13.2375280">
    <ele>69.2</ele>
    <time>2025-09-18T14:38:34Z</time>
    <extensions>
     <power>277</power>
     <gpxtpx:TrackPointExtension>
      <gpxtpx:hr>167</gpxtpx:hr>
     </gpxtpx:TrackPointExtension>
    </extensions>
   </trkpt>
   <trkpt lat="52.5169040" lon="13.2375010">
    <ele>69.2</ele>
    <time>2025-09-18T14:38:35Z</time>
    <extensions>
     <power>277</power>
     <gpxtpx:TrackPointExtension>
      <gpxtpx:hr>167</gpxtpx:hr>
     </gpxtpx:TrackPointExtension>
    </extensions>
   </trkpt>
   <trkpt lat="52.5168980" lon="13.2374730">
    <ele>69.2</ele>
    <time>2025-09-18T14:38:36Z</time>
    <extensions>
     <power>275</power>
     <gpxtpx:TrackPointExtension>
      <gpxtpx:hr>167</gpxtpx:hr>
     </gpxtpx:TrackPointExtension>
    </extensions>
   </trkpt>
   <trkpt lat="52.5168820" lon="13.2374100">
    <ele>69.2</ele>
    <time>2025-09-18T14:38:37Z</time>
    <extensions>
     <power>275</power>
     <gpxtpx:TrackPointExtension>
      <gpxtpx:hr>167</gpxtpx:hr>
     </gpxtpx:TrackPointExtension>
    </extensions>
   </trkpt>
   <trkpt lat="52.5168760" lon="13.2373890">
    <ele>69.2</ele>
    <time>2025-09-18T14:38:38Z</time>
    <extensions>
     <power>275</power>
     <gpxtpx:TrackPointExtension>
      <gpxtpx:hr>167</gpxtpx:hr>
     </gpxtpx:TrackPointExtension>
    </extensions>
   </trkpt>
   <trkpt lat="52.5168560" lon="13.2373200">
    <ele>69.2</ele>
    <time>2025-09-18T14:38:39Z</time>
    <extensions>
     <power>275</power>
     <gpxtpx:TrackPointExtension>
      <gpxtpx:hr>167</gpxtpx:hr>
     </gpxtpx:TrackPointExtension>
    </extensions>
   </trkpt>
   <trkpt lat="52.5168480" lon="13.2372910">
    <ele>69.2</ele>
    <time>2025-09-18T14:38:40Z</time>
    <extensions>
     <power>275</power>
     <gpxtpx:TrackPointExtension>
      <gpxtpx:hr>170</gpxtpx:hr>
     </gpxtpx:TrackPointExtension>
    </extensions>
   </trkpt>
   <trkpt lat="52.5168400" lon="13.2372630">
    <ele>69.0</ele>
    <time>2025-09-18T14:38:41Z</time>
    <extensions>
     <power>276</power>
     <gpxtpx:TrackPointExtension>
      <gpxtpx:hr>170</gpxtpx:hr>
     </gpxtpx:TrackPointExtension>
    </extensions>
   </trkpt>
   <trkpt lat="52.5168260" lon="13.2371980">
    <ele>69.0</ele>
    <time>2025-09-18T14:38:42Z</time>
    <extensions>
     <power>276</power>
     <gpxtpx:TrackPointExtension>
      <gpxtpx:hr>170</gpxtpx:hr>
     </gpxtpx:TrackPointExtension>
    </extensions>
   </trkpt>
   <trkpt lat="52.5168210" lon="13.2371770">
    <ele>69.0</ele>
    <time>2025-09-18T14:38:43Z</time>
    <extensions>
     <power>272</power>
     <gpxtpx:TrackPointExtension>
      <gpxtpx:hr>170</gpxtpx:hr>
     </gpxtpx:TrackPointExtension>
    </extensions>
   </trkpt>
   <trkpt lat="52.5168010" lon="13.2371110">
    <ele>69.0</ele>
    <time>2025-09-18T14:38:44Z</time>
    <extensions>
     <power>272</power>
     <gpxtpx:TrackPointExtension>
      <gpxtpx:hr>170</gpxtpx:hr>
     </gpxtpx:TrackPointExtension>
    </extensions>
   </trkpt>
   <trkpt lat="52.5167930" lon="13.2370860">
    <ele>69.0</ele>
    <time>2025-09-18T14:38:45Z</time>
    <extensions>
     <power>272</power>
     <gpxtpx:TrackPointExtension>
      <gpxtpx:hr>170</gpxtpx:hr>
     </gpxtpx:TrackPointExtension>
    </extensions>
   </trkpt>
   <trkpt lat="52.5167840" lon="13.2370600">
    <ele>69.0</ele>
    <time>2025-09-18T14:38:46Z</time>
    <extensions>
     <power>269</power>
     <gpxtpx:TrackPointExtension>
      <gpxtpx:hr>170</gpxtpx:hr>
     </gpxtpx:TrackPointExtension>
    </extensions>
   </trkpt>
   <trkpt lat="52.5167630" lon="13.2370010">
    <ele>69.0</ele>
    <time>2025-09-18T14:38:47Z</time>
    <extensions>
     <power>269</power>
     <gpxtpx:TrackPointExtension>
      <gpxtpx:hr>170</gpxtpx:hr>
     </gpxtpx:TrackPointExtension>
    </extensions>
   </trkpt>
   <trkpt lat="52.5167550" lon="13.2369820">
    <ele>69.2</ele>
    <time>2025-09-18T14:38:48Z</time>
    <extensions>
     <power>266</power>
     <gpxtpx:TrackPointExtension>
      <gpxtpx:hr>170</gpxtpx:hr>
     </gpxtpx:TrackPointExtension>
    </extensions>
   </trkpt>
   <trkpt lat="52.5167290" lon="13.2369160">
    <ele>69.2</ele>
    <time>2025-09-18T14:38:49Z</time>
    <extensions>
     <power>266</power>
     <gpxtpx:TrackPointExtension>
      <gpxtpx:hr>170</gpxtpx:hr>
     </gpxtpx:TrackPointExtension>
    </extensions>
   </trkpt>
   <trkpt lat="52.5167180" lon="13.2368890">
    <ele>69.2</ele>
    <time>2025-09-18T14:38:50Z</time>
    <extensions>
     <power>266</power>
     <gpxtpx:TrackPointExtension>
      <gpxtpx:hr>171</gpxtpx:hr>
     </gpxtpx:TrackPointExtension>
    </extensions>
   </trkpt>
   <trkpt lat="52.5167070" lon="13.2368620">
    <ele>69.2</ele>
    <time>2025-09-18T14:38:51Z</time>
    <extensions>
     <power>268</power>
     <gpxtpx:TrackPointExtension>
      <gpxtpx:hr>171</gpxtpx:hr>
     </gpxtpx:TrackPointExtension>
    </extensions>
   </trkpt>
   <trkpt lat="52.5166790" lon="13.2367980">
    <ele>69.2</ele>
    <time>2025-09-18T14:38:52Z</time>
    <extensions>
     <power>268</power>
     <gpxtpx:TrackPointExtension>
      <gpxtpx:hr>171</gpxtpx:hr>
     </gpxtpx:TrackPointExtension>
    </extensions>
   </trkpt>
   <trkpt lat="52.5166680" lon="13.2367730">
    <ele>69.2</ele>
    <time>2025-09-18T14:38:53Z</time>
    <extensions>
     <power>268</power>
     <gpxtpx:TrackPointExtension>
      <gpxtpx:hr>171</gpxtpx:hr>
     </gpxtpx:TrackPointExtension>
    </extensions>
   </trkpt>
   <trkpt lat="52.5166570" lon="13.2367480">
    <ele>69.2</ele>
    <time>2025-09-18T14:38:54Z</time>
    <extensions>
     <power>271</power>
     <gpxtpx:TrackPointExtension>
      <gpxtpx:hr>172</gpxtpx:hr>
     </gpxtpx:TrackPointExtension>
    </extensions>
   </trkpt>
   <trkpt lat="52.5166340" lon="13.2366890">
    <ele>69.2</ele>
    <time>2025-09-18T14:38:55Z</time>
    <extensions>
     <power>271</power>
     <gpxtpx:TrackPointExtension>
      <gpxtpx:hr>172</gpxtpx:hr>
     </gpxtpx:TrackPointExtension>
    </extensions>
   </trkpt>
   <trkpt lat="52.5166260" lon="13.2366700">
    <ele>69.4</ele>
    <time>2025-09-18T14:38:56Z</time>
    <extensions>
     <power>274</power>
     <gpxtpx:TrackPointExtension>
      <gpxtpx:hr>172</gpxtpx:hr>
     </gpxtpx:TrackPointExtension>
    </extensions>
   </trkpt>
   <trkpt lat="52.5166020" lon="13.2366040">
    <ele>69.4</ele>
    <time>2025-09-18T14:38:57Z</time>
    <extensions>
     <power>274</power>
     <gpxtpx:TrackPointExtension>
      <gpxtpx:hr>172</gpxtpx:hr>
     </gpxtpx:TrackPointExtension>
    </extensions>
   </trkpt>
   <trkpt lat="52.5165930" lon="13.2365780">
    <ele>69.4</ele>
    <time>2025-09-18T14:38:58Z</time>
    <extensions>
     <power>274</power>
     <gpxtpx:TrackPointExtension>
      <gpxtpx:hr>172</gpxtpx:hr>
     </gpxtpx:TrackPointExtension>
    </extensions>
   </trkpt>
   <trkpt lat="52.5165840" lon="13.2365510">
    <ele>69.4</ele>
    <time>2025-09-18T14:38:59Z</time>
    <extensions>
     <power>271</power>
     <gpxtpx:TrackPointExtension>
      <gpxtpx:hr>172</gpxtpx:hr>
     </gpxtpx:TrackPointExtension>
    </extensions>
   </trkpt>
   <trkpt lat="52.5165660" lon="13.2364900">
    <ele>69.4</ele>
    <time>2025-09-18T14:39:00Z</time>
    <extensions>
     <power>271</power>
     <gpxtpx:TrackPointExtension>
      <gpxtpx:hr>171</gpxtpx:hr>
     </gpxtpx:TrackPointExtension>
    </extensions>
   </trkpt>
   <trkpt lat="52.5165600" lon="13.2364700">
    <ele>69.4</ele>
    <time>2025-09-18T14:39:01Z</time>
    <extensions>
     <power>270</power>
     <gpxtpx:TrackPointExtension>
      <gpxtpx:hr>171</gpxtpx:hr>
     </gpxtpx:TrackPointExtension>
    </extensions>
   </trkpt>
   <trkpt lat="52.5165470" lon="13.2364010">
    <ele>69.4</ele>
    <time>2025-09-18T14:39:02Z</time>
    <extensions>
     <power>270</power>
     <gpxtpx:TrackPointExtension>
      <gpxtpx:hr>171</gpxtpx:hr>
     </gpxtpx:TrackPointExtension>
    </extensions>
   </trkpt>
   <trkpt lat="52.5165420" lon="13.2363730">
    <ele>69.4</ele>
    <time>2025-09-18T14:39:03Z</time>
    <extensions>
     <power>270</power>
     <gpxtpx:TrackPointExtension>
      <gpxtpx:hr>171</gpxtpx:hr>
     </gpxtpx:TrackPointExtension>
    </extensions>
   </trkpt>
   <trkpt lat="52.5165380" lon="13.2363460">
    <ele>69.4</ele>
    <time>2025-09-18T14:39:04Z</time>
    <extensions>
     <power>267</power>
     <gpxtpx:TrackPointExtension>
      <gpxtpx:hr>171</gpxtpx:hr>
     </gpxtpx:TrackPointExtension>
    </extensions>
   </trkpt>
   <trkpt lat="52.5165370" lon="13.2362770">
    <ele>69.4</ele>
    <time>2025-09-18T14:39:05Z</time>
    <extensions>
     <power>267</power>
     <gpxtpx:TrackPointExtension>
      <gpxtpx:hr>171</gpxtpx:hr>
     </gpxtpx:TrackPointExtension>
    </extensions>
   </trkpt>
   <trkpt lat="52.5165400" lon="13.2362490">
    <ele>69.4</ele>
    <time>2025-09-18T14:39:06Z</time>
    <extensions>
     <power>267</power>
     <gpxtpx:TrackPointExtension>
      <gpxtpx:hr>169</gpxtpx:hr>
     </gpxtpx:TrackPointExtension>
    </extensions>
   </trkpt>
   <trkpt lat="52.5165420" lon="13.2362210">
    <ele>69.4</ele>
    <time>2025-09-18T14:39:07Z</time>
    <extensions>
     <power>264</power>
     <gpxtpx:TrackPointExtension>
      <gpxtpx:hr>169</gpxtpx:hr>
     </gpxtpx:TrackPointExtension>
    </extensions>
   </trkpt>
   <trkpt lat="52.5165600" lon="13.2361600">
    <ele>69.4</ele>
    <time>2025-09-18T14:39:08Z</time>
    <extensions>
     <power>264</power>
     <gpxtpx:TrackPointExtension>
      <gpxtpx:hr>169</gpxtpx:hr>
     </gpxtpx:TrackPointExtension>
    </extensions>
   </trkpt>
   <trkpt lat="52.5165680" lon="13.2361400">
    <ele>69.4</ele>
    <time>2025-09-18T14:39:09Z</time>
    <extensions>
     <power>260</power>
     <gpxtpx:TrackPointExtension>
      <gpxtpx:hr>169</gpxtpx:hr>
     </gpxtpx:TrackPointExtension>
    </extensions>
   </trkpt>
   <trkpt lat="52.5166020" lon="13.2360840">
    <ele>69.4</ele>
    <time>2025-09-18T14:39:10Z</time>
    <extensions>
     <power>260</power>
     <gpxtpx:TrackPointExtension>
      <gpxtpx:hr>169</gpxtpx:hr>
     </gpxtpx:TrackPointExtension>
    </extensions>
   </trkpt>
   <trkpt lat="52.5166170" lon="13.2360640">
    <ele>69.4</ele>
    <time>2025-09-18T14:39:11Z</time>
    <extensions>
     <power>260</power>
     <gpxtpx:TrackPointExtension>
      <gpxtpx:hr>169</gpxtpx:hr>
     </gpxtpx:TrackPointExtension>
    </extensions>
   </trkpt>
   <trkpt lat="52.5166330" lon="13.2360440">
    <ele>69.4</ele>
    <time>2025-09-18T14:39:12Z</time>
    <extensions>
     <power>274</power>
     <gpxtpx:TrackPointExtension>
      <gpxtpx:hr>169</gpxtpx:hr>
     </gpxtpx:TrackPointExtension>
    </extensions>
   </trkpt>
   <trkpt lat="52.5166690" lon="13.2360020">
    <ele>69.4</ele>
    <time>2025-09-18T14:39:13Z</time>
    <extensions>
     <power>274</power>
     <gpxtpx:TrackPointExtension>
      <gpxtpx:hr>169</gpxtpx:hr>
     </gpxtpx:TrackPointExtension>
    </extensions>
   </trkpt>
   <trkpt lat="52.5166810" lon="13.2359880">
    <ele>69.2</ele>
    <time>2025-09-18T14:39:14Z</time>
    <extensions>
     <power>275</power>
     <gpxtpx:TrackPointExtension>
      <gpxtpx:hr>169</gpxtpx:hr>
     </gpxtpx:TrackPointExtension>
    </extensions>
   </trkpt>
   <trkpt lat="52.5167230" lon="13.2359500">
    <ele>69.2</ele>
    <time>2025-09-18T14:39:15Z</time>
    <extensions>
     <power>275</power>
     <gpxtpx:TrackPointExtension>
      <gpxtpx:hr>169</gpxtpx:hr>
     </gpxtpx:TrackPointExtension>
    </extensions>
   </trkpt>
   <trkpt lat="52.5167410" lon="13.2359360">
    <ele>69.2</ele>
    <time>2025-09-18T14:39:16Z</time>
    <extensions>
     <power>275</power>
     <gpxtpx:TrackPointExtension>
      <gpxtpx:hr>168</gpxtpx:hr>
     </gpxtpx:TrackPointExtension>
    </extensions>
   </trkpt>
   <trkpt lat="52.5167580" lon="13.2359220">
    <ele>69.2</ele>
    <time>2025-09-18T14:39:17Z</time>
    <extensions>
     <power>276</power>
     <gpxtpx:TrackPointExtension>
      <gpxtpx:hr>168</gpxtpx:hr>
     </gpxtpx:TrackPointExtension>
    </extensions>
   </trkpt>
   <trkpt lat="52.5167980" lon="13.2358930">
    <ele>69.2</ele>
    <time>2025-09-18T14:39:18Z</time>
    <extensions>
     <power>276</power>
     <gpxtpx:TrackPointExtension>
      <gpxtpx:hr>168</gpxtpx:hr>
     </gpxtpx:TrackPointExtension>
    </extensions>
   </trkpt>
   <trkpt lat="52.5168110" lon="13.2358830">
    <ele>69.2</ele>
    <time>2025-09-18T14:39:19Z</time>
    <extensions>
     <power>274</power>
     <gpxtpx:TrackPointExtension>
      <gpxtpx:hr>168</gpxtpx:hr>
     </gpxtpx:TrackPointExtension>
    </extensions>
   </trkpt>
   <trkpt lat="52.5168530" lon="13.2358470">
    <ele>69.2</ele>
    <time>2025-09-18T14:39:20Z</time>
    <extensions>
     <power>274</power>
     <gpxtpx:TrackPointExtension>
      <gpxtpx:hr>168</gpxtpx:hr>
     </gpxtpx:TrackPointExtension>
    </extensions>
   </trkpt>
   <trkpt lat="52.5168690" lon="13.2358330">
    <ele>69.2</ele>
    <time>2025-09-18T14:39:21Z</time>
    <extensions>
     <power>274</power>
     <gpxtpx:TrackPointExtension>
      <gpxtpx:hr>168</gpxtpx:hr>
     </gpxtpx:TrackPointExtension>
    </extensions>
   </trkpt>
   <trkpt lat="52.5168860" lon="13.2358180">
    <ele>69.2</ele>
    <time>2025-09-18T14:39:22Z</time>
    <extensions>
     <power>276</power>
     <gpxtpx:TrackPointExtension>
      <gpxtpx:hr>168</gpxtpx:hr>
     </gpxtpx:TrackPointExtension>
    </extensions>
   </trkpt>
   <trkpt lat="52.5169280" lon="13.2357840">
    <ele>69.0</ele>
    <time>2025-09-18T14:39:23Z</time>
    <extensions>
     <power>276</power>
     <gpxtpx:TrackPointExtension>
      <gpxtpx:hr>169</gpxtpx:hr>
     </gpxtpx:TrackPointExtension>
    </extensions>
   </trkpt>
   <trkpt lat="52.5169440" lon="13.2357710">
    <ele>69.0</ele>
    <time>2025-09-18T14:39:24Z</time>
    <extensions>
     <power>276</power>
     <gpxtpx:TrackPointExtension>
      <gpxtpx:hr>169</gpxtpx:hr>
     </gpxtpx:TrackPointExtension>
    </extensions>
   </trkpt>
   <trkpt lat="52.5169610" lon="13.2357580">
    <ele>69.0</ele>
    <time>2025-09-18T14:39:25Z</time>
    <extensions>
     <power>275</power>
     <gpxtpx:TrackPointExtension>
      <gpxtpx:hr>169</gpxtpx:hr>
     </gpxtpx:TrackPointExtension>
    </extensions>
   </trkpt>
   <trkpt lat="52.5169990" lon="13.2357310">
    <ele>69.0</ele>
    <time>2025-09-18T14:39:26Z</time>
    <extensions>
     <power>275</power>
     <gpxtpx:TrackPointExtension>
      <gpxtpx:hr>169</gpxtpx:hr>
     </gpxtpx:TrackPointExtension>
    </extensions>
   </trkpt>
   <trkpt lat="52.5170110" lon="13.2357220">
    <ele>69.0</ele>
    <time>2025-09-18T14:39:27Z</time>
    <extensions>
     <power>274</power>
     <gpxtpx:TrackPointExtension>
      <gpxtpx:hr>169</gpxtpx:hr>
     </gpxtpx:TrackPointExtension>
    </extensions>
   </trkpt>
   <trkpt lat="52.5170530" lon="13.2356850">
    <ele>69.0</ele>
    <time>2025-09-18T14:39:28Z</time>
    <extensions>
     <power>274</power>
     <gpxtpx:TrackPointExtension>
      <gpxtpx:hr>169</gpxtpx:hr>
     </gpxtpx:TrackPointExtension>
    </extensions>
   </trkpt>
   <trkpt lat="52.5170690" lon="13.2356670">
    <ele>69.0</ele>
    <time>2025-09-18T14:39:29Z</time>
    <extensions>
     <power>274</power>
     <gpxtpx:TrackPointExtension>
      <gpxtpx:hr>169</gpxtpx:hr>
     </gpxtpx:TrackPointExtension>
    </extensions>
   </trkpt>
   <trkpt lat="52.5170850" lon="13.2356500">
    <ele>69.0</ele>
    <time>2025-09-18T14:39:30Z</time>
    <extensions>
     <power>276</power>
     <gpxtpx:TrackPointExtension>
      <gpxtpx:hr>169</gpxtpx:hr>
     </gpxtpx:TrackPointExtension>
    </extensions>
   </trkpt>
   <trkpt lat="52.5171190" lon="13.2356100">
    <ele>69.0</ele>
    <time>2025-09-18T14:39:31Z</time>
    <extensions>
     <power>276</power>
     <gpxtpx:TrackPointExtension>
      <gpxtpx:hr>169</gpxtpx:hr>
     </gpxtpx:TrackPointExtension>
    </extensions>
   </trkpt>
   <trkpt lat="52.5171300" lon="13.2355960">
    <ele>69.0</ele>
    <time>2025-09-18T14:39:32Z</time>
    <extensions>
     <power>275</power>
     <gpxtpx:TrackPointExtension>
      <gpxtpx:hr>169</gpxtpx:hr>
     </gpxtpx:TrackPointExtension>
    </extensions>
   </trkpt>
   <trkpt lat="52.5171680" lon="13.2355520">
    <ele>69.0</ele>
    <time>2025-09-18T14:39:33Z</time>
    <extensions>
     <power>275</power>
     <gpxtpx:TrackPointExtension>
      <gpxtpx:hr>169</gpxtpx:hr>
     </gpxtpx:TrackPointExtension>
    </extensions>
   </trkpt>
   <trkpt lat="52.5171840" lon="13.2355330">
    <ele>68.8</ele>
    <time>2025-09-18T14:39:34Z</time>
    <extensions>
     <power>275</power>
     <gpxtpx:TrackPointExtension>
      <gpxtpx:hr>169</gpxtpx:hr>
     </gpxtpx:TrackPointExtension>
    </extensions>
   </trkpt>
   <trkpt lat="52.5171990" lon="13.2355150">
    <ele>68.8</ele>
    <time>2025-09-18T14:39:35Z</time>
    <extensions>
     <power>273</power>
     <gpxtpx:TrackPointExtension>
      <gpxtpx:hr>169</gpxtpx:hr>
     </gpxtpx:TrackPointExtension>
    </extensions>
   </trkpt>
   <trkpt lat="52.5172390" lon="13.2354770">
    <ele>68.8</ele>
    <time>2025-09-18T14:39:36Z</time>
    <extensions>
     <power>273</power>
     <gpxtpx:TrackPointExtension>
      <gpxtpx:hr>168</gpxtpx:hr>
     </gpxtpx:TrackPointExtension>
    </extensions>
   </trkpt>
   <trkpt lat="52.5172550" lon="13.2354630">
    <ele>68.8</ele>
    <time>2025-09-18T14:39:37Z</time>
    <extensions>
     <power>273</power>
     <gpxtpx:TrackPointExtension>
      <gpxtpx:hr>168</gpxtpx:hr>
     </gpxtpx:TrackPointExtension>
    </extensions>
   </trkpt>
   <trkpt lat="52.5172720" lon="13.2354500">
    <ele>68.8</ele>
    <time>2025-09-18T14:39:38Z</time>
    <extensions>
     <power>274</power>
     <gpxtpx:TrackPointExtension>
      <gpxtpx:hr>168</gpxtpx:hr>
     </gpxtpx:TrackPointExtension>
    </extensions>
   </trkpt>
   <trkpt lat="52.5173120" lon="13.2354290">
    <ele>68.8</ele>
    <time>2025-09-18T14:39:39Z</time>
    <extensions>
     <power>274</power>
     <gpxtpx:TrackPointExtension>
      <gpxtpx:hr>168</gpxtpx:hr>
     </gpxtpx:TrackPointExtension>
    </extensions>
   </trkpt>
   <trkpt lat="52.5173250" lon="13.2354220">
    <ele>68.8</ele>
    <time>2025-09-18T14:39:40Z</time>
    <extensions>
     <power>274</power>
     <gpxtpx:TrackPointExtension>
      <gpxtpx:hr>168</gpxtpx:hr>
     </gpxtpx:TrackPointExtension>
    </extensions>
   </trkpt>
   <trkpt lat="52.5173690" lon="13.2354040">
    <ele>68.8</ele>
    <time>2025-09-18T14:39:41Z</time>
    <extensions>
     <power>274</power>
     <gpxtpx:TrackPointExtension>
      <gpxtpx:hr>170</gpxtpx:hr>
     </gpxtpx:TrackPointExtension>
    </extensions>
   </trkpt>
   <trkpt lat="52.5173870" lon="13.2353980">
    <ele>68.6</ele>
    <time>2025-09-18T14:39:42Z</time>
    <extensions>
     <power>274</power>
     <gpxtpx:TrackPointExtension>
      <gpxtpx:hr>170</gpxtpx:hr>
     </gpxtpx:TrackPointExtension>
    </extensions>
   </trkpt>
   <trkpt lat="52.5174050" lon="13.2353910">
    <ele>68.6</ele>
    <time>2025-09-18T14:39:43Z</time>
    <extensions>
     <power>278</power>
     <gpxtpx:TrackPointExtension>
      <gpxtpx:hr>170</gpxtpx:hr>
     </gpxtpx:TrackPointExtension>
    </extensions>
   </trkpt>
   <trkpt lat="52.5174470" lon="13.2353830">
    <ele>68.6</ele>
    <time>2025-09-18T14:39:44Z</time>
    <extensions>
     <power>278</power>
     <gpxtpx:TrackPointExtension>
      <gpxtpx:hr>170</gpxtpx:hr>
     </gpxtpx:TrackPointExtension>
    </extensions>
   </trkpt>
   <trkpt lat="52.5174610" lon="13.2353820">
    <ele>68.4</ele>
    <time>2025-09-18T14:39:45Z</time>
    <extensions>
     <power>281</power>
     <gpxtpx:TrackPointExtension>
      <gpxtpx:hr>170</gpxtpx:hr>
     </gpxtpx:TrackPointExtension>
    </extensions>
   </trkpt>
   <trkpt lat="52.5175050" lon="13.2353990">
    <ele>68.4</ele>
    <time>2025-09-18T14:39:46Z</time>
    <extensions>
     <power>281</power>
     <gpxtpx:TrackPointExtension>
      <gpxtpx:hr>170</gpxtpx:hr>
     </gpxtpx:TrackPointExtension>
    </extensions>
   </trkpt>
   <trkpt lat="52.5175210" lon="13.2354110">
    <ele>68.2</ele>
    <time>2025-09-18T14:39:47Z</time>
    <extensions>
     <power>281</power>
     <gpxtpx:TrackPointExtension>
      <gpxtpx:hr>170</gpxtpx:hr>
     </gpxtpx:TrackPointExtension>
    </extensions>
   </trkpt>
   <trkpt lat="52.5175380" lon="13.2354230">
    <ele>68.2</ele>
    <time>2025-09-18T14:39:48Z</time>
    <extensions>
     <power>279</power>
     <gpxtpx:TrackPointExtension>
      <gpxtpx:hr>170</gpxtpx:hr>
     </gpxtpx:TrackPointExtension>
    </extensions>
   </trkpt>
   <trkpt lat="52.5175690" lon="13.2354680">
    <ele>68.0</ele>
    <time>2025-09-18T14:39:49Z</time>
    <extensions>
     <power>279</power>
     <gpxtpx:TrackPointExtension>
      <gpxtpx:hr>170</gpxtpx:hr>
     </gpxtpx:TrackPointExtension>
    </extensions>
   </trkpt>
   <trkpt lat="52.5175780" lon="13.2354860">
    <ele>68.0</ele>
    <time>2025-09-18T14:39:50Z</time>
    <extensions>
     <power>275</power>
     <gpxtpx:TrackPointExtension>
      <gpxtpx:hr>170</gpxtpx:hr>
     </gpxtpx:TrackPointExtension>
    </extensions>
   </trkpt>
   <trkpt lat="52.5176050" lon="13.2355510">
    <ele>68.0</ele>
    <time>2025-09-18T14:39:51Z</time>
    <extensions>
     <power>275</power>
     <gpxtpx:TrackPointExtension>
      <gpxtpx:hr>170</gpxtpx:hr>
     </gpxtpx:TrackPointExtension>
    </extensions>
   </trkpt>
   <trkpt lat="52.5176150" lon="13.2355780">
    <ele>67.8</ele>
    <time>2025-09-18T14:39:52Z</time>
    <extensions>
     <power>275</power>
     <gpxtpx:TrackPointExtension>
      <gpxtpx:hr>170</gpxtpx:hr>
     </gpxtpx:TrackPointExtension>
    </extensions>
   </trkpt>
   <trkpt lat="52.5176240" lon="13.2356050">
    <ele>67.6</ele>
    <time>2025-09-18T14:39:53Z</time>
    <extensions>
     <power>265</power>
     <gpxtpx:TrackPointExtension>
      <gpxtpx:hr>170</gpxtpx:hr>
     </gpxtpx:TrackPointExtension>
    </extensions>
   </trkpt>
   <trkpt lat="52.5176440" lon="13.2356750">
    <ele>67.6</ele>
    <time>2025-09-18T14:39:54Z</time>
    <extensions>
     <power>265</power>
     <gpxtpx:TrackPointExtension>
      <gpxtpx:hr>170</gpxtpx:hr>
     </gpxtpx:TrackPointExtension>
    </extensions>
   </trkpt>
   <trkpt lat="52.5176530" lon="13.2357040">
    <ele>67.4</ele>
    <time>2025-09-18T14:39:55Z</time>
    <extensions>
     <power>265</power>
     <gpxtpx:TrackPointExtension>
      <gpxtpx:hr>170</gpxtpx:hr>
     </gpxtpx:TrackPointExtension>
    </extensions>
   </trkpt>
   <trkpt lat="52.5176610" lon="13.2357320">
    <ele>67.4</ele>
    <time>2025-09-18T14:39:56Z</time>
    <extensions>
     <power>262</power>
     <gpxtpx:TrackPointExtension>
      <gpxtpx:hr>170</gpxtpx:hr>
     </gpxtpx:TrackPointExtension>
    </extensions>
   </trkpt>
   <trkpt lat="52.5176830" lon="13.2357930">
    <ele>67.4</ele>
    <time>2025-09-18T14:39:57Z</time>
    <extensions>
     <power>262</power>
     <gpxtpx:TrackPointExtension>
      <gpxtpx:hr>170</gpxtpx:hr>
     </gpxtpx:TrackPointExtension>
    </extensions>
   </trkpt>
   <trkpt lat="52.5176910" lon="13.2358130">
    <ele>67.2</ele>
    <time>2025-09-18T14:39:58Z</time>
    <extensions>
     <power>264</power>
     <gpxtpx:TrackPointExtension>
      <gpxtpx:hr>170</gpxtpx:hr>
     </gpxtpx:TrackPointExtension>
    </extensions>
   </trkpt>
   <trkpt lat="52.5177200" lon="13.2358750">
    <ele>67.2</ele>
    <time>2025-09-18T14:39:59Z</time>
    <extensions>
     <power>264</power>
     <gpxtpx:TrackPointExtension>
      <gpxtpx:hr>170</gpxtpx:hr>
     </gpxtpx:TrackPointExtension>
    </extensions>
   </trkpt>
   <trkpt lat="52.5177320" lon="13.2359000">
    <ele>67.2</ele>
    <time>2025-09-18T14:40:00Z</time>
    <extensions>
     <power>264</power>
     <gpxtpx:TrackPointExtension>
      <gpxtpx:hr>172</gpxtpx:hr>
     </gpxtpx:TrackPointExtension>
    </extensions>
   </trkpt>
   <trkpt lat="52.5177430" lon="13.2359240">
    <ele>67.0</ele>
    <time>2025-09-18T14:40:01Z</time>
    <extensions>
     <power>263</power>
     <gpxtpx:TrackPointExtension>
      <gpxtpx:hr>172</gpxtpx:hr>
     </gpxtpx:TrackPointExtension>
    </extensions>
   </trkpt>
   <trkpt lat="52.5177660" lon="13.2359820">
    <ele>67.0</ele>
    <time>2025-09-18T14:40:02Z</time>
    <extensions>
     <power>263</power>
     <gpxtpx:TrackPointExtension>
      <gpxtpx:hr>172</gpxtpx:hr>
     </gpxtpx:TrackPointExtension>
    </extensions>
   </trkpt>
   <trkpt lat="52.5177730" lon="13.2360020">
    <ele>67.0</ele>
    <time>2025-09-18T14:40:03Z</time>
    <extensions>
     <power>261</power>
     <gpxtpx:TrackPointExtension>
      <gpxtpx:hr>173</gpxtpx:hr>
     </gpxtpx:TrackPointExtension>
    </extensions>
   </trkpt>
   <trkpt lat="52.5177930" lon="13.2360730">
    <ele>67.0</ele>
    <time>2025-09-18T14:40:04Z</time>
    <extensions>
     <power>261</power>
     <gpxtpx:TrackPointExtension>
      <gpxtpx:hr>173</gpxtpx:hr>
     </gpxtpx:TrackPointExtension>
    </extensions>
   </trkpt>
   <trkpt lat="52.5178010" lon="13.2361030">
    <ele>67.0</ele>
    <time>2025-09-18T14:40:05Z</time>
    <extensions>
     <power>261</power>
     <gpxtpx:TrackPointExtension>
      <gpxtpx:hr>173</gpxtpx:hr>
     </gpxtpx:TrackPointExtension>
    </extensions>
   </trkpt>
   <trkpt lat="52.5178090" lon="13.2361320">
    <ele>67.0</ele>
    <time>2025-09-18T14:40:06Z</time>
    <extensions>
     <power>262</power>
     <gpxtpx:TrackPointExtension>
      <gpxtpx:hr>173</gpxtpx:hr>
     </gpxtpx:TrackPointExtension>
    </extensions>
   </trkpt>
   <trkpt lat="52.5178300" lon="13.2362040">
    <ele>67.0</ele>
    <time>2025-09-18T14:40:07Z</time>
    <extensions>
     <power>262</power>
     <gpxtpx:TrackPointExtension>
      <gpxtpx:hr>173</gpxtpx:hr>
     </gpxtpx:TrackPointExtension>
    </extensions>
   </trkpt>
   <trkpt lat="52.5178390" lon="13.2362330">
    <ele>67.0</ele>
    <time>2025-09-18T14:40:08Z</time>
    <extensions>
     <power>262</power>
     <gpxtpx:TrackPointExtension>
      <gpxtpx:hr>174</gpxtpx:hr>
     </gpxtpx:TrackPointExtension>
    </extensions>
   </trkpt>
   <trkpt lat="52.5178480" lon="13.2362610">
    <ele>67.0</ele>
    <time>2025-09-18T14:40:09Z</time>
    <extensions>
     <power>264</power>
     <gpxtpx:TrackPointExtension>
      <gpxtpx:hr>174</gpxtpx:hr>
     </gpxtpx:TrackPointExtension>
    </extensions>
   </trkpt>
   <trkpt lat="52.5178700" lon="13.2363250">
    <ele>67.0</ele>
    <time>2025-09-18T14:40:10Z</time>
    <extensions>
     <power>264</power>
     <gpxtpx:TrackPointExtension>
      <gpxtpx:hr>174</gpxtpx:hr>
     </gpxtpx:TrackPointExtension>
    </extensions>
   </trkpt>
   <trkpt lat="52.5178770" lon="13.2363470">
    <ele>67.0</ele>
    <time>2025-09-18T14:40:11Z</time>
    <extensions>
     <power>266</power>
     <gpxtpx:TrackPointExtension>
      <gpxtpx:hr>173</gpxtpx:hr>
     </gpxtpx:TrackPointExtension>
    </extensions>
   </trkpt>
   <trkpt lat="52.5179000" lon="13.2364160">
    <ele>67.0</ele>
    <time>2025-09-18T14:40:12Z</time>
    <extensions>
     <power>266</power>
     <gpxtpx:TrackPointExtension>
      <gpxtpx:hr>173</gpxtpx:hr>
     </gpxtpx:TrackPointExtension>
    </extensions>
   </trkpt>
   <trkpt lat="52.5179090" lon="13.2364430">
    <ele>67.2</ele>
    <time>2025-09-18T14:40:13Z</time>
    <extensions>
     <power>266</power>
     <gpxtpx:TrackPointExtension>
      <gpxtpx:hr>173</gpxtpx:hr>
     </gpxtpx:TrackPointExtension>
    </extensions>
   </trkpt>
   <trkpt lat="52.5179180" lon="13.2364700">
    <ele>67.2</ele>
    <time>2025-09-18T14:40:14Z</time>
    <extensions>
     <power>264</power>
     <gpxtpx:TrackPointExtension>
      <gpxtpx:hr>173</gpxtpx:hr>
     </gpxtpx:TrackPointExtension>
    </extensions>
   </trkpt>
   <trkpt lat="52.5179390" lon="13.2365270">
    <ele>67.2</ele>
    <time>2025-09-18T14:40:15Z</time>
    <extensions>
     <power>264</power>
     <gpxtpx:TrackPointExtension>
      <gpxtpx:hr>173</gpxtpx:hr>
     </gpxtpx:TrackPointExtension>
    </extensions>
   </trkpt>
   <trkpt lat="52.5179460" lon="13.2365460">
    <ele>67.2</ele>
    <time>2025-09-18T14:40:16Z</time>
    <extensions>
     <power>266</power>
     <gpxtpx:TrackPointExtension>
      <gpxtpx:hr>173</gpxtpx:hr>
     </gpxtpx:TrackPointExtension>
    </extensions>
   </trkpt>
   <trkpt lat="52.5179740" lon="13.2366070">
    <ele>67.2</ele>
    <time>2025-09-18T14:40:17Z</time>
    <extensions>
     <power>266</power>
     <gpxtpx:TrackPointExtension>
      <gpxtpx:hr>173</gpxtpx:hr>
     </gpxtpx:TrackPointExtension>
    </extensions>
   </trkpt>
   <trkpt lat="52.5179870" lon="13.2366300">
    <ele>67.2</ele>
    <time>2025-09-18T14:40:18Z</time>
    <extensions>
     <power>266</power>
     <gpxtpx:TrackPointExtension>
      <gpxtpx:hr>173</gpxtpx:hr>
     </gpxtpx:TrackPointExtension>
    </extensions>
   </trkpt>
   <trkpt lat="52.5179990" lon="13.2366540">
    <ele>67.2</ele>
    <time>2025-09-18T14:40:19Z</time>
    <extensions>
     <power>264</power>
     <gpxtpx:TrackPointExtension>
      <gpxtpx:hr>173</gpxtpx:hr>
     </gpxtpx:TrackPointExtension>
    </extensions>
   </trkpt>
   <trkpt lat="52.5180260" lon="13.2367080">
    <ele>67.0</ele>
    <time>2025-09-18T14:40:20Z</time>
    <extensions>
     <power>264</power>
     <gpxtpx:TrackPointExtension>
      <gpxtpx:hr>173</gpxtpx:hr>
     </gpxtpx:TrackPointExtension>
    </extensions>
   </trkpt>
   <trkpt lat="52.5180350" lon="13.2367270">
    <ele>67.0</ele>
    <time>2025-09-18T14:40:21Z</time>
    <extensions>
     <power>265</power>
     <gpxtpx:TrackPointExtension>
      <gpxtpx:hr>173</gpxtpx:hr>
     </gpxtpx:TrackPointExtension>
    </extensions>
   </trkpt>
   <trkpt lat="52.5180600" lon="13.2367930">
    <ele>67.0</ele>
    <time>2025-09-18T14:40:22Z</time>
    <extensions>
     <power>265</power>
     <gpxtpx:TrackPointExtension>
      <gpxtpx:hr>173</gpxtpx:hr>
     </gpxtpx:TrackPointExtension>
    </extensions>
   </trkpt>
   <trkpt lat="52.5180700" lon="13.2368210">
    <ele>67.0</ele>
    <time>2025-09-18T14:40:23Z</time>
    <extensions>
     <power>265</power>
     <gpxtpx:TrackPointExtension>
      <gpxtpx:hr>173</gpxtpx:hr>
     </gpxtpx:TrackPointExtension>
    </extensions>
   </trkpt>
   <trkpt lat="52.5180800" lon="13.2368480">
    <ele>66.8</ele>
    <time>2025-09-18T14:40:24Z</time>
    <extensions>
     <power>266</power>
     <gpxtpx:TrackPointExtension>
      <gpxtpx:hr>173</gpxtpx:hr>
     </gpxtpx:TrackPointExtension>
    </extensions>
   </trkpt>
   <trkpt lat="52.5181030" lon="13.2369180">
    <ele>66.8</ele>
    <time>2025-09-18T14:40:25Z</time>
    <extensions>
     <power>266</power>
     <gpxtpx:TrackPointExtension>
      <gpxtpx:hr>173</gpxtpx:hr>
     </gpxtpx:TrackPointExtension>
    </extensions>
   </trkpt>
   <trkpt lat="52.5181120" lon="13.2369460">
    <ele>66.8</ele>
    <time>2025-09-18T14:40:26Z</time>
    <extensions>
     <power>266</power>
     <gpxtpx:TrackPointExtension>
      <gpxtpx:hr>173</gpxtpx:hr>
     </gpxtpx:TrackPointExtension>
    </extensions>
   </trkpt>
   <trkpt lat="52.5181200" lon="13.2369750">
    <ele>66.8</ele>
    <time>2025-09-18T14:40:27Z</time>
    <extensions>
     <power>269</power>
     <gpxtpx:TrackPointExtension>
      <gpxtpx:hr>173</gpxtpx:hr>
     </gpxtpx:TrackPointExtension>
    </extensions>
   </trkpt>
   <trkpt lat="52.5181400" lon="13.2370420">
    <ele>66.8</ele>
    <time>2025-09-18T14:40:28Z</time>
    <extensions>
     <power>269</power>
     <gpxtpx:TrackPointExtension>
      <gpxtpx:hr>173</gpxtpx:hr>
     </gpxtpx:TrackPointExtension>
    </extensions>
   </trkpt>
   <trkpt lat="52.5181470" lon="13.2370640">
    <ele>66.6</ele>
    <time>2025-09-18T14:40:29Z</time>
    <extensions>
     <power>268</power>
     <gpxtpx:TrackPointExtension>
      <gpxtpx:hr>173</gpxtpx:hr>
     </gpxtpx:TrackPointExtension>
    </extensions>
   </trkpt>
   <trkpt lat="52.5181730" lon="13.2371360">
    <ele>66.6</ele>
    <time>2025-09-18T14:40:30Z</time>
    <extensions>
     <power>268</power>
     <gpxtpx:TrackPointExtension>
      <gpxtpx:hr>173</gpxtpx:hr>
     </gpxtpx:TrackPointExtension>
    </extensions>
   </trkpt>
   <trkpt lat="52.5181830" lon="13.2371630">
    <ele>66.6</ele>
    <time>2025-09-18T14:40:31Z</time>
    <extensions>
     <power>268</power>
     <gpxtpx:TrackPointExtension>
      <gpxtpx:hr>173</gpxtpx:hr>
     </gpxtpx:TrackPointExtension>
    </extensions>
   </trkpt>
   <trkpt lat="52.5181940" lon="13.2371910">
    <ele>66.6</ele>
    <time>2025-09-18T14:40:32Z</time>
    <extensions>
     <power>267</power>
     <gpxtpx:TrackPointExtension>
      <gpxtpx:hr>173</gpxtpx:hr>
     </gpxtpx:TrackPointExtension>
    </extensions>
   </trkpt>
   <trkpt lat="52.5182200" lon="13.2372480">
    <ele>66.6</ele>
    <time>2025-09-18T14:40:33Z</time>
    <extensions>
     <power>267</power>
     <gpxtpx:TrackPointExtension>
      <gpxtpx:hr>173</gpxtpx:hr>
     </gpxtpx:TrackPointExtension>
    </extensions>
   </trkpt>
   <trkpt lat="52.5182290" lon="13.2372670">
    <ele>66.6</ele>
    <time>2025-09-18T14:40:34Z</time>
    <extensions>
     <power>268</power>
     <gpxtpx:TrackPointExtension>
      <gpxtpx:hr>173</gpxtpx:hr>
     </gpxtpx:TrackPointExtension>
    </extensions>
   </trkpt>
   <trkpt lat="52.5182570" lon="13.2373330">
    <ele>66.6</ele>
    <time>2025-09-18T14:40:35Z</time>
    <extensions>
     <power>268</power>
     <gpxtpx:TrackPointExtension>
      <gpxtpx:hr>175</gpxtpx:hr>
     </gpxtpx:TrackPointExtension>
    </extensions>
   </trkpt>
   <trkpt lat="52.5182660" lon="13.2373600">
    <ele>66.6</ele>
    <time>2025-09-18T14:40:36Z</time>
    <extensions>
     <power>268</power>
     <gpxtpx:TrackPointExtension>
      <gpxtpx:hr>175</gpxtpx:hr>
     </gpxtpx:TrackPointExtension>
    </extensions>
   </trkpt>
   <trkpt lat="52.5182760" lon="13.2373880">
    <ele>66.8</ele>
    <time>2025-09-18T14:40:37Z</time>
    <extensions>
     <power>268</power>
     <gpxtpx:TrackPointExtension>
      <gpxtpx:hr>175</gpxtpx:hr>
     </gpxtpx:TrackPointExtension>
    </extensions>
   </trkpt>
   <trkpt lat="52.5182960" lon="13.2374520">
    <ele>66.8</ele>
    <time>2025-09-18T14:40:38Z</time>
    <extensions>
     <power>268</power>
     <gpxtpx:TrackPointExtension>
      <gpxtpx:hr>175</gpxtpx:hr>
     </gpxtpx:TrackPointExtension>
    </extensions>
   </trkpt>
   <trkpt lat="52.5183030" lon="13.2374730">
    <ele>66.8</ele>
    <time>2025-09-18T14:40:39Z</time>
    <extensions>
     <power>267</power>
     <gpxtpx:TrackPointExtension>
      <gpxtpx:hr>175</gpxtpx:hr>
     </gpxtpx:TrackPointExtension>
    </extensions>
   </trkpt>
   <trkpt lat="52.5183240" lon="13.2375450">
    <ele>66.8</ele>
    <time>2025-09-18T14:40:40Z</time>
    <extensions>
     <power>267</power>
     <gpxtpx:TrackPointExtension>
      <gpxtpx:hr>176</gpxtpx:hr>
     </gpxtpx:TrackPointExtension>
    </extensions>
   </trkpt>
   <trkpt lat="52.5183330" lon="13.2375730">
    <ele>67.0</ele>
    <time>2025-09-18T14:40:41Z</time>
    <extensions>
     <power>267</power>
     <gpxtpx:TrackPointExtension>
      <gpxtpx:hr>176</gpxtpx:hr>
     </gpxtpx:TrackPointExtension>
    </extensions>
   </trkpt>
   <trkpt lat="52.5183410" lon="13.2376020">
    <ele>67.0</ele>
    <time>2025-09-18T14:40:42Z</time>
    <extensions>
     <power>270</power>
     <gpxtpx:TrackPointExtension>
      <gpxtpx:hr>176</gpxtpx:hr>
     </gpxtpx:TrackPointExtension>
    </extensions>
   </trkpt>
   <trkpt lat="52.5183620" lon="13.2376770">
    <ele>67.2</ele>
    <time>2025-09-18T14:40:43Z</time>
    <extensions>
     <power>270</power>
     <gpxtpx:TrackPointExtension>
      <gpxtpx:hr>176</gpxtpx:hr>
     </gpxtpx:TrackPointExtension>
    </extensions>
   </trkpt>
   <trkpt lat="52.5183720" lon="13.2377070">
    <ele>67.2</ele>
    <time>2025-09-18T14:40:44Z</time>
    <extensions>
     <power>270</power>
     <gpxtpx:TrackPointExtension>
      <gpxtpx:hr>176</gpxtpx:hr>
     </gpxtpx:TrackPointExtension>
    </extensions>
   </trkpt>
   <trkpt lat="52.5183810" lon="13.2377370">
    <ele>67.2</ele>
    <time>2025-09-18T14:40:45Z</time>
    <extensions>
     <power>273</power>
     <gpxtpx:TrackPointExtension>
      <gpxtpx:hr>175</gpxtpx:hr>
     </gpxtpx:TrackPointExtension>
    </extensions>
   </trkpt>
   <trkpt lat="52.5184020" lon="13.2378000">
    <ele>67.4</ele>
    <time>2025-09-18T14:40:46Z</time>
    <extensions>
     <power>273</power>
     <gpxtpx:TrackPointExtension>
      <gpxtpx:hr>175</gpxtpx:hr>
     </gpxtpx:TrackPointExtension>
    </extensions>
   </trkpt>
   <trkpt lat="52.5184090" lon="13.2378210">
    <ele>67.4</ele>
    <time>2025-09-18T14:40:47Z</time>
    <extensions>
     <power>274</power>
     <gpxtpx:TrackPointExtension>
      <gpxtpx:hr>175</gpxtpx:hr>
     </gpxtpx:TrackPointExtension>
    </extensions>
   </trkpt>
   <trkpt lat="52.5184360" lon="13.2378850">
    <ele>67.4</ele>
    <time>2025-09-18T14:40:48Z</time>
    <extensions>
     <power>274</power>
     <gpxtpx:TrackPointExtension>
      <gpxtpx:hr>175</gpxtpx:hr>
     </gpxtpx:TrackPointExtension>
    </extensions>
   </trkpt>
   <trkpt lat="52.5184470" lon="13.2379100">
    <ele>67.4</ele>
    <time>2025-09-18T14:40:49Z</time>
    <extensions>
     <power>274</power>
     <gpxtpx:TrackPointExtension>
      <gpxtpx:hr>175</gpxtpx:hr>
     </gpxtpx:TrackPointExtension>
    </extensions>
   </trkpt>
   <trkpt lat="52.5184580" lon="13.2379340">
    <ele>67.4</ele>
    <time>2025-09-18T14:40:50Z</time>
    <extensions>
     <power>270</power>
     <gpxtpx:TrackPointExtension>
      <gpxtpx:hr>175</gpxtpx:hr>
     </gpxtpx:TrackPointExtension>
    </extensions>
   </trkpt>
   <trkpt lat="52.5184840" lon="13.2379880">
    <ele>67.4</ele>
    <time>2025-09-18T14:40:51Z</time>
    <extensions>
     <power>270</power>
     <gpxtpx:TrackPointExtension>
      <gpxtpx:hr>175</gpxtpx:hr>
     </gpxtpx:TrackPointExtension>
    </extensions>
   </trkpt>
   <trkpt lat="52.5184920" lon="13.2380070">
    <ele>67.4</ele>
    <time>2025-09-18T14:40:52Z</time>
    <extensions>
     <power>271</power>
     <gpxtpx:TrackPointExtension>
      <gpxtpx:hr>175</gpxtpx:hr>
     </gpxtpx:TrackPointExtension>
    </extensions>
   </trkpt>
   <trkpt lat="52.5185180" lon="13.2380730">
    <ele>67.4</ele>
    <time>2025-09-18T14:40:53Z</time>
    <extensions>
     <power>271</power>
     <gpxtpx:TrackPointExtension>
      <gpxtpx:hr>175</gpxtpx:hr>
     </gpxtpx:TrackPointExtension>
    </extensions>
   </trkpt>
   <trkpt lat="52.5185280" lon="13.2381010">
    <ele>67.2</ele>
    <time>2025-09-18T14:40:54Z</time>
    <extensions>
     <power>271</power>
     <gpxtpx:TrackPointExtension>
      <gpxtpx:hr>175</gpxtpx:hr>
     </gpxtpx:TrackPointExtension>
    </extensions>
   </trkpt>
   <trkpt lat="52.5185370" lon="13.2381290">
    <ele>67.2</ele>
    <time>2025-09-18T14:40:55Z</time>
    <extensions>
     <power>271</power>
     <gpxtpx:TrackPointExtension>
      <gpxtpx:hr>175</gpxtpx:hr>
     </gpxtpx:TrackPointExtension>
    </extensions>
   </trkpt>
   <trkpt lat="52.5185560" lon="13.2382090">
    <ele>67.0</ele>
    <time>2025-09-18T14:40:56Z</time>
    <extensions>
     <power>271</power>
     <gpxtpx:TrackPointExtension>
      <gpxtpx:hr>175</gpxtpx:hr>
     </gpxtpx:TrackPointExtension>
    </extensions>
   </trkpt>
   <trkpt lat="52.5185640" lon="13.2382430">
    <ele>67.0</ele>
    <time>2025-09-18T14:40:57Z</time>
    <extensions>
     <power>271</power>
     <gpxtpx:TrackPointExtension>
      <gpxtpx:hr>175</gpxtpx:hr>
     </gpxtpx:TrackPointExtension>
    </extensions>
   </trkpt>
   <trkpt lat="52.5185710" lon="13.2382760">
    <ele>66.8</ele>
    <time>2025-09-18T14:40:58Z</time>
    <extensions>
     <power>275</power>
     <gpxtpx:TrackPointExtension>
      <gpxtpx:hr>175</gpxtpx:hr>
     </gpxtpx:TrackPointExtension>
    </extensions>
   </trkpt>
   <trkpt lat="52.5185880" lon="13.2383500">
    <ele>66.6</ele>
    <time>2025-09-18T14:40:59Z</time>
    <extensions>
     <power>275</power>
     <gpxtpx:TrackPointExtension>
      <gpxtpx:hr>175</gpxtpx:hr>
     </gpxtpx:TrackPointExtension>
    </extensions>
   </trkpt>
   <trkpt lat="52.5185940" lon="13.2383740">
    <ele>66.6</ele>
    <time>2025-09-18T14:41:00Z</time>
    <extensions>
     <power>279</power>
     <gpxtpx:TrackPointExtension>
      <gpxtpx:hr>175</gpxtpx:hr>
     </gpxtpx:TrackPointExtension>
    </extensions>
   </trkpt>
   <trkpt lat="52.5186170" lon="13.2384510">
    <ele>66.4</ele>
    <time>2025-09-18T14:41:01Z</time>
    <extensions>
     <power>279</power>
     <gpxtpx:TrackPointExtension>
      <gpxtpx:hr>175</gpxtpx:hr>
     </gpxtpx:TrackPointExtension>
    </extensions>
   </trkpt>
   <trkpt lat="52.5186270" lon="13.2384810">
    <ele>66.4</ele>
    <time>2025-09-18T14:41:02Z</time>
    <extensions>
     <power>279</power>
     <gpxtpx:TrackPointExtension>
      <gpxtpx:hr>175</gpxtpx:hr>
     </gpxtpx:TrackPointExtension>
    </extensions>
   </trkpt>
   <trkpt lat="52.5186370" lon="13.2385110">
    <ele>66.2</ele>
    <time>2025-09-18T14:41:03Z</time>
    <extensions>
     <power>278</power>
     <gpxtpx:TrackPointExtension>
      <gpxtpx:hr>175</gpxtpx:hr>
     </gpxtpx:TrackPointExtension>
    </extensions>
   </trkpt>
   <trkpt lat="52.5186660" lon="13.2385700">
    <ele>66.2</ele>
    <time>2025-09-18T14:41:04Z</time>
    <extensions>
     <power>278</power>
     <gpxtpx:TrackPointExtension>
      <gpxtpx:hr>175</gpxtpx:hr>
     </gpxtpx:TrackPointExtension>
    </extensions>
   </trkpt>
   <trkpt lat="52.5186760" lon="13.2385890">
    <ele>66.2</ele>
    <time>2025-09-18T14:41:05Z</time>
    <extensions>
     <power>279</power>
     <gpxtpx:TrackPointExtension>
      <gpxtpx:hr>175</gpxtpx:hr>
     </gpxtpx:TrackPointExtension>
    </extensions>
   </trkpt>
   <trkpt lat="52.5187010" lon="13.2386370">
    <ele>66.0</ele>
    <time>2025-09-18T14:41:06Z</time>
    <extensions>
     <power>279</power>
     <gpxtpx:TrackPointExtension>
      <gpxtpx:hr>175</gpxtpx:hr>
     </gpxtpx:TrackPointExtension>
    </extensions>
   </trkpt>
   <trkpt lat="52.5187060" lon="13.2386500">
    <ele>66.0</ele>
    <time>2025-09-18T14:41:07Z</time>
    <extensions>
     <power>279</power>
     <gpxtpx:TrackPointExtension>
      <gpxtpx:hr>175</gpxtpx:hr>
     </gpxtpx:TrackPointExtension>
    </extensions>
   </trkpt>
   <trkpt lat="52.5187120" lon="13.2386620">
    <ele>66.0</ele>
    <time>2025-09-18T14:41:08Z</time>
    <extensions>
     <power>277</power>
     <gpxtpx:TrackPointExtension>
      <gpxtpx:hr>175</gpxtpx:hr>
     </gpxtpx:TrackPointExtension>
    </extensions>
   </trkpt>
   <trkpt lat="52.5187350" lon="13.2387210">
    <ele>66.0</ele>
    <time>2025-09-18T14:41:09Z</time>
    <extensions>
     <power>277</power>
     <gpxtpx:TrackPointExtension>
      <gpxtpx:hr>175</gpxtpx:hr>
     </gpxtpx:TrackPointExtension>
    </extensions>
   </trkpt>
   <trkpt lat="52.5187420" lon="13.2387420">
    <ele>66.0</ele>
    <time>2025-09-18T14:41:10Z</time>
    <extensions>
     <power>279</power>
     <gpxtpx:TrackPointExtension>
      <gpxtpx:hr>176</gpxtpx:hr>
     </gpxtpx:TrackPointExtension>
    </extensions>
   </trkpt>
   <trkpt lat="52.5187630" lon="13.2388120">
    <ele>66.0</ele>
    <time>2025-09-18T14:41:11Z</time>
    <extensions>
     <power>279</power>
     <gpxtpx:TrackPointExtension>
      <gpxtpx:hr>176</gpxtpx:hr>
     </gpxtpx:TrackPointExtension>
    </extensions>
   </trkpt>
   <trkpt lat="52.5187720" lon="13.2388410">
    <ele>66.0</ele>
    <time>2025-09-18T14:41:12Z</time>
    <extensions>
     <power>279</power>
     <gpxtpx:TrackPointExtension>
      <gpxtpx:hr>176</gpxtpx:hr>
     </gpxtpx:TrackPointExtension>
    </extensions>
   </trkpt>
   <trkpt lat="52.5187800" lon="13.2388690">
    <ele>66.0</ele>
    <time>2025-09-18T14:41:13Z</time>
    <extensions>
     <power>278</power>
     <gpxtpx:TrackPointExtension>
      <gpxtpx:hr>176</gpxtpx:hr>
     </gpxtpx:TrackPointExtension>
    </extensions>
   </trkpt>
   <trkpt lat="52.5188020" lon="13.2389400">
    <ele>66.0</ele>
    <time>2025-09-18T14:41:14Z</time>
    <extensions>
     <power>278</power>
     <gpxtpx:TrackPointExtension>
      <gpxtpx:hr>176</gpxtpx:hr>
     </gpxtpx:TrackPointExtension>
    </extensions>
   </trkpt>
   <trkpt lat="52.5188120" lon="13.2389700">
    <ele>66.0</ele>
    <time>2025-09-18T14:41:15Z</time>
    <extensions>
     <power>278</power>
     <gpxtpx:TrackPointExtension>
      <gpxtpx:hr>176</gpxtpx:hr>
     </gpxtpx:TrackPointExtension>
    </extensions>
   </trkpt>
   <trkpt lat="52.5188210" lon="13.2389990">
    <ele>66.0</ele>
    <time>2025-09-18T14:41:16Z</time>
    <extensions>
     <power>281</power>
     <gpxtpx:TrackPointExtension>
      <gpxtpx:hr>176</gpxtpx:hr>
     </gpxtpx:TrackPointExtension>
    </extensions>
   </trkpt>
   <trkpt lat="52.5188410" lon="13.2390660">
    <ele>66.2</ele>
    <time>2025-09-18T14:41:17Z</time>
    <extensions>
     <power>281</power>
     <gpxtpx:TrackPointExtension>
      <gpxtpx:hr>175</gpxtpx:hr>
     </gpxtpx:TrackPointExtension>
    </extensions>
   </trkpt>
   <trkpt lat="52.5188470" lon="13.2390890">
    <ele>66.2</ele>
    <time>2025-09-18T14:41:18Z</time>
    <extensions>
     <power>279</power>
     <gpxtpx:TrackPointExtension>
      <gpxtpx:hr>175</gpxtpx:hr>
     </gpxtpx:TrackPointExtension>
    </extensions>
   </trkpt>
   <trkpt lat="52.5188670" lon="13.2391660">
    <ele>66.2</ele>
    <time>2025-09-18T14:41:19Z</time>
    <extensions>
     <power>279</power>
     <gpxtpx:TrackPointExtension>
      <gpxtpx:hr>175</gpxtpx:hr>
     </gpxtpx:TrackPointExtension>
    </extensions>
   </trkpt>
   <trkpt lat="52.5188750" lon="13.2391970">
    <ele>66.2</ele>
    <time>2025-09-18T14:41:20Z</time>
    <extensions>
     <power>279</power>
     <gpxtpx:TrackPointExtension>
      <gpxtpx:hr>175</gpxtpx:hr>
     </gpxtpx:TrackPointExtension>
    </extensions>
   </trkpt>
   <trkpt lat="52.5188830" lon="13.2392280">
    <ele>66.4</ele>
    <time>2025-09-18T14:41:21Z</time>
    <extensions>
     <power>282</power>
     <gpxtpx:TrackPointExtension>
      <gpxtpx:hr>175</gpxtpx:hr>
     </gpxtpx:TrackPointExtension>
    </extensions>
   </trkpt>
   <trkpt lat="52.5189070" lon="13.2392960">
    <ele>66.4</ele>
    <time>2025-09-18T14:41:22Z</time>
    <extensions>
     <power>282</power>
     <gpxtpx:TrackPointExtension>
      <gpxtpx:hr>176</gpxtpx:hr>
     </gpxtpx:TrackPointExtension>
    </extensions>
   </trkpt>
   <trkpt lat="52.5189150" lon="13.2393180">
    <ele>66.4</ele>
    <time>2025-09-18T14:41:23Z</time>
    <extensions>
     <power>281</power>
     <gpxtpx:TrackPointExtension>
      <gpxtpx:hr>176</gpxtpx:hr>
     </gpxtpx:TrackPointExtension>
    </extensions>
   </trkpt>
   <trkpt lat="52.5189500" lon="13.2393830">
    <ele>66.6</ele>
    <time>2025-09-18T14:41:24Z</time>
    <extensions>
     <power>281</power>
     <gpxtpx:TrackPointExtension>
      <gpxtpx:hr>176</gpxtpx:hr>
     </gpxtpx:TrackPointExtension>
    </extensions>
   </trkpt>
   <trkpt lat="52.5189640" lon="13.2394090">
    <ele>66.6</ele>
    <time>2025-09-18T14:41:25Z</time>
    <extensions>
     <power>281</power>
     <gpxtpx:TrackPointExtension>
      <gpxtpx:hr>176</gpxtpx:hr>
     </gpxtpx:TrackPointExtension>
    </extensions>
   </trkpt>
   <trkpt lat="52.5189790" lon="13.2394340">
    <ele>66.6</ele>
    <time>2025-09-18T14:41:26Z</time>
    <extensions>
     <power>285</power>
     <gpxtpx:TrackPointExtension>
      <gpxtpx:hr>176</gpxtpx:hr>
     </gpxtpx:TrackPointExtension>
    </extensions>
   </trkpt>
   <trkpt lat="52.5190320" lon="13.2395320">
    <ele>66.8</ele>
    <time>2025-09-18T14:41:27Z</time>
    <extensions>
     <power>285</power>
     <gpxtpx:TrackPointExtension>
      <gpxtpx:hr>176</gpxtpx:hr>
     </gpxtpx:TrackPointExtension>
    </extensions>
   </trkpt>
   <trkpt lat="52.5190450" lon="13.2395550">
    <ele>66.8</ele>
    <time>2025-09-18T14:41:28Z</time>
    <extensions>
     <power>285</power>
     <gpxtpx:TrackPointExtension>
      <gpxtpx:hr>176</gpxtpx:hr>
     </gpxtpx:TrackPointExtension>
    </extensions>
   </trkpt>
   <trkpt lat="52.5190570" lon="13.2395790">
    <ele>66.8</ele>
    <time>2025-09-18T14:41:29Z</time>
    <extensions>
     <power>284</power>
     <gpxtpx:TrackPointExtension>
      <gpxtpx:hr>177</gpxtpx:hr>
     </gpxtpx:TrackPointExtension>
    </extensions>
   </trkpt>
   <trkpt lat="52.5190840" lon="13.2396300">
    <ele>66.6</ele>
    <time>2025-09-18T14:41:30Z</time>
    <extensions>
     <power>284</power>
     <gpxtpx:TrackPointExtension>
      <gpxtpx:hr>177</gpxtpx:hr>
     </gpxtpx:TrackPointExtension>
    </extensions>
   </trkpt>
   <trkpt lat="52.5190930" lon="13.2396470">
    <ele>66.6</ele>
    <time>2025-09-18T14:41:31Z</time>
    <extensions>
     <power>281</power>
     <gpxtpx:TrackPointExtension>
      <gpxtpx:hr>177</gpxtpx:hr>
     </gpxtpx:TrackPointExtension>
    </extensions>
   </trkpt>
   <trkpt lat="52.5191230" lon="13.2397080">
    <ele>66.6</ele>
    <time>2025-09-18T14:41:32Z</time>
    <extensions>
     <power>281</power>
     <gpxtpx:TrackPointExtension>
      <gpxtpx:hr>177</gpxtpx:hr>
     </gpxtpx:TrackPointExtension>
    </extensions>
   </trkpt>
   <trkpt lat="52.5191340" lon="13.2397320">
    <ele>66.6</ele>
    <time>2025-09-18T14:41:33Z</time>
    <extensions>
     <power>281</power>
     <gpxtpx:TrackPointExtension>
      <gpxtpx:hr>177</gpxtpx:hr>
     </gpxtpx:TrackPointExtension>
    </extensions>
   </trkpt>
   <trkpt lat="52.5191460" lon="13.2397570">
    <ele>66.6</ele>
    <time>2025-09-18T14:41:34Z</time>
    <extensions>
     <power>280</power>
     <gpxtpx:TrackPointExtension>
      <gpxtpx:hr>176</gpxtpx:hr>
     </gpxtpx:TrackPointExtension>
    </extensions>
   </trkpt>
   <trkpt lat="52.5191720" lon="13.2398130">
    <ele>66.6</ele>
    <time>2025-09-18T14:41:35Z</time>
    <extensions>
     <power>280</power>
     <gpxtpx:TrackPointExtension>
      <gpxtpx:hr>176</gpxtpx:hr>
     </gpxtpx:TrackPointExtension>
    </extensions>
   </trkpt>
   <trkpt lat="52.5191800" lon="13.2398330">
    <ele>66.6</ele>
    <time>2025-09-18T14:41:36Z</time>
    <extensions>
     <power>280</power>
     <gpxtpx:TrackPointExtension>
      <gpxtpx:hr>176</gpxtpx:hr>
     </gpxtpx:TrackPointExtension>
    </extensions>
   </trkpt>
   <trkpt lat="52.5192040" lon="13.2399050">
    <ele>66.4</ele>
    <time>2025-09-18T14:41:37Z</time>
    <extensions>
     <power>280</power>
     <gpxtpx:TrackPointExtension>
      <gpxtpx:hr>176</gpxtpx:hr>
     </gpxtpx:TrackPointExtension>
    </extensions>
   </trkpt>
   <trkpt lat="52.5192120" lon="13.2399350">
    <ele>66.4</ele>
    <time>2025-09-18T14:41:38Z</time>
    <extensions>
     <power>280</power>
     <gpxtpx:TrackPointExtension>
      <gpxtpx:hr>176</gpxtpx:hr>
     </gpxtpx:TrackPointExtension>
    </extensions>
   </trkpt>
   <trkpt lat="52.5192210" lon="13.2399650">
    <ele>66.4</ele>
    <time>2025-09-18T14:41:39Z</time>
    <extensions>
     <power>281</power>
     <gpxtpx:TrackPointExtension>
      <gpxtpx:hr>176</gpxtpx:hr>
     </gpxtpx:TrackPointExtension>
    </extensions>
   </trkpt>
   <trkpt lat="52.5192410" lon="13.2400310">
    <ele>66.4</ele>
    <time>2025-09-18T14:41:40Z</time>
    <extensions>
     <power>281</power>
     <gpxtpx:TrackPointExtension>
      <gpxtpx:hr>176</gpxtpx:hr>
     </gpxtpx:TrackPointExtension>
    </extensions>
   </trkpt>
   <trkpt lat="52.5192480" lon="13.2400520">
    <ele>66.4</ele>
    <time>2025-09-18T14:41:41Z</time>
    <extensions>
     <power>281</power>
     <gpxtpx:TrackPointExtension>
      <gpxtpx:hr>177</gpxtpx:hr>
     </gpxtpx:TrackPointExtension>
    </extensions>
   </trkpt>
   <trkpt lat="52.5192780" lon="13.2401120">
    <ele>66.4</ele>
    <time>2025-09-18T14:41:42Z</time>
    <extensions>
     <power>281</power>
     <gpxtpx:TrackPointExtension>
      <gpxtpx:hr>177</gpxtpx:hr>
     </gpxtpx:TrackPointExtension>
    </extensions>
   </trkpt>
   <trkpt lat="52.5192920" lon="13.2401340">
    <ele>66.4</ele>
    <time>2025-09-18T14:41:43Z</time>
    <extensions>
     <power>281</power>
     <gpxtpx:TrackPointExtension>
      <gpxtpx:hr>177</gpxtpx:hr>
     </gpxtpx:TrackPointExtension>
    </extensions>
   </trkpt>
   <trkpt lat="52.5193050" lon="13.2401550">
    <ele>66.4</ele>
    <time>2025-09-18T14:41:44Z</time>
    <extensions>
     <power>277</power>
     <gpxtpx:TrackPointExtension>
      <gpxtpx:hr>177</gpxtpx:hr>
     </gpxtpx:TrackPointExtension>
    </extensions>
   </trkpt>
   <trkpt lat="52.5193450" lon="13.2401870">
    <ele>66.6</ele>
    <time>2025-09-18T14:41:45Z</time>
    <extensions>
     <power>277</power>
     <gpxtpx:TrackPointExtension>
      <gpxtpx:hr>177</gpxtpx:hr>
     </gpxtpx:TrackPointExtension>
    </extensions>
   </trkpt>
   <trkpt lat="52.5193620" lon="13.2401940">
    <ele>66.6</ele>
    <time>2025-09-18T14:41:46Z</time>
    <extensions>
     <power>277</power>
     <gpxtpx:TrackPointExtension>
      <gpxtpx:hr>177</gpxtpx:hr>
     </gpxtpx:TrackPointExtension>
    </extensions>
   </trkpt>
   <trkpt lat="52.5193790" lon="13.2402020">
    <ele>66.6</ele>
    <time>2025-09-18T14:41:47Z</time>
    <extensions>
     <power>275</power>
     <gpxtpx:TrackPointExtension>
      <gpxtpx:hr>177</gpxtpx:hr>
     </gpxtpx:TrackPointExtension>
    </extensions>
   </trkpt>
   <trkpt lat="52.5194180" lon="13.2401960">
    <ele>66.6</ele>
    <time>2025-09-18T14:41:48Z</time>
    <extensions>
     <power>275</power>
     <gpxtpx:TrackPointExtension>
      <gpxtpx:hr>177</gpxtpx:hr>
     </gpxtpx:TrackPointExtension>
    </extensions>
   </trkpt>
   <trkpt lat="52.5194310" lon="13.2401910">
    <ele>66.8</ele>
    <time>2025-09-18T14:41:49Z</time>
    <extensions>
     <power>270</power>
     <gpxtpx:TrackPointExtension>
      <gpxtpx:hr>177</gpxtpx:hr>
     </gpxtpx:TrackPointExtension>
    </extensions>
   </trkpt>
   <trkpt lat="52.5194780" lon="13.2401660">
    <ele>66.8</ele>
    <time>2025-09-18T14:41:50Z</time>
    <extensions>
     <power>270</power>
     <gpxtpx:TrackPointExtension>
      <gpxtpx:hr>177</gpxtpx:hr>
     </gpxtpx:TrackPointExtension>
    </extensions>
   </trkpt>
   <trkpt lat="52.5194980" lon="13.2401570">
    <ele>66.8</ele>
    <time>2025-09-18T14:41:51Z</time>
    <extensions>
     <power>270</power>
     <gpxtpx:TrackPointExtension>
      <gpxtpx:hr>177</gpxtpx:hr>
     </gpxtpx:TrackPointExtension>
    </extensions>
   </trkpt>
   <trkpt lat="52.5195170" lon="13.2401470">
    <ele>66.8</ele>
    <time>2025-09-18T14:41:52Z</time>
    <extensions>
     <power>273</power>
     <gpxtpx:TrackPointExtension>
      <gpxtpx:hr>177</gpxtpx:hr>
     </gpxtpx:TrackPointExtension>
    </extensions>
   </trkpt>
   <trkpt lat="52.5195630" lon="13.2401260">
    <ele>67.0</ele>
    <time>2025-09-18T14:41:53Z</time>
    <extensions>
     <power>273</power>
     <gpxtpx:TrackPointExtension>
      <gpxtpx:hr>177</gpxtpx:hr>
     </gpxtpx:TrackPointExtension>
    </extensions>
   </trkpt>
   <trkpt lat="52.5195780" lon="13.2401190">
    <ele>67.0</ele>
    <time>2025-09-18T14:41:54Z</time>
    <extensions>
     <power>275</power>
     <gpxtpx:TrackPointExtension>
      <gpxtpx:hr>177</gpxtpx:hr>
     </gpxtpx:TrackPointExtension>
    </extensions>
   </trkpt>
   <trkpt lat="52.5196280" lon="13.2400930">
    <ele>67.0</ele>
    <time>2025-09-18T14:41:55Z</time>
    <extensions>
     <power>275</power>
     <gpxtpx:TrackPointExtension>
      <gpxtpx:hr>177</gpxtpx:hr>
     </gpxtpx:TrackPointExtension>
    </extensions>
   </trkpt>
   <trkpt lat="52.5196480" lon="13.2400820">
    <ele>67.2</ele>
    <time>2025-09-18T14:41:56Z</time>
    <extensions>
     <power>275</power>
     <gpxtpx:TrackPointExtension>
      <gpxtpx:hr>177</gpxtpx:hr>
     </gpxtpx:TrackPointExtension>
    </extensions>
   </trkpt>
   <trkpt lat="52.5196670" lon="13.2400700">
    <ele>67.2</ele>
    <time>2025-09-18T14:41:57Z</time>
    <extensions>
     <power>273</power>
     <gpxtpx:TrackPointExtension>
      <gpxtpx:hr>177</gpxtpx:hr>
     </gpxtpx:TrackPointExtension>
    </extensions>
   </trkpt>
   <trkpt lat="52.5197100" lon="13.2400280">
    <ele>67.4</ele>
    <time>2025-09-18T14:41:58Z</time>
    <extensions>
     <power>273</power>
     <gpxtpx:TrackPointExtension>
      <gpxtpx:hr>177</gpxtpx:hr>
     </gpxtpx:TrackPointExtension>
    </extensions>
   </trkpt>
   <trkpt lat="52.5197270" lon="13.2400090">
    <ele>67.4</ele>
    <time>2025-09-18T14:41:59Z</time>
    <extensions>
     <power>273</power>
     <gpxtpx:TrackPointExtension>
      <gpxtpx:hr>177</gpxtpx:hr>
     </gpxtpx:TrackPointExtension>
    </extensions>
   </trkpt>
   <trkpt lat="52.5197430" lon="13.2399910">
    <ele>67.6</ele>
    <time>2025-09-18T14:42:00Z</time>
    <extensions>
     <power>273</power>
     <gpxtpx:TrackPointExtension>
      <gpxtpx:hr>177</gpxtpx:hr>
     </gpxtpx:TrackPointExtension>
    </extensions>
   </trkpt>
   <trkpt lat="52.5197780" lon="13.2399440">
    <ele>67.6</ele>
    <time>2025-09-18T14:42:01Z</time>
    <extensions>
     <power>273</power>
     <gpxtpx:TrackPointExtension>
      <gpxtpx:hr>177</gpxtpx:hr>
     </gpxtpx:TrackPointExtension>
    </extensions>
   </trkpt>
   <trkpt lat="52.5197890" lon="13.2399280">
    <ele>67.8</ele>
    <time>2025-09-18T14:42:02Z</time>
    <extensions>
     <power>275</power>
     <gpxtpx:TrackPointExtension>
      <gpxtpx:hr>177</gpxtpx:hr>
     </gpxtpx:TrackPointExtension>
    </extensions>
   </trkpt>
   <trkpt lat="52.5198260" lon="13.2398760">
    <ele>68.0</ele>
    <time>2025-09-18T14:42:03Z</time>
    <extensions>
     <power>275</power>
     <gpxtpx:TrackPointExtension>
      <gpxtpx:hr>177</gpxtpx:hr>
     </gpxtpx:TrackPointExtension>
    </extensions>
   </trkpt>
   <trkpt lat="52.5198410" lon="13.2398550">
    <ele>68.0</ele>
    <time>2025-09-18T14:42:04Z</time>
    <extensions>
     <power>275</power>
     <gpxtpx:TrackPointExtension>
      <gpxtpx:hr>177</gpxtpx:hr>
     </gpxtpx:TrackPointExtension>
    </extensions>
   </trkpt>
   <trkpt lat="52.5198560" lon="13.2398350">
    <ele>68.2</ele>
    <time>2025-09-18T14:42:05Z</time>
    <extensions>
     <power>270</power>
     <gpxtpx:TrackPointExtension>
      <gpxtpx:hr>177</gpxtpx:hr>
     </gpxtpx:TrackPointExtension>
    </extensions>
   </trkpt>
   <trkpt lat="52.5198930" lon="13.2397950">
    <ele>68.4</ele>
    <time>2025-09-18T14:42:06Z</time>
    <extensions>
     <power>270</power>
     <gpxtpx:TrackPointExtension>
      <gpxtpx:hr>177</gpxtpx:hr>
     </gpxtpx:TrackPointExtension>
    </extensions>
   </trkpt>
   <trkpt lat="52.5199050" lon="13.2397820">
    <ele>68.6</ele>
    <time>2025-09-18T14:42:07Z</time>
    <extensions>
     <power>266</power>
     <gpxtpx:TrackPointExtension>
      <gpxtpx:hr>177</gpxtpx:hr>
     </gpxtpx:TrackPointExtension>
    </extensions>
   </trkpt>
   <trkpt lat="52.5199430" lon="13.2397360">
    <ele>68.8</ele>
    <time>2025-09-18T14:42:08Z</time>
    <extensions>
     <power>266</power>
     <gpxtpx:TrackPointExtension>
      <gpxtpx:hr>177</gpxtpx:hr>
     </gpxtpx:TrackPointExtension>
    </extensions>
   </trkpt>
   <trkpt lat="52.5199570" lon="13.2397170">
    <ele>68.8</ele>
    <time>2025-09-18T14:42:09Z</time>
    <extensions>
     <power>266</power>
     <gpxtpx:TrackPointExtension>
      <gpxtpx:hr>177</gpxtpx:hr>
     </gpxtpx:TrackPointExtension>
    </extensions>
   </trkpt>
   <trkpt lat="52.5199720" lon="13.2396980">
    <ele>69.0</ele>
    <time>2025-09-18T14:42:10Z</time>
    <extensions>
     <power>268</power>
     <gpxtpx:TrackPointExtension>
      <gpxtpx:hr>177</gpxtpx:hr>
     </gpxtpx:TrackPointExtension>
    </extensions>
   </trkpt>
   <trkpt lat="52.5200050" lon="13.2396520">
    <ele>69.2</ele>
    <time>2025-09-18T14:42:11Z</time>
    <extensions>
     <power>268</power>
     <gpxtpx:TrackPointExtension>
      <gpxtpx:hr>177</gpxtpx:hr>
     </gpxtpx:TrackPointExtension>
    </extensions>
   </trkpt>
   <trkpt lat="52.5200160" lon="13.2396360">
    <ele>69.2</ele>
    <time>2025-09-18T14:42:12Z</time>
    <extensions>
     <power>265</power>
     <gpxtpx:TrackPointExtension>
      <gpxtpx:hr>177</gpxtpx:hr>
     </gpxtpx:TrackPointExtension>
    </extensions>
   </trkpt>
   <trkpt lat="52.5200570" lon="13.2395880">
    <ele>69.4</ele>
    <time>2025-09-18T14:42:13Z</time>
    <extensions>
     <power>265</power>
     <gpxtpx:TrackPointExtension>
      <gpxtpx:hr>177</gpxtpx:hr>
     </gpxtpx:TrackPointExtension>
    </extensions>
   </trkpt>
   <trkpt lat="52.5200740" lon="13.2395690">
    <ele>69.4</ele>
    <time>2025-09-18T14:42:14Z</time>
    <extensions>
     <power>265</power>
     <gpxtpx:TrackPointExtension>
      <gpxtpx:hr>177</gpxtpx:hr>
     </gpxtpx:TrackPointExtension>
    </extensions>
   </trkpt>
   <trkpt lat="52.5200910" lon="13.2395510">
    <ele>69.4</ele>
    <time>2025-09-18T14:42:15Z</time>
    <extensions>
     <power>265</power>
     <gpxtpx:TrackPointExtension>
      <gpxtpx:hr>177</gpxtpx:hr>
     </gpxtpx:TrackPointExtension>
    </extensions>
   </trkpt>
   <trkpt lat="52.5201340" lon="13.2395110">
    <ele>69.6</ele>
    <time>2025-09-18T14:42:16Z</time>
    <extensions>
     <power>265</power>
     <gpxtpx:TrackPointExtension>
      <gpxtpx:hr>177</gpxtpx:hr>
     </gpxtpx:TrackPointExtension>
    </extensions>
   </trkpt>
   <trkpt lat="52.5201500" lon="13.2394970">
    <ele>69.6</ele>
    <time>2025-09-18T14:42:17Z</time>
    <extensions>
     <power>265</power>
     <gpxtpx:TrackPointExtension>
      <gpxtpx:hr>177</gpxtpx:hr>
     </gpxtpx:TrackPointExtension>
    </extensions>
   </trkpt>
   <trkpt lat="52.5201670" lon="13.2394820">
    <ele>69.6</ele>
    <time>2025-09-18T14:42:18Z</time>
    <extensions>
     <power>266</power>
     <gpxtpx:TrackPointExtension>
      <gpxtpx:hr>177</gpxtpx:hr>
     </gpxtpx:TrackPointExtension>
    </extensions>
   </trkpt>
   <trkpt lat="52.5202050" lon="13.2394500">
    <ele>69.6</ele>
    <time>2025-09-18T14:42:19Z</time>
    <extensions>
     <power>266</power>
     <gpxtpx:TrackPointExtension>
      <gpxtpx:hr>177</gpxtpx:hr>
     </gpxtpx:TrackPointExtension>
    </extensions>
   </trkpt>
   <trkpt lat="52.5202170" lon="13.2394390">
    <ele>69.6</ele>
    <time>2025-09-18T14:42:20Z</time>
    <extensions>
     <power>265</power>
     <gpxtpx:TrackPointExtension>
      <gpxtpx:hr>177</gpxtpx:hr>
     </gpxtpx:TrackPointExtension>
    </extensions>
   </trkpt>
   <trkpt lat="52.5202590" lon="13.2393990">
    <ele>69.6</ele>
    <time>2025-09-18T14:42:21Z</time>
    <extensions>
     <power>265</power>
     <gpxtpx:TrackPointExtension>
      <gpxtpx:hr>177</gpxtpx:hr>
     </gpxtpx:TrackPointExtension>
    </extensions>
   </trkpt>
   <trkpt lat="52.5202760" lon="13.2393820">
    <ele>69.6</ele>
    <time>2025-09-18T14:42:22Z</time>
    <extensions>
     <power>265</power>
     <gpxtpx:TrackPointExtension>
      <gpxtpx:hr>177</gpxtpx:hr>
     </gpxtpx:TrackPointExtension>
    </extensions>
   </trkpt>
   <trkpt lat="52.5202920" lon="13.2393660">
    <ele>69.6</ele>
    <time>2025-09-18T14:42:23Z</time>
    <extensions>
     <power>268</power>
     <gpxtpx:TrackPointExtension>
      <gpxtpx:hr>177</gpxtpx:hr>
     </gpxtpx:TrackPointExtension>
    </extensions>
   </trkpt>
   <trkpt lat="52.5203270" lon="13.2393250">
    <ele>69.6</ele>
    <time>2025-09-18T14:42:24Z</time>
    <extensions>
     <power>268</power>
     <gpxtpx:TrackPointExtension>
      <gpxtpx:hr>177</gpxtpx:hr>
     </gpxtpx:TrackPointExtension>
    </extensions>
   </trkpt>
   <trkpt lat="52.5203380" lon="13.2393100">
    <ele>69.6</ele>
    <time>2025-09-18T14:42:25Z</time>
    <extensions>
     <power>270</power>
     <gpxtpx:TrackPointExtension>
      <gpxtpx:hr>177</gpxtpx:hr>
     </gpxtpx:TrackPointExtension>
    </extensions>
   </trkpt>
   <trkpt lat="52.5203740" lon="13.2392560">
    <ele>69.6</ele>
    <time>2025-09-18T14:42:26Z</time>
    <extensions>
     <power>270</power>
     <gpxtpx:TrackPointExtension>
      <gpxtpx:hr>177</gpxtpx:hr>
     </gpxtpx:TrackPointExtension>
    </extensions>
   </trkpt>
   <trkpt lat="52.5203890" lon="13.2392340">
    <ele>69.6</ele>
    <time>2025-09-18T14:42:27Z</time>
    <extensions>
     <power>270</power>
     <gpxtpx:TrackPointExtension>
      <gpxtpx:hr>177</gpxtpx:hr>
     </gpxtpx:TrackPointExtension>
    </extensions>
   </trkpt>
   <trkpt lat="52.5204030" lon="13.2392110">
    <ele>69.6</ele>
    <time>2025-09-18T14:42:28Z</time>
    <extensions>
     <power>271</power>
     <gpxtpx:TrackPointExtension>
      <gpxtpx:hr>177</gpxtpx:hr>
     </gpxtpx:TrackPointExtension>
    </extensions>
   </trkpt>
   <trkpt lat="52.5204280" lon="13.2391470">
    <ele>69.6</ele>
    <time>2025-09-18T14:42:29Z</time>
    <extensions>
     <power>271</power>
     <gpxtpx:TrackPointExtension>
      <gpxtpx:hr>177</gpxtpx:hr>
     </gpxtpx:TrackPointExtension>
    </extensions>
   </trkpt>
   <trkpt lat="52.5204340" lon="13.2391240">
    <ele>69.6</ele>
    <time>2025-09-18T14:42:30Z</time>
    <extensions>
     <power>273</power>
     <gpxtpx:TrackPointExtension>
      <gpxtpx:hr>176</gpxtpx:hr>
     </gpxtpx:TrackPointExtension>
    </extensions>
   </trkpt>
   <trkpt lat="52.5204410" lon="13.2390410">
    <ele>69.6</ele>
    <time>2025-09-18T14:42:31Z</time>
    <extensions>
     <power>273</power>
     <gpxtpx:TrackPointExtension>
      <gpxtpx:hr>176</gpxtpx:hr>
     </gpxtpx:TrackPointExtension>
    </extensions>
   </trkpt>
   <trkpt lat="52.5204400" lon="13.2390080">
    <ele>69.6</ele>
    <time>2025-09-18T14:42:32Z</time>
    <extensions>
     <power>273</power>
     <gpxtpx:TrackPointExtension>
      <gpxtpx:hr>176</gpxtpx:hr>
     </gpxtpx:TrackPointExtension>
    </extensions>
   </trkpt>
   <trkpt lat="52.5204400" lon="13.2389740">
    <ele>69.6</ele>
    <time>2025-09-18T14:42:33Z</time>
    <extensions>
     <power>274</power>
     <gpxtpx:TrackPointExtension>
      <gpxtpx:hr>176</gpxtpx:hr>
     </gpxtpx:TrackPointExtension>
    </extensions>
   </trkpt>
   <trkpt lat="52.5204290" lon="13.2388890">
    <ele>69.6</ele>
    <time>2025-09-18T14:42:34Z</time>
    <extensions>
     <power>274</power>
     <gpxtpx:TrackPointExtension>
      <gpxtpx:hr>176</gpxtpx:hr>
     </gpxtpx:TrackPointExtension>
    </extensions>
   </trkpt>
   <trkpt lat="52.5204220" lon="13.2388550">
    <ele>69.6</ele>
    <time>2025-09-18T14:42:35Z</time>
    <extensions>
     <power>274</power>
     <gpxtpx:TrackPointExtension>
      <gpxtpx:hr>176</gpxtpx:hr>
     </gpxtpx:TrackPointExtension>
    </extensions>
   </trkpt>
   <trkpt lat="52.5204160" lon="13.2388210">
    <ele>69.6</ele>
    <time>2025-09-18T14:42:36Z</time>
    <extensions>
     <power>278</power>
     <gpxtpx:TrackPointExtension>
      <gpxtpx:hr>176</gpxtpx:hr>
     </gpxtpx:TrackPointExtension>
    </extensions>
   </trkpt>
   <trkpt lat="52.5203950" lon="13.2387470">
    <ele>69.4</ele>
    <time>2025-09-18T14:42:37Z</time>
    <extensions>
     <power>278</power>
     <gpxtpx:TrackPointExtension>
      <gpxtpx:hr>175</gpxtpx:hr>
     </gpxtpx:TrackPointExtension>
    </extensions>
   </trkpt>
   <trkpt lat="52.5203870" lon="13.2387240">
    <ele>69.4</ele>
    <time>2025-09-18T14:42:38Z</time>
    <extensions>
     <power>278</power>
     <gpxtpx:TrackPointExtension>
      <gpxtpx:hr>175</gpxtpx:hr>
     </gpxtpx:TrackPointExtension>
    </extensions>
   </trkpt>
   <trkpt lat="52.5203580" lon="13.2386490">
    <ele>69.4</ele>
    <time>2025-09-18T14:42:39Z</time>
    <extensions>
     <power>278</power>
     <gpxtpx:TrackPointExtension>
      <gpxtpx:hr>175</gpxtpx:hr>
     </gpxtpx:TrackPointExtension>
    </extensions>
   </trkpt>
   <trkpt lat="52.5203470" lon="13.2386200">
    <ele>69.4</ele>
    <time>2025-09-18T14:42:40Z</time>
    <extensions>
     <power>278</power>
     <gpxtpx:TrackPointExtension>
      <gpxtpx:hr>175</gpxtpx:hr>
     </gpxtpx:TrackPointExtension>
    </extensions>
   </trkpt>
   <trkpt lat="52.5203350" lon="13.2385900">
    <ele>69.4</ele>
    <time>2025-09-18T14:42:41Z</time>
    <extensions>
     <power>275</power>
     <gpxtpx:TrackPointExtension>
      <gpxtpx:hr>175</gpxtpx:hr>
     </gpxtpx:TrackPointExtension>
    </extensions>
   </trkpt>
   <trkpt lat="52.5203110" lon="13.2385210">
    <ele>69.4</ele>
    <time>2025-09-18T14:42:42Z</time>
    <extensions>
     <power>275</power>
     <gpxtpx:TrackPointExtension>
      <gpxtpx:hr>175</gpxtpx:hr>
     </gpxtpx:TrackPointExtension>
    </extensions>
   </trkpt>
   <trkpt lat="52.5203030" lon="13.2384970">
    <ele>69.4</ele>
    <time>2025-09-18T14:42:43Z</time>
    <extensions>
     <power>280</power>
     <gpxtpx:TrackPointExtension>
      <gpxtpx:hr>175</gpxtpx:hr>
     </gpxtpx:TrackPointExtension>
    </extensions>
   </trkpt>
   <trkpt lat="52.5202800" lon="13.2384150">
    <ele>69.4</ele>
    <time>2025-09-18T14:42:44Z</time>
    <extensions>
     <power>280</power>
     <gpxtpx:TrackPointExtension>
      <gpxtpx:hr>176</gpxtpx:hr>
     </gpxtpx:TrackPointExtension>
    </extensions>
   </trkpt>
   <trkpt lat="52.5202710" lon="13.2383810">
    <ele>69.4</ele>
    <time>2025-09-18T14:42:45Z</time>
    <extensions>
     <power>280</power>
     <gpxtpx:TrackPointExtension>
      <gpxtpx:hr>176</gpxtpx:hr>
     </gpxtpx:TrackPointExtension>
    </extensions>
   </trkpt>
   <trkpt lat="52.5202630" lon="13.2383470">
    <ele>69.4</ele>
    <time>2025-09-18T14:42:46Z</time>
    <extensions>
     <power>281</power>
     <gpxtpx:TrackPointExtension>
      <gpxtpx:hr>176</gpxtpx:hr>
     </gpxtpx:TrackPointExtension>
    </extensions>
   </trkpt>
   <trkpt lat="52.5202420" lon="13.2382660">
    <ele>69.4</ele>
    <time>2025-09-18T14:42:47Z</time>
    <extensions>
     <power>281</power>
     <gpxtpx:TrackPointExtension>
      <gpxtpx:hr>176</gpxtpx:hr>
     </gpxtpx:TrackPointExtension>
    </extensions>
   </trkpt>
   <trkpt lat="52.5202340" lon="13.2382340">
    <ele>69.4</ele>
    <time>2025-09-18T14:42:48Z</time>
    <extensions>
     <power>281</power>
     <gpxtpx:TrackPointExtension>
      <gpxtpx:hr>176</gpxtpx:hr>
     </gpxtpx:TrackPointExtension>
    </extensions>
   </trkpt>
   <trkpt lat="52.5202250" lon="13.2382030">
    <ele>69.4</ele>
    <time>2025-09-18T14:42:49Z</time>
    <extensions>
     <power>284</power>
     <gpxtpx:TrackPointExtension>
      <gpxtpx:hr>176</gpxtpx:hr>
     </gpxtpx:TrackPointExtension>
    </extensions>
   </trkpt>
   <trkpt lat="52.5202030" lon="13.2381370">
    <ele>69.2</ele>
    <time>2025-09-18T14:42:50Z</time>
    <extensions>
     <power>284</power>
     <gpxtpx:TrackPointExtension>
      <gpxtpx:hr>176</gpxtpx:hr>
     </gpxtpx:TrackPointExtension>
    </extensions>
   </trkpt>
   <trkpt lat="52.5201950" lon="13.2381160">
    <ele>69.2</ele>
    <time>2025-09-18T14:42:51Z</time>
    <extensions>
     <power>282</power>
     <gpxtpx:TrackPointExtension>
      <gpxtpx:hr>175</gpxtpx:hr>
     </gpxtpx:TrackPointExtension>
    </extensions>
   </trkpt>
   <trkpt lat="52.5201690" lon="13.2380450">
    <ele>69.2</ele>
    <time>2025-09-18T14:42:52Z</time>
    <extensions>
     <power>282</power>
     <gpxtpx:TrackPointExtension>
      <gpxtpx:hr>175</gpxtpx:hr>
     </gpxtpx:TrackPointExtension>
    </extensions>
   </trkpt>
   <trkpt lat="52.5201580" lon="13.2380160">
    <ele>69.2</ele>
    <time>2025-09-18T14:42:53Z</time>
    <extensions>
     <power>282</power>
     <gpxtpx:TrackPointExtension>
      <gpxtpx:hr>175</gpxtpx:hr>
     </gpxtpx:TrackPointExtension>
    </extensions>
   </trkpt>
   <trkpt lat="52.5201470" lon="13.2379880">
    <ele>69.0</ele>
    <time>2025-09-18T14:42:54Z</time>
    <extensions>
     <power>279</power>
     <gpxtpx:TrackPointExtension>
      <gpxtpx:hr>175</gpxtpx:hr>
     </gpxtpx:TrackPointExtension>
    </extensions>
   </trkpt>
   <trkpt lat="52.5201200" lon="13.2379280">
    <ele>69.0</ele>
    <time>2025-09-18T14:42:55Z</time>
    <extensions>
     <power>279</power>
     <gpxtpx:TrackPointExtension>
      <gpxtpx:hr>175</gpxtpx:hr>
     </gpxtpx:TrackPointExtension>
    </extensions>
   </trkpt>
   <trkpt lat="52.5201100" lon="13.2379090">
    <ele>69.0</ele>
    <time>2025-09-18T14:42:56Z</time>
    <extensions>
     <power>278</power>
     <gpxtpx:TrackPointExtension>
      <gpxtpx:hr>175</gpxtpx:hr>
     </gpxtpx:TrackPointExtension>
    </extensions>
   </trkpt>
   <trkpt lat="52.5200810" lon="13.2378460">
    <ele>68.8</ele>
    <time>2025-09-18T14:42:57Z</time>
    <extensions>
     <power>278</power>
     <gpxtpx:TrackPointExtension>
      <gpxtpx:hr>175</gpxtpx:hr>
     </gpxtpx:TrackPointExtension>
    </extensions>
   </trkpt>
   <trkpt lat="52.5200690" lon="13.2378210">
    <ele>68.8</ele>
    <time>2025-09-18T14:42:58Z</time>
    <extensions>
     <power>278</power>
     <gpxtpx:TrackPointExtension>
      <gpxtpx:hr>175</gpxtpx:hr>
     </gpxtpx:TrackPointExtension>
    </extensions>
   </trkpt>
   <trkpt lat="52.5200580" lon="13.2377960">
    <ele>68.6</ele>
    <time>2025-09-18T14:42:59Z</time>
    <extensions>
     <power>277</power>
     <gpxtpx:TrackPointExtension>
      <gpxtpx:hr>171</gpxtpx:hr>
     </gpxtpx:TrackPointExtension>
    </extensions>
   </trkpt>
   <trkpt lat="52.5200350" lon="13.2377370">
    <ele>68.6</ele>
    <time>2025-09-18T14:43:00Z</time>
    <extensions>
     <power>277</power>
     <gpxtpx:TrackPointExtension>
      <gpxtpx:hr>171</gpxtpx:hr>
     </gpxtpx:TrackPointExtension>
    </extensions>
   </trkpt>
   <trkpt lat="52.5200280" lon="13.2377180">
    <ele>68.4</ele>
    <time>2025-09-18T14:43:01Z</time>
    <extensions>
     <power>270</power>
     <gpxtpx:TrackPointExtension>
      <gpxtpx:hr>171</gpxtpx:hr>
     </gpxtpx:TrackPointExtension>
    </extensions>
   </trkpt>
   <trkpt lat="52.5200060" lon="13.2376490">
    <ele>68.4</ele>
    <time>2025-09-18T14:43:02Z</time>
    <extensions>
     <power>270</power>
     <gpxtpx:TrackPointExtension>
      <gpxtpx:hr>171</gpxtpx:hr>
     </gpxtpx:TrackPointExtension>
    </extensions>
   </trkpt>
   <trkpt lat="52.5199980" lon="13.2376210">
    <ele>68.4</ele>
    <time>2025-09-18T14:43:03Z</time>
    <extensions>
     <power>270</power>
     <gpxtpx:TrackPointExtension>
      <gpxtpx:hr>171</gpxtpx:hr>
     </gpxtpx:TrackPointExtension>
    </extensions>
   </trkpt>
   <trkpt lat="52.5199900" lon="13.2375920">
    <ele>68.2</ele>
    <time>2025-09-18T14:43:04Z</time>
    <extensions>
     <power>271</power>
     <gpxtpx:TrackPointExtension>
      <gpxtpx:hr>171</gpxtpx:hr>
     </gpxtpx:TrackPointExtension>
    </extensions>
   </trkpt>
   <trkpt lat="52.5199710" lon="13.2375120">
    <ele>68.2</ele>
    <time>2025-09-18T14:43:05Z</time>
    <extensions>
     <power>271</power>
     <gpxtpx:TrackPointExtension>
      <gpxtpx:hr>172</gpxtpx:hr>
     </gpxtpx:TrackPointExtension>
    </extensions>
   </trkpt>
   <trkpt lat="52.5199640" lon="13.2374800">
    <ele>68.2</ele>
    <time>2025-09-18T14:43:06Z</time>
    <extensions>
     <power>271</power>
     <gpxtpx:TrackPointExtension>
      <gpxtpx:hr>172</gpxtpx:hr>
     </gpxtpx:TrackPointExtension>
    </extensions>
   </trkpt>
   <trkpt lat="52.5199560" lon="13.2374470">
    <ele>68.2</ele>
    <time>2025-09-18T14:43:07Z</time>
    <extensions>
     <power>276</power>
     <gpxtpx:TrackPointExtension>
      <gpxtpx:hr>172</gpxtpx:hr>
     </gpxtpx:TrackPointExtension>
    </extensions>
   </trkpt>
   <trkpt lat="52.5199360" lon="13.2373770">
    <ele>68.0</ele>
    <time>2025-09-18T14:43:08Z</time>
    <extensions>
     <power>276</power>
     <gpxtpx:TrackPointExtension>
      <gpxtpx:hr>172</gpxtpx:hr>
     </gpxtpx:TrackPointExtension>
    </extensions>
   </trkpt>
   <trkpt lat="52.5199280" lon="13.2373550">
    <ele>68.0</ele>
    <time>2025-09-18T14:43:09Z</time>
    <extensions>
     <power>275</power>
     <gpxtpx:TrackPointExtension>
      <gpxtpx:hr>172</gpxtpx:hr>
     </gpxtpx:TrackPointExtension>
    </extensions>
   </trkpt>
   <trkpt lat="52.5199000" lon="13.2372890">
    <ele>68.0</ele>
    <time>2025-09-18T14:43:10Z</time>
    <extensions>
     <power>275</power>
     <gpxtpx:TrackPointExtension>
      <gpxtpx:hr>174</gpxtpx:hr>
     </gpxtpx:TrackPointExtension>
    </extensions>
   </trkpt>
   <trkpt lat="52.5198870" lon="13.2372650">
    <ele>68.0</ele>
    <time>2025-09-18T14:43:11Z</time>
    <extensions>
     <power>275</power>
     <gpxtpx:TrackPointExtension>
      <gpxtpx:hr>174</gpxtpx:hr>
     </gpxtpx:TrackPointExtension>
    </extensions>
   </trkpt>
   <trkpt lat="52.5198750" lon="13.2372400">
    <ele>68.0</ele>
    <time>2025-09-18T14:43:12Z</time>
    <extensions>
     <power>274</power>
     <gpxtpx:TrackPointExtension>
      <gpxtpx:hr>175</gpxtpx:hr>
     </gpxtpx:TrackPointExtension>
    </extensions>
   </trkpt>
   <trkpt lat="52.5198560" lon="13.2372050">
    <ele>68.0</ele>
    <time>2025-09-18T14:43:13Z</time>
    <extensions>
     <power>274</power>
     <gpxtpx:TrackPointExtension>
      <gpxtpx:hr>175</gpxtpx:hr>
     </gpxtpx:TrackPointExtension>
    </extensions>
   </trkpt>
   <trkpt lat="52.5198560" lon="13.2372050">
    <ele>68.0</ele>
    <time>2025-09-18T14:43:14Z</time>
    <extensions>
     <power>273</power>
     <gpxtpx:TrackPointExtension>
      <gpxtpx:hr>175</gpxtpx:hr>
     </gpxtpx:TrackPointExtension>
    </extensions>
   </trkpt>
   <trkpt lat="52.5198260" lon="13.2371450">
    <ele>68.0</ele>
    <time>2025-09-18T14:43:15Z</time>
    <extensions>
     <power>273</power>
     <gpxtpx:TrackPointExtension>
      <gpxtpx:hr>175</gpxtpx:hr>
     </gpxtpx:TrackPointExtension>
    </extensions>
   </trkpt>
   <trkpt lat="52.5198150" lon="13.2371190">
    <ele>68.0</ele>
    <time>2025-09-18T14:43:16Z</time>
    <extensions>
     <power>273</power>
     <gpxtpx:TrackPointExtension>
      <gpxtpx:hr>175</gpxtpx:hr>
     </gpxtpx:TrackPointExtension>
    </extensions>
   </trkpt>
   <trkpt lat="52.5198040" lon="13.2370930">
    <ele>68.2</ele>
    <time>2025-09-18T14:43:17Z</time>
    <extensions>
     <power>277</power>
     <gpxtpx:TrackPointExtension>
      <gpxtpx:hr>174</gpxtpx:hr>
     </gpxtpx:TrackPointExtension>
    </extensions>
   </trkpt>
   <trkpt lat="52.5197850" lon="13.2370120">
    <ele>68.2</ele>
    <time>2025-09-18T14:43:18Z</time>
    <extensions>
     <power>277</power>
     <gpxtpx:TrackPointExtension>
      <gpxtpx:hr>174</gpxtpx:hr>
     </gpxtpx:TrackPointExtension>
    </extensions>
   </trkpt>
   <trkpt lat="52.5197800" lon="13.2369790">
    <ele>68.2</ele>
    <time>2025-09-18T14:43:19Z</time>
    <extensions>
     <power>277</power>
     <gpxtpx:TrackPointExtension>
      <gpxtpx:hr>174</gpxtpx:hr>
     </gpxtpx:TrackPointExtension>
    </extensions>
   </trkpt>
   <trkpt lat="52.5197740" lon="13.2369450">
    <ele>68.2</ele>
    <time>2025-09-18T14:43:20Z</time>
    <extensions>
     <power>276</power>
     <gpxtpx:TrackPointExtension>
      <gpxtpx:hr>174</gpxtpx:hr>
     </gpxtpx:TrackPointExtension>
    </extensions>
   </trkpt>
   <trkpt lat="52.5197670" lon="13.2368770">
    <ele>68.2</ele>
    <time>2025-09-18T14:43:21Z</time>
    <extensions>
     <power>276</power>
     <gpxtpx:TrackPointExtension>
      <gpxtpx:hr>174</gpxtpx:hr>
     </gpxtpx:TrackPointExtension>
    </extensions>
   </trkpt>
   <trkpt lat="52.5197640" lon="13.2368560">
    <ele>68.2</ele>
    <time>2025-09-18T14:43:22Z</time>
    <extensions>
     <power>269</power>
     <gpxtpx:TrackPointExtension>
      <gpxtpx:hr>174</gpxtpx:hr>
     </gpxtpx:TrackPointExtension>
    </extensions>
   </trkpt>
   <trkpt lat="52.5197490" lon="13.2367900">
    <ele>68.2</ele>
    <time>2025-09-18T14:43:23Z</time>
    <extensions>
     <power>269</power>
     <gpxtpx:TrackPointExtension>
      <gpxtpx:hr>175</gpxtpx:hr>
     </gpxtpx:TrackPointExtension>
    </extensions>
   </trkpt>
   <trkpt lat="52.5197420" lon="13.2367650">
    <ele>68.2</ele>
    <time>2025-09-18T14:43:24Z</time>
    <extensions>
     <power>269</power>
     <gpxtpx:TrackPointExtension>
      <gpxtpx:hr>175</gpxtpx:hr>
     </gpxtpx:TrackPointExtension>
    </extensions>
   </trkpt>
   <trkpt lat="52.5197340" lon="13.2367390">
    <ele>68.2</ele>
    <time>2025-09-18T14:43:25Z</time>
    <extensions>
     <power>266</power>
     <gpxtpx:TrackPointExtension>
      <gpxtpx:hr>175</gpxtpx:hr>
     </gpxtpx:TrackPointExtension>
    </extensions>
   </trkpt>
   <trkpt lat="52.5197110" lon="13.2366840">
    <ele>68.2</ele>
    <time>2025-09-18T14:43:26Z</time>
    <extensions>
     <power>266</power>
     <gpxtpx:TrackPointExtension>
      <gpxtpx:hr>174</gpxtpx:hr>
     </gpxtpx:TrackPointExtension>
    </extensions>
   </trkpt>
   <trkpt lat="52.5197020" lon="13.2366660">
    <ele>68.2</ele>
    <time>2025-09-18T14:43:27Z</time>
    <extensions>
     <power>266</power>
     <gpxtpx:TrackPointExtension>
      <gpxtpx:hr>174</gpxtpx:hr>
     </gpxtpx:TrackPointExtension>
    </extensions>
   </trkpt>
   <trkpt lat="52.5196740" lon="13.2366010">
    <ele>68.2</ele>
    <time>2025-09-18T14:43:28Z</time>
    <extensions>
     <power>266</power>
     <gpxtpx:TrackPointExtension>
      <gpxtpx:hr>174</gpxtpx:hr>
     </gpxtpx:TrackPointExtension>
    </extensions>
   </trkpt>
   <trkpt lat="52.5196640" lon="13.2365740">
    <ele>68.2</ele>
    <time>2025-09-18T14:43:29Z</time>
    <extensions>
     <power>266</power>
     <gpxtpx:TrackPointExtension>
      <gpxtpx:hr>174</gpxtpx:hr>
     </gpxtpx:TrackPointExtension>
    </extensions>
   </trkpt>
   <trkpt lat="52.5196530" lon="13.2365460">
    <ele>68.2</ele>
    <time>2025-09-18T14:43:30Z</time>
    <extensions>
     <power>266</power>
     <gpxtpx:TrackPointExtension>
      <gpxtpx:hr>174</gpxtpx:hr>
     </gpxtpx:TrackPointExtension>
    </extensions>
   </trkpt>
   <trkpt lat="52.5196330" lon="13.2364780">
    <ele>68.2</ele>
    <time>2025-09-18T14:43:31Z</time>
    <extensions>
     <power>266</power>
     <gpxtpx:TrackPointExtension>
      <gpxtpx:hr>174</gpxtpx:hr>
     </gpxtpx:TrackPointExtension>
    </extensions>
   </trkpt>
   <trkpt lat="52.5196260" lon="13.2364560">
    <ele>68.2</ele>
    <time>2025-09-18T14:43:32Z</time>
    <extensions>
     <power>264</power>
     <gpxtpx:TrackPointExtension>
      <gpxtpx:hr>174</gpxtpx:hr>
     </gpxtpx:TrackPointExtension>
    </extensions>
   </trkpt>
   <trkpt lat="52.5195910" lon="13.2363730">
    <ele>68.2</ele>
    <time>2025-09-18T14:43:33Z</time>
    <extensions>
     <power>264</power>
     <gpxtpx:TrackPointExtension>
      <gpxtpx:hr>174</gpxtpx:hr>
     </gpxtpx:TrackPointExtension>
    </extensions>
   </trkpt>
   <trkpt lat="52.5195720" lon="13.2363340">
    <ele>68.0</ele>
    <time>2025-09-18T14:43:34Z</time>
    <extensions>
     <power>264</power>
     <gpxtpx:TrackPointExtension>
      <gpxtpx:hr>174</gpxtpx:hr>
     </gpxtpx:TrackPointExtension>
    </extensions>
   </trkpt>
   <trkpt lat="52.5195520" lon="13.2362950">
    <ele>68.0</ele>
    <time>2025-09-18T14:43:35Z</time>
    <extensions>
     <power>270</power>
     <gpxtpx:TrackPointExtension>
      <gpxtpx:hr>174</gpxtpx:hr>
     </gpxtpx:TrackPointExtension>
    </extensions>
   </trkpt>
   <trkpt lat="52.5195120" lon="13.2362370">
    <ele>68.0</ele>
    <time>2025-09-18T14:43:36Z</time>
    <extensions>
     <power>270</power>
     <gpxtpx:TrackPointExtension>
      <gpxtpx:hr>174</gpxtpx:hr>
     </gpxtpx:TrackPointExtension>
    </extensions>
   </trkpt>
   <trkpt lat="52.5194960" lon="13.2362150">
    <ele>68.0</ele>
    <time>2025-09-18T14:43:37Z</time>
    <extensions>
     <power>270</power>
     <gpxtpx:TrackPointExtension>
      <gpxtpx:hr>174</gpxtpx:hr>
     </gpxtpx:TrackPointExtension>
    </extensions>
   </trkpt>
   <trkpt lat="52.5194800" lon="13.2361920">
    <ele>68.0</ele>
    <time>2025-09-18T14:43:38Z</time>
    <extensions>
     <power>272</power>
     <gpxtpx:TrackPointExtension>
      <gpxtpx:hr>174</gpxtpx:hr>
     </gpxtpx:TrackPointExtension>
    </extensions>
   </trkpt>
   <trkpt lat="52.5194470" lon="13.2361410">
    <ele>67.8</ele>
    <time>2025-09-18T14:43:39Z</time>
    <extensions>
     <power>272</power>
     <gpxtpx:TrackPointExtension>
      <gpxtpx:hr>174</gpxtpx:hr>
     </gpxtpx:TrackPointExtension>
    </extensions>
   </trkpt>
   <trkpt lat="52.5194370" lon="13.2361240">
    <ele>67.8</ele>
    <time>2025-09-18T14:43:40Z</time>
    <extensions>
     <power>276</power>
     <gpxtpx:TrackPointExtension>
      <gpxtpx:hr>174</gpxtpx:hr>
     </gpxtpx:TrackPointExtension>
    </extensions>
   </trkpt>
   <trkpt lat="52.5194100" lon="13.2360590">
    <ele>67.6</ele>
    <time>2025-09-18T14:43:41Z</time>
    <extensions>
     <power>276</power>
     <gpxtpx:TrackPointExtension>
      <gpxtpx:hr>174</gpxtpx:hr>
     </gpxtpx:TrackPointExtension>
    </extensions>
   </trkpt>
   <trkpt lat="52.5194000" lon="13.2360320">
    <ele>67.6</ele>
    <time>2025-09-18T14:43:42Z</time>
    <extensions>
     <power>276</power>
     <gpxtpx:TrackPointExtension>
      <gpxtpx:hr>174</gpxtpx:hr>
     </gpxtpx:TrackPointExtension>
    </extensions>
   </trkpt>
   <trkpt lat="52.5193900" lon="13.2360050">
    <ele>67.4</ele>
    <time>2025-09-18T14:43:43Z</time>
    <extensions>
     <power>274</power>
     <gpxtpx:TrackPointExtension>
      <gpxtpx:hr>174</gpxtpx:hr>
     </gpxtpx:TrackPointExtension>
    </extensions>
   </trkpt>
   <trkpt lat="52.5193700" lon="13.2359410">
    <ele>67.4</ele>
    <time>2025-09-18T14:43:44Z</time>
    <extensions>
     <power>274</power>
     <gpxtpx:TrackPointExtension>
      <gpxtpx:hr>174</gpxtpx:hr>
     </gpxtpx:TrackPointExtension>
    </extensions>
   </trkpt>
   <trkpt lat="52.5193630" lon="13.2359200">
    <ele>67.4</ele>
    <time>2025-09-18T14:43:45Z</time>
    <extensions>
     <power>279</power>
     <gpxtpx:TrackPointExtension>
      <gpxtpx:hr>174</gpxtpx:hr>
     </gpxtpx:TrackPointExtension>
    </extensions>
   </trkpt>
   <trkpt lat="52.5193420" lon="13.2358460">
    <ele>67.2</ele>
    <time>2025-09-18T14:43:46Z</time>
    <extensions>
     <power>279</power>
     <gpxtpx:TrackPointExtension>
      <gpxtpx:hr>174</gpxtpx:hr>
     </gpxtpx:TrackPointExtension>
    </extensions>
   </trkpt>
   <trkpt lat="52.5193340" lon="13.2358160">
    <ele>67.2</ele>
    <time>2025-09-18T14:43:47Z</time>
    <extensions>
     <power>279</power>
     <gpxtpx:TrackPointExtension>
      <gpxtpx:hr>174</gpxtpx:hr>
     </gpxtpx:TrackPointExtension>
    </extensions>
   </trkpt>
   <trkpt lat="52.5193260" lon="13.2357870">
    <ele>67.0</ele>
    <time>2025-09-18T14:43:48Z</time>
    <extensions>
     <power>280</power>
     <gpxtpx:TrackPointExtension>
      <gpxtpx:hr>174</gpxtpx:hr>
     </gpxtpx:TrackPointExtension>
    </extensions>
   </trkpt>
   <trkpt lat="52.5193010" lon="13.2357250">
    <ele>67.0</ele>
    <time>2025-09-18T14:43:49Z</time>
    <extensions>
     <power>280</power>
     <gpxtpx:TrackPointExtension>
      <gpxtpx:hr>174</gpxtpx:hr>
     </gpxtpx:TrackPointExtension>
    </extensions>
   </trkpt>
   <trkpt lat="52.5192900" lon="13.2357010">
    <ele>66.8</ele>
    <time>2025-09-18T14:43:50Z</time>
    <extensions>
     <power>280</power>
     <gpxtpx:TrackPointExtension>
      <gpxtpx:hr>174</gpxtpx:hr>
     </gpxtpx:TrackPointExtension>
    </extensions>
   </trkpt>
   <trkpt lat="52.5192790" lon="13.2356780">
    <ele>66.8</ele>
    <time>2025-09-18T14:43:51Z</time>
    <extensions>
     <power>274</power>
     <gpxtpx:TrackPointExtension>
      <gpxtpx:hr>174</gpxtpx:hr>
     </gpxtpx:TrackPointExtension>
    </extensions>
   </trkpt>
   <trkpt lat="52.5192520" lon="13.2356270">
    <ele>66.6</ele>
    <time>2025-09-18T14:43:52Z</time>
    <extensions>
     <power>274</power>
     <gpxtpx:TrackPointExtension>
      <gpxtpx:hr>174</gpxtpx:hr>
     </gpxtpx:TrackPointExtension>
    </extensions>
   </trkpt>
   <trkpt lat="52.5192430" lon="13.2356110">
    <ele>66.6</ele>
    <time>2025-09-18T14:43:53Z</time>
    <extensions>
     <power>269</power>
     <gpxtpx:TrackPointExtension>
      <gpxtpx:hr>174</gpxtpx:hr>
     </gpxtpx:TrackPointExtension>
    </extensions>
   </trkpt>
   <trkpt lat="52.5192130" lon="13.2355530">
    <ele>66.4</ele>
    <time>2025-09-18T14:43:54Z</time>
    <extensions>
     <power>269</power>
     <gpxtpx:TrackPointExtension>
      <gpxtpx:hr>174</gpxtpx:hr>
     </gpxtpx:TrackPointExtension>
    </extensions>
   </trkpt>
   <trkpt lat="52.5192020" lon="13.2355290">
    <ele>66.4</ele>
    <time>2025-09-18T14:43:55Z</time>
    <extensions>
     <power>269</power>
     <gpxtpx:TrackPointExtension>
      <gpxtpx:hr>174</gpxtpx:hr>
     </gpxtpx:TrackPointExtension>
    </extensions>
   </trkpt>
   <trkpt lat="52.5191900" lon="13.2355050">
    <ele>66.2</ele>
    <time>2025-09-18T14:43:56Z</time>
    <extensions>
     <power>262</power>
     <gpxtpx:TrackPointExtension>
      <gpxtpx:hr>174</gpxtpx:hr>
     </gpxtpx:TrackPointExtension>
    </extensions>
   </trkpt>
   <trkpt lat="52.5191660" lon="13.2354500">
    <ele>66.2</ele>
    <time>2025-09-18T14:43:57Z</time>
    <extensions>
     <power>262</power>
     <gpxtpx:TrackPointExtension>
      <gpxtpx:hr>174</gpxtpx:hr>
     </gpxtpx:TrackPointExtension>
    </extensions>
   </trkpt>
   <trkpt lat="52.5191570" lon="13.2354320">
    <ele>66.0</ele>
    <time>2025-09-18T14:43:58Z</time>
    <extensions>
     <power>257</power>
     <gpxtpx:TrackPointExtension>
      <gpxtpx:hr>174</gpxtpx:hr>
     </gpxtpx:TrackPointExtension>
    </extensions>
   </trkpt>
   <trkpt lat="52.5191320" lon="13.2353600">
    <ele>66.0</ele>
    <time>2025-09-18T14:43:59Z</time>
    <extensions>
     <power>257</power>
     <gpxtpx:TrackPointExtension>
      <gpxtpx:hr>174</gpxtpx:hr>
     </gpxtpx:TrackPointExtension>
    </extensions>
   </trkpt>
   <trkpt lat="52.5191240" lon="13.2353300">
    <ele>65.8</ele>
    <time>2025-09-18T14:44:00Z</time>
    <extensions>
     <power>257</power>
     <gpxtpx:TrackPointExtension>
      <gpxtpx:hr>174</gpxtpx:hr>
     </gpxtpx:TrackPointExtension>
    </extensions>
   </trkpt>
   <trkpt lat="52.5191150" lon="13.2352990">
    <ele>65.8</ele>
    <time>2025-09-18T14:44:01Z</time>
    <extensions>
     <power>265</power>
     <gpxtpx:TrackPointExtension>
      <gpxtpx:hr>173</gpxtpx:hr>
     </gpxtpx:TrackPointExtension>
    </extensions>
   </trkpt>
   <trkpt lat="52.5191000" lon="13.2352230">
    <ele>65.8</ele>
    <time>2025-09-18T14:44:02Z</time>
    <extensions>
     <power>265</power>
     <gpxtpx:TrackPointExtension>
      <gpxtpx:hr>173</gpxtpx:hr>
     </gpxtpx:TrackPointExtension>
    </extensions>
   </trkpt>
   <trkpt lat="52.5190950" lon="13.2351990">
    <ele>65.8</ele>
    <time>2025-09-18T14:44:03Z</time>
    <extensions>
     <power>274</power>
     <gpxtpx:TrackPointExtension>
      <gpxtpx:hr>173</gpxtpx:hr>
     </gpxtpx:TrackPointExtension>
    </extensions>
   </trkpt>
   <trkpt lat="52.5190770" lon="13.2351250">
    <ele>65.8</ele>
    <time>2025-09-18T14:44:04Z</time>
    <extensions>
     <power>274</power>
     <gpxtpx:TrackPointExtension>
      <gpxtpx:hr>173</gpxtpx:hr>
     </gpxtpx:TrackPointExtension>
    </extensions>
   </trkpt>
   <trkpt lat="52.5190680" lon="13.2350970">
    <ele>65.8</ele>
    <time>2025-09-18T14:44:05Z</time>
    <extensions>
     <power>274</power>
     <gpxtpx:TrackPointExtension>
      <gpxtpx:hr>173</gpxtpx:hr>
     </gpxtpx:TrackPointExtension>
    </extensions>
   </trkpt>
   <trkpt lat="52.5190600" lon="13.2350700">
    <ele>65.6</ele>
    <time>2025-09-18T14:44:06Z</time>
    <extensions>
     <power>277</power>
     <gpxtpx:TrackPointExtension>
      <gpxtpx:hr>173</gpxtpx:hr>
     </gpxtpx:TrackPointExtension>
    </extensions>
   </trkpt>
   <trkpt lat="52.5190350" lon="13.2350080">
    <ele>65.6</ele>
    <time>2025-09-18T14:44:07Z</time>
    <extensions>
     <power>277</power>
     <gpxtpx:TrackPointExtension>
      <gpxtpx:hr>174</gpxtpx:hr>
     </gpxtpx:TrackPointExtension>
    </extensions>
   </trkpt>
   <trkpt lat="52.5190230" lon="13.2349820">
    <ele>65.6</ele>
    <time>2025-09-18T14:44:08Z</time>
    <extensions>
     <power>277</power>
     <gpxtpx:TrackPointExtension>
      <gpxtpx:hr>174</gpxtpx:hr>
     </gpxtpx:TrackPointExtension>
    </extensions>
   </trkpt>
   <trkpt lat="52.5190120" lon="13.2349570">
    <ele>65.6</ele>
    <time>2025-09-18T14:44:09Z</time>
    <extensions>
     <power>275</power>
     <gpxtpx:TrackPointExtension>
      <gpxtpx:hr>174</gpxtpx:hr>
     </gpxtpx:TrackPointExtension>
    </extensions>
   </trkpt>
   <trkpt lat="52.5189860" lon="13.2348960">
    <ele>65.6</ele>
    <time>2025-09-18T14:44:10Z</time>
    <extensions>
     <power>275</power>
     <gpxtpx:TrackPointExtension>
      <gpxtpx:hr>174</gpxtpx:hr>
     </gpxtpx:TrackPointExtension>
    </extensions>
   </trkpt>
   <trkpt lat="52.5189770" lon="13.2348760">
    <ele>65.8</ele>
    <time>2025-09-18T14:44:11Z</time>
    <extensions>
     <power>279</power>
     <gpxtpx:TrackPointExtension>
      <gpxtpx:hr>174</gpxtpx:hr>
     </gpxtpx:TrackPointExtension>
    </extensions>
   </trkpt>
   <trkpt lat="52.5189520" lon="13.2348050">
    <ele>65.8</ele>
    <time>2025-09-18T14:44:12Z</time>
    <extensions>
     <power>279</power>
     <gpxtpx:TrackPointExtension>
      <gpxtpx:hr>174</gpxtpx:hr>
     </gpxtpx:TrackPointExtension>
    </extensions>
   </trkpt>
   <trkpt lat="52.5189440" lon="13.2347750">
    <ele>65.8</ele>
    <time>2025-09-18T14:44:13Z</time>
    <extensions>
     <power>279</power>
     <gpxtpx:TrackPointExtension>
      <gpxtpx:hr>174</gpxtpx:hr>
     </gpxtpx:TrackPointExtension>
    </extensions>
   </trkpt>
   <trkpt lat="52.5189350" lon="13.2347460">
    <ele>65.6</ele>
    <time>2025-09-18T14:44:14Z</time>
    <extensions>
     <power>276</power>
     <gpxtpx:TrackPointExtension>
      <gpxtpx:hr>174</gpxtpx:hr>
     </gpxtpx:TrackPointExtension>
    </extensions>
   </trkpt>
   <trkpt lat="52.5189200" lon="13.2346770">
    <ele>65.6</ele>
    <time>2025-09-18T14:44:15Z</time>
    <extensions>
     <power>276</power>
     <gpxtpx:TrackPointExtension>
      <gpxtpx:hr>174</gpxtpx:hr>
     </gpxtpx:TrackPointExtension>
    </extensions>
   </trkpt>
   <trkpt lat="52.5189150" lon="13.2346540">
    <ele>65.6</ele>
    <time>2025-09-18T14:44:16Z</time>
    <extensions>
     <power>276</power>
     <gpxtpx:TrackPointExtension>
      <gpxtpx:hr>174</gpxtpx:hr>
     </gpxtpx:TrackPointExtension>
    </extensions>
   </trkpt>
   <trkpt lat="52.5188950" lon="13.2345830">
    <ele>65.6</ele>
    <time>2025-09-18T14:44:17Z</time>
    <extensions>
     <power>276</power>
     <gpxtpx:TrackPointExtension>
      <gpxtpx:hr>174</gpxtpx:hr>
     </gpxtpx:TrackPointExtension>
    </extensions>
   </trkpt>
   <trkpt lat="52.5188850" lon="13.2345570">
    <ele>65.6</ele>
    <time>2025-09-18T14:44:18Z</time>
    <extensions>
     <power>276</power>
     <gpxtpx:TrackPointExtension>
      <gpxtpx:hr>174</gpxtpx:hr>
     </gpxtpx:TrackPointExtension>
    </extensions>
   </trkpt>
   <trkpt lat="52.5188760" lon="13.2345300">
    <ele>65.6</ele>
    <time>2025-09-18T14:44:19Z</time>
    <extensions>
     <power>272</power>
     <gpxtpx:TrackPointExtension>
      <gpxtpx:hr>174</gpxtpx:hr>
     </gpxtpx:TrackPointExtension>
    </extensions>
   </trkpt>
   <trkpt lat="52.5188520" lon="13.2344720">
    <ele>65.6</ele>
    <time>2025-09-18T14:44:20Z</time>
    <extensions>
     <power>272</power>
     <gpxtpx:TrackPointExtension>
      <gpxtpx:hr>174</gpxtpx:hr>
     </gpxtpx:TrackPointExtension>
    </extensions>
   </trkpt>
   <trkpt lat="52.5188430" lon="13.2344530">
    <ele>65.6</ele>
    <time>2025-09-18T14:44:21Z</time>
    <extensions>
     <power>275</power>
     <gpxtpx:TrackPointExtension>
      <gpxtpx:hr>174</gpxtpx:hr>
     </gpxtpx:TrackPointExtension>
    </extensions>
   </trkpt>
   <trkpt lat="52.5188180" lon="13.2343810">
    <ele>65.4</ele>
    <time>2025-09-18T14:44:22Z</time>
    <extensions>
     <power>275</power>
     <gpxtpx:TrackPointExtension>
      <gpxtpx:hr>174</gpxtpx:hr>
     </gpxtpx:TrackPointExtension>
    </extensions>
   </trkpt>
   <trkpt lat="52.5188080" lon="13.2343500">
    <ele>65.4</ele>
    <time>2025-09-18T14:44:23Z</time>
    <extensions>
     <power>275</power>
     <gpxtpx:TrackPointExtension>
      <gpxtpx:hr>174</gpxtpx:hr>
     </gpxtpx:TrackPointExtension>
    </extensions>
   </trkpt>
   <trkpt lat="52.5187990" lon="13.2343200">
    <ele>65.4</ele>
    <time>2025-09-18T14:44:24Z</time>
    <extensions>
     <power>275</power>
     <gpxtpx:TrackPointExtension>
      <gpxtpx:hr>174</gpxtpx:hr>
     </gpxtpx:TrackPointExtension>
    </extensions>
   </trkpt>
   <trkpt lat="52.5187750" lon="13.2342470">
    <ele>65.2</ele>
    <time>2025-09-18T14:44:25Z</time>
    <extensions>
     <power>275</power>
     <gpxtpx:TrackPointExtension>
      <gpxtpx:hr>174</gpxtpx:hr>
     </gpxtpx:TrackPointExtension>
    </extensions>
   </trkpt>
   <trkpt lat="52.5187640" lon="13.2342200">
    <ele>65.2</ele>
    <time>2025-09-18T14:44:26Z</time>
    <extensions>
     <power>275</power>
     <gpxtpx:TrackPointExtension>
      <gpxtpx:hr>174</gpxtpx:hr>
     </gpxtpx:TrackPointExtension>
    </extensions>
   </trkpt>
   <trkpt lat="52.5187540" lon="13.2341930">
    <ele>65.0</ele>
    <time>2025-09-18T14:44:27Z</time>
    <extensions>
     <power>278</power>
     <gpxtpx:TrackPointExtension>
      <gpxtpx:hr>174</gpxtpx:hr>
     </gpxtpx:TrackPointExtension>
    </extensions>
   </trkpt>
   <trkpt lat="52.5187270" lon="13.2341400">
    <ele>65.0</ele>
    <time>2025-09-18T14:44:28Z</time>
    <extensions>
     <power>278</power>
     <gpxtpx:TrackPointExtension>
      <gpxtpx:hr>174</gpxtpx:hr>
     </gpxtpx:TrackPointExtension>
    </extensions>
   </trkpt>
   <trkpt lat="52.5187170" lon="13.2341240">
    <ele>64.8</ele>
    <time>2025-09-18T14:44:29Z</time>
    <extensions>
     <power>274</power>
     <gpxtpx:TrackPointExtension>
      <gpxtpx:hr>174</gpxtpx:hr>
     </gpxtpx:TrackPointExtension>
    </extensions>
   </trkpt>
   <trkpt lat="52.5186800" lon="13.2340730">
    <ele>64.8</ele>
    <time>2025-09-18T14:44:30Z</time>
    <extensions>
     <power>274</power>
     <gpxtpx:TrackPointExtension>
      <gpxtpx:hr>174</gpxtpx:hr>
     </gpxtpx:TrackPointExtension>
    </extensions>
   </trkpt>
   <trkpt lat="52.5186630" lon="13.2340530">
    <ele>64.8</ele>
    <time>2025-09-18T14:44:31Z</time>
    <extensions>
     <power>274</power>
     <gpxtpx:TrackPointExtension>
      <gpxtpx:hr>174</gpxtpx:hr>
     </gpxtpx:TrackPointExtension>
    </extensions>
   </trkpt>
   <trkpt lat="52.5186470" lon="13.2340340">
    <ele>64.6</ele>
    <time>2025-09-18T14:44:32Z</time>
    <extensions>
     <power>272</power>
     <gpxtpx:TrackPointExtension>
      <gpxtpx:hr>174</gpxtpx:hr>
     </gpxtpx:TrackPointExtension>
    </extensions>
   </trkpt>
   <trkpt lat="52.5186040" lon="13.2340020">
    <ele>64.6</ele>
    <time>2025-09-18T14:44:33Z</time>
    <extensions>
     <power>272</power>
     <gpxtpx:TrackPointExtension>
      <gpxtpx:hr>174</gpxtpx:hr>
     </gpxtpx:TrackPointExtension>
    </extensions>
   </trkpt>
   <trkpt lat="52.5185890" lon="13.2339930">
    <ele>64.6</ele>
    <time>2025-09-18T14:44:34Z</time>
    <extensions>
     <power>280</power>
     <gpxtpx:TrackPointExtension>
      <gpxtpx:hr>174</gpxtpx:hr>
     </gpxtpx:TrackPointExtension>
    </extensions>
   </trkpt>
   <trkpt lat="52.5185370" lon="13.2339760">
    <ele>64.6</ele>
    <time>2025-09-18T14:44:35Z</time>
    <extensions>
     <power>280</power>
     <gpxtpx:TrackPointExtension>
      <gpxtpx:hr>175</gpxtpx:hr>
     </gpxtpx:TrackPointExtension>
    </extensions>
   </trkpt>
   <trkpt lat="52.5185150" lon="13.2339750">
    <ele>64.6</ele>
    <time>2025-09-18T14:44:36Z</time>
    <extensions>
     <power>280</power>
     <gpxtpx:TrackPointExtension>
      <gpxtpx:hr>175</gpxtpx:hr>
     </gpxtpx:TrackPointExtension>
    </extensions>
   </trkpt>
   <trkpt lat="52.5184940" lon="13.2339730">
    <ele>64.6</ele>
    <time>2025-09-18T14:44:37Z</time>
    <extensions>
     <power>288</power>
     <gpxtpx:TrackPointExtension>
      <gpxtpx:hr>175</gpxtpx:hr>
     </gpxtpx:TrackPointExtension>
    </extensions>
   </trkpt>
   <trkpt lat="52.5184410" lon="13.2339890">
    <ele>64.6</ele>
    <time>2025-09-18T14:44:38Z</time>
    <extensions>
     <power>288</power>
     <gpxtpx:TrackPointExtension>
      <gpxtpx:hr>175</gpxtpx:hr>
     </gpxtpx:TrackPointExtension>
    </extensions>
   </trkpt>
   <trkpt lat="52.5184200" lon="13.2340010">
    <ele>64.6</ele>
    <time>2025-09-18T14:44:39Z</time>
    <extensions>
     <power>288</power>
     <gpxtpx:TrackPointExtension>
      <gpxtpx:hr>175</gpxtpx:hr>
     </gpxtpx:TrackPointExtension>
    </extensions>
   </trkpt>
   <trkpt lat="52.5184000" lon="13.2340140">
    <ele>64.6</ele>
    <time>2025-09-18T14:44:40Z</time>
    <extensions>
     <power>285</power>
     <gpxtpx:TrackPointExtension>
      <gpxtpx:hr>176</gpxtpx:hr>
     </gpxtpx:TrackPointExtension>
    </extensions>
   </trkpt>
   <trkpt lat="52.5183590" lon="13.2340540">
    <ele>64.6</ele>
    <time>2025-09-18T14:44:41Z</time>
    <extensions>
     <power>285</power>
     <gpxtpx:TrackPointExtension>
      <gpxtpx:hr>176</gpxtpx:hr>
     </gpxtpx:TrackPointExtension>
    </extensions>
   </trkpt>
   <trkpt lat="52.5183450" lon="13.2340680">
    <ele>64.6</ele>
    <time>2025-09-18T14:44:42Z</time>
    <extensions>
     <power>285</power>
     <gpxtpx:TrackPointExtension>
      <gpxtpx:hr>176</gpxtpx:hr>
     </gpxtpx:TrackPointExtension>
    </extensions>
   </trkpt>
   <trkpt lat="52.5183030" lon="13.2341150">
    <ele>64.6</ele>
    <time>2025-09-18T14:44:43Z</time>
    <extensions>
     <power>285</power>
     <gpxtpx:TrackPointExtension>
      <gpxtpx:hr>176</gpxtpx:hr>
     </gpxtpx:TrackPointExtension>
    </extensions>
   </trkpt>
   <trkpt lat="52.5182860" lon="13.2341350">
    <ele>64.6</ele>
    <time>2025-09-18T14:44:44Z</time>
    <extensions>
     <power>285</power>
     <gpxtpx:TrackPointExtension>
      <gpxtpx:hr>176</gpxtpx:hr>
     </gpxtpx:TrackPointExtension>
    </extensions>
   </trkpt>
   <trkpt lat="52.5182690" lon="13.2341540">
    <ele>64.6</ele>
    <time>2025-09-18T14:44:45Z</time>
    <extensions>
     <power>286</power>
     <gpxtpx:TrackPointExtension>
      <gpxtpx:hr>176</gpxtpx:hr>
     </gpxtpx:TrackPointExtension>
    </extensions>
   </trkpt>
   <trkpt lat="52.5182340" lon="13.2341960">
    <ele>64.6</ele>
    <time>2025-09-18T14:44:46Z</time>
    <extensions>
     <power>286</power>
     <gpxtpx:TrackPointExtension>
      <gpxtpx:hr>176</gpxtpx:hr>
     </gpxtpx:TrackPointExtension>
    </extensions>
   </trkpt>
   <trkpt lat="52.5182220" lon="13.2342100">
    <ele>64.6</ele>
    <time>2025-09-18T14:44:47Z</time>
    <extensions>
     <power>284</power>
     <gpxtpx:TrackPointExtension>
      <gpxtpx:hr>176</gpxtpx:hr>
     </gpxtpx:TrackPointExtension>
    </extensions>
   </trkpt>
   <trkpt lat="52.5181840" lon="13.2342590">
    <ele>64.6</ele>
    <time>2025-09-18T14:44:48Z</time>
    <extensions>
     <power>284</power>
     <gpxtpx:TrackPointExtension>
      <gpxtpx:hr>177</gpxtpx:hr>
     </gpxtpx:TrackPointExtension>
    </extensions>
   </trkpt>
   <trkpt lat="52.5181680" lon="13.2342780">
    <ele>64.8</ele>
    <time>2025-09-18T14:44:49Z</time>
    <extensions>
     <power>284</power>
     <gpxtpx:TrackPointExtension>
      <gpxtpx:hr>177</gpxtpx:hr>
     </gpxtpx:TrackPointExtension>
    </extensions>
   </trkpt>
   <trkpt lat="52.5181520" lon="13.2342970">
    <ele>64.8</ele>
    <time>2025-09-18T14:44:50Z</time>
    <extensions>
     <power>282</power>
     <gpxtpx:TrackPointExtension>
      <gpxtpx:hr>177</gpxtpx:hr>
     </gpxtpx:TrackPointExtension>
    </extensions>
   </trkpt>
   <trkpt lat="52.5181130" lon="13.2343330">
    <ele>65.0</ele>
    <time>2025-09-18T14:44:51Z</time>
    <extensions>
     <power>282</power>
     <gpxtpx:TrackPointExtension>
      <gpxtpx:hr>177</gpxtpx:hr>
     </gpxtpx:TrackPointExtension>
    </extensions>
   </trkpt>
   <trkpt lat="52.5180990" lon="13.2343440">
    <ele>65.0</ele>
    <time>2025-09-18T14:44:52Z</time>
    <extensions>
     <power>281</power>
     <gpxtpx:TrackPointExtension>
      <gpxtpx:hr>177</gpxtpx:hr>
     </gpxtpx:TrackPointExtension>
    </extensions>
   </trkpt>
   <trkpt lat="52.5180510" lon="13.2343800">
    <ele>65.0</ele>
    <time>2025-09-18T14:44:53Z</time>
    <extensions>
     <power>281</power>
     <gpxtpx:TrackPointExtension>
      <gpxtpx:hr>177</gpxtpx:hr>
     </gpxtpx:TrackPointExtension>
    </extensions>
   </trkpt>
   <trkpt lat="52.5180330" lon="13.2343950">
    <ele>65.0</ele>
    <time>2025-09-18T14:44:54Z</time>
    <extensions>
     <power>281</power>
     <gpxtpx:TrackPointExtension>
      <gpxtpx:hr>177</gpxtpx:hr>
     </gpxtpx:TrackPointExtension>
    </extensions>
   </trkpt>
   <trkpt lat="52.5180140" lon="13.2344090">
    <ele>65.2</ele>
    <time>2025-09-18T14:44:55Z</time>
    <extensions>
     <power>282</power>
     <gpxtpx:TrackPointExtension>
      <gpxtpx:hr>177</gpxtpx:hr>
     </gpxtpx:TrackPointExtension>
    </extensions>
   </trkpt>
   <trkpt lat="52.5179730" lon="13.2344490">
    <ele>65.2</ele>
    <time>2025-09-18T14:44:56Z</time>
    <extensions>
     <power>282</power>
     <gpxtpx:TrackPointExtension>
      <gpxtpx:hr>177</gpxtpx:hr>
     </gpxtpx:TrackPointExtension>
    </extensions>
   </trkpt>
   <trkpt lat="52.5179580" lon="13.2344670">
    <ele>65.2</ele>
    <time>2025-09-18T14:44:57Z</time>
    <extensions>
     <power>282</power>
     <gpxtpx:TrackPointExtension>
      <gpxtpx:hr>177</gpxtpx:hr>
     </gpxtpx:TrackPointExtension>
    </extensions>
   </trkpt>
   <trkpt lat="52.5179420" lon="13.2344840">
    <ele>65.4</ele>
    <time>2025-09-18T14:44:58Z</time>
    <extensions>
     <power>280</power>
     <gpxtpx:TrackPointExtension>
      <gpxtpx:hr>177</gpxtpx:hr>
     </gpxtpx:TrackPointExtension>
    </extensions>
   </trkpt>
   <trkpt lat="52.5179090" lon="13.2345270">
    <ele>65.4</ele>
    <time>2025-09-18T14:44:59Z</time>
    <extensions>
     <power>280</power>
     <gpxtpx:TrackPointExtension>
      <gpxtpx:hr>177</gpxtpx:hr>
     </gpxtpx:TrackPointExtension>
    </extensions>
   </trkpt>
   <trkpt lat="52.5178970" lon="13.2345420">
    <ele>65.4</ele>
    <time>2025-09-18T14:45:00Z</time>
    <extensions>
     <power>280</power>
     <gpxtpx:TrackPointExtension>
      <gpxtpx:hr>177</gpxtpx:hr>
     </gpxtpx:TrackPointExtension>
    </extensions>
   </trkpt>
   <trkpt lat="52.5178570" lon="13.2345860">
    <ele>65.4</ele>
    <time>2025-09-18T14:45:01Z</time>
    <extensions>
     <power>280</power>
     <gpxtpx:TrackPointExtension>
      <gpxtpx:hr>177</gpxtpx:hr>
     </gpxtpx:TrackPointExtension>
    </extensions>
   </trkpt>
   <trkpt lat="52.5178410" lon="13.2346030">
    <ele>65.6</ele>
    <time>2025-09-18T14:45:02Z</time>
    <extensions>
     <power>280</power>
     <gpxtpx:TrackPointExtension>
      <gpxtpx:hr>177</gpxtpx:hr>
     </gpxtpx:TrackPointExtension>
    </extensions>
   </trkpt>
   <trkpt lat="52.5178250" lon="13.2346190">
    <ele>65.6</ele>
    <time>2025-09-18T14:45:03Z</time>
    <extensions>
     <power>278</power>
     <gpxtpx:TrackPointExtension>
      <gpxtpx:hr>177</gpxtpx:hr>
     </gpxtpx:TrackPointExtension>
    </extensions>
   </trkpt>
   <trkpt lat="52.5177890" lon="13.2346540">
    <ele>65.8</ele>
    <time>2025-09-18T14:45:04Z</time>
    <extensions>
     <power>278</power>
     <gpxtpx:TrackPointExtension>
      <gpxtpx:hr>177</gpxtpx:hr>
     </gpxtpx:TrackPointExtension>
    </extensions>
   </trkpt>
   <trkpt lat="52.5177770" lon="13.2346650">
    <ele>65.8</ele>
    <time>2025-09-18T14:45:05Z</time>
    <extensions>
     <power>278</power>
     <gpxtpx:TrackPointExtension>
      <gpxtpx:hr>177</gpxtpx:hr>
     </gpxtpx:TrackPointExtension>
    </extensions>
   </trkpt>
   <trkpt lat="52.5177360" lon="13.2347010">
    <ele>66.0</ele>
    <time>2025-09-18T14:45:06Z</time>
    <extensions>
     <power>278</power>
     <gpxtpx:TrackPointExtension>
      <gpxtpx:hr>177</gpxtpx:hr>
     </gpxtpx:TrackPointExtension>
    </extensions>
   </trkpt>
   <trkpt lat="52.5177200" lon="13.2347150">
    <ele>66.0</ele>
    <time>2025-09-18T14:45:07Z</time>
    <extensions>
     <power>278</power>
     <gpxtpx:TrackPointExtension>
      <gpxtpx:hr>177</gpxtpx:hr>
     </gpxtpx:TrackPointExtension>
    </extensions>
   </trkpt>
   <trkpt lat="52.5177040" lon="13.2347290">
    <ele>66.2</ele>
    <time>2025-09-18T14:45:08Z</time>
    <extensions>
     <power>278</power>
     <gpxtpx:TrackPointExtension>
      <gpxtpx:hr>177</gpxtpx:hr>
     </gpxtpx:TrackPointExtension>
    </extensions>
   </trkpt>
   <trkpt lat="52.5176670" lon="13.2347650">
    <ele>66.2</ele>
    <time>2025-09-18T14:45:09Z</time>
    <extensions>
     <power>278</power>
     <gpxtpx:TrackPointExtension>
      <gpxtpx:hr>178</gpxtpx:hr>
     </gpxtpx:TrackPointExtension>
    </extensions>
   </trkpt>
   <trkpt lat="52.5176530" lon="13.2347790">
    <ele>66.4</ele>
    <time>2025-09-18T14:45:10Z</time>
    <extensions>
     <power>278</power>
     <gpxtpx:TrackPointExtension>
      <gpxtpx:hr>178</gpxtpx:hr>
     </gpxtpx:TrackPointExtension>
    </extensions>
   </trkpt>
   <trkpt lat="52.5176390" lon="13.2347930">
    <ele>66.4</ele>
    <time>2025-09-18T14:45:11Z</time>
    <extensions>
     <power>272</power>
     <gpxtpx:TrackPointExtension>
      <gpxtpx:hr>178</gpxtpx:hr>
     </gpxtpx:TrackPointExtension>
    </extensions>
   </trkpt>
   <trkpt lat="52.5176090" lon="13.2348240">
    <ele>66.6</ele>
    <time>2025-09-18T14:45:12Z</time>
    <extensions>
     <power>272</power>
     <gpxtpx:TrackPointExtension>
      <gpxtpx:hr>178</gpxtpx:hr>
     </gpxtpx:TrackPointExtension>
    </extensions>
   </trkpt>
   <trkpt lat="52.5175980" lon="13.2348340">
    <ele>66.6</ele>
    <time>2025-09-18T14:45:13Z</time>
    <extensions>
     <power>270</power>
     <gpxtpx:TrackPointExtension>
      <gpxtpx:hr>178</gpxtpx:hr>
     </gpxtpx:TrackPointExtension>
    </extensions>
   </trkpt>
   <trkpt lat="52.5175600" lon="13.2348660">
    <ele>66.8</ele>
    <time>2025-09-18T14:45:14Z</time>
    <extensions>
     <power>270</power>
     <gpxtpx:TrackPointExtension>
      <gpxtpx:hr>178</gpxtpx:hr>
     </gpxtpx:TrackPointExtension>
    </extensions>
   </trkpt>
   <trkpt lat="52.5175450" lon="13.2348780">
    <ele>66.8</ele>
    <time>2025-09-18T14:45:15Z</time>
    <extensions>
     <power>270</power>
     <gpxtpx:TrackPointExtension>
      <gpxtpx:hr>178</gpxtpx:hr>
     </gpxtpx:TrackPointExtension>
    </extensions>
   </trkpt>
   <trkpt lat="52.5175290" lon="13.2348890">
    <ele>67.0</ele>
    <time>2025-09-18T14:45:16Z</time>
    <extensions>
     <power>272</power>
     <gpxtpx:TrackPointExtension>
      <gpxtpx:hr>178</gpxtpx:hr>
     </gpxtpx:TrackPointExtension>
    </extensions>
   </trkpt>
   <trkpt lat="52.5174890" lon="13.2349030">
    <ele>67.0</ele>
    <time>2025-09-18T14:45:17Z</time>
    <extensions>
     <power>272</power>
     <gpxtpx:TrackPointExtension>
      <gpxtpx:hr>178</gpxtpx:hr>
     </gpxtpx:TrackPointExtension>
    </extensions>
   </trkpt>
   <trkpt lat="52.5174750" lon="13.2349050">
    <ele>67.2</ele>
    <time>2025-09-18T14:45:18Z</time>
    <extensions>
     <power>270</power>
     <gpxtpx:TrackPointExtension>
      <gpxtpx:hr>178</gpxtpx:hr>
     </gpxtpx:TrackPointExtension>
    </extensions>
   </trkpt>
   <trkpt lat="52.5174400" lon="13.2348980">
    <ele>67.2</ele>
    <time>2025-09-18T14:45:19Z</time>
    <extensions>
     <power>270</power>
     <gpxtpx:TrackPointExtension>
      <gpxtpx:hr>178</gpxtpx:hr>
     </gpxtpx:TrackPointExtension>
    </extensions>
   </trkpt>
   <trkpt lat="52.5174320" lon="13.2348940">
    <ele>67.2</ele>
    <time>2025-09-18T14:45:20Z</time>
    <extensions>
     <power>270</power>
     <gpxtpx:TrackPointExtension>
      <gpxtpx:hr>177</gpxtpx:hr>
     </gpxtpx:TrackPointExtension>
    </extensions>
   </trkpt>
   <trkpt lat="52.5174240" lon="13.2348900">
    <ele>67.4</ele>
    <time>2025-09-18T14:45:21Z</time>
    <extensions>
     <power>264</power>
     <gpxtpx:TrackPointExtension>
      <gpxtpx:hr>177</gpxtpx:hr>
     </gpxtpx:TrackPointExtension>
    </extensions>
   </trkpt>
   <trkpt lat="52.5173960" lon="13.2348480">
    <ele>67.4</ele>
    <time>2025-09-18T14:45:22Z</time>
    <extensions>
     <power>264</power>
     <gpxtpx:TrackPointExtension>
      <gpxtpx:hr>177</gpxtpx:hr>
     </gpxtpx:TrackPointExtension>
    </extensions>
   </trkpt>
   <trkpt lat="52.5173870" lon="13.2348320">
    <ele>67.4</ele>
    <time>2025-09-18T14:45:23Z</time>
    <extensions>
     <power>266</power>
     <gpxtpx:TrackPointExtension>
      <gpxtpx:hr>177</gpxtpx:hr>
     </gpxtpx:TrackPointExtension>
    </extensions>
   </trkpt>
   <trkpt lat="52.5173640" lon="13.2347690">
    <ele>67.6</ele>
    <time>2025-09-18T14:45:24Z</time>
    <extensions>
     <power>266</power>
     <gpxtpx:TrackPointExtension>
      <gpxtpx:hr>177</gpxtpx:hr>
     </gpxtpx:TrackPointExtension>
    </extensions>
   </trkpt>
   <trkpt lat="52.5173540" lon="13.2347430">
    <ele>67.6</ele>
    <time>2025-09-18T14:45:25Z</time>
    <extensions>
     <power>266</power>
     <gpxtpx:TrackPointExtension>
      <gpxtpx:hr>177</gpxtpx:hr>
     </gpxtpx:TrackPointExtension>
    </extensions>
   </trkpt>
   <trkpt lat="52.5173450" lon="13.2347180">
    <ele>67.8</ele>
    <time>2025-09-18T14:45:26Z</time>
    <extensions>
     <power>265</power>
     <gpxtpx:TrackPointExtension>
      <gpxtpx:hr>177</gpxtpx:hr>
     </gpxtpx:TrackPointExtension>
    </extensions>
   </trkpt>
   <trkpt lat="52.5173200" lon="13.2346540">
    <ele>67.8</ele>
    <time>2025-09-18T14:45:27Z</time>
    <extensions>
     <power>265</power>
     <gpxtpx:TrackPointExtension>
      <gpxtpx:hr>177</gpxtpx:hr>
     </gpxtpx:TrackPointExtension>
    </extensions>
   </trkpt>
   <trkpt lat="52.5173100" lon="13.2346280">
    <ele>67.8</ele>
    <time>2025-09-18T14:45:28Z</time>
    <extensions>
     <power>265</power>
     <gpxtpx:TrackPointExtension>
      <gpxtpx:hr>177</gpxtpx:hr>
     </gpxtpx:TrackPointExtension>
    </extensions>
   </trkpt>
   <trkpt lat="52.5173000" lon="13.2346020">
    <ele>68.0</ele>
    <time>2025-09-18T14:45:29Z</time>
    <extensions>
     <power>262</power>
     <gpxtpx:TrackPointExtension>
      <gpxtpx:hr>177</gpxtpx:hr>
     </gpxtpx:TrackPointExtension>
    </extensions>
   </trkpt>
   <trkpt lat="52.5172780" lon="13.2345370">
    <ele>68.0</ele>
    <time>2025-09-18T14:45:30Z</time>
    <extensions>
     <power>262</power>
     <gpxtpx:TrackPointExtension>
      <gpxtpx:hr>177</gpxtpx:hr>
     </gpxtpx:TrackPointExtension>
    </extensions>
   </trkpt>
   <trkpt lat="52.5172710" lon="13.2345150">
    <ele>68.2</ele>
    <time>2025-09-18T14:45:31Z</time>
    <extensions>
     <power>264</power>
     <gpxtpx:TrackPointExtension>
      <gpxtpx:hr>177</gpxtpx:hr>
     </gpxtpx:TrackPointExtension>
    </extensions>
   </trkpt>
   <trkpt lat="52.5172490" lon="13.2344390">
    <ele>68.2</ele>
    <time>2025-09-18T14:45:32Z</time>
    <extensions>
     <power>264</power>
     <gpxtpx:TrackPointExtension>
      <gpxtpx:hr>177</gpxtpx:hr>
     </gpxtpx:TrackPointExtension>
    </extensions>
   </trkpt>
   <trkpt lat="52.5172410" lon="13.2344090">
    <ele>68.2</ele>
    <time>2025-09-18T14:45:33Z</time>
    <extensions>
     <power>264</power>
     <gpxtpx:TrackPointExtension>
      <gpxtpx:hr>177</gpxtpx:hr>
     </gpxtpx:TrackPointExtension>
    </extensions>
   </trkpt>
   <trkpt lat="52.5172320" lon="13.2343790">
    <ele>68.2</ele>
    <time>2025-09-18T14:45:34Z</time>
    <extensions>
     <power>271</power>
     <gpxtpx:TrackPointExtension>
      <gpxtpx:hr>177</gpxtpx:hr>
     </gpxtpx:TrackPointExtension>
    </extensions>
   </trkpt>
   <trkpt lat="52.5172120" lon="13.2343150">
    <ele>68.4</ele>
    <time>2025-09-18T14:45:35Z</time>
    <extensions>
     <power>271</power>
     <gpxtpx:TrackPointExtension>
      <gpxtpx:hr>177</gpxtpx:hr>
     </gpxtpx:TrackPointExtension>
    </extensions>
   </trkpt>
   <trkpt lat="52.5172040" lon="13.2342940">
    <ele>68.4</ele>
    <time>2025-09-18T14:45:36Z</time>
    <extensions>
     <power>271</power>
     <gpxtpx:TrackPointExtension>
      <gpxtpx:hr>177</gpxtpx:hr>
     </gpxtpx:TrackPointExtension>
    </extensions>
   </trkpt>
   <trkpt lat="52.5171780" lon="13.2342290">
    <ele>68.4</ele>
    <time>2025-09-18T14:45:37Z</time>
    <extensions>
     <power>271</power>
     <gpxtpx:TrackPointExtension>
      <gpxtpx:hr>177</gpxtpx:hr>
     </gpxtpx:TrackPointExtension>
    </extensions>
   </trkpt>
   <trkpt lat="52.5171660" lon="13.2342030">
    <ele>68.6</ele>
    <time>2025-09-18T14:45:38Z</time>
    <extensions>
     <power>271</power>
     <gpxtpx:TrackPointExtension>
      <gpxtpx:hr>177</gpxtpx:hr>
     </gpxtpx:TrackPointExtension>
    </extensions>
   </trkpt>
   <trkpt lat="52.5171550" lon="13.2341780">
    <ele>68.6</ele>
    <time>2025-09-18T14:45:39Z</time>
    <extensions>
     <power>274</power>
     <gpxtpx:TrackPointExtension>
      <gpxtpx:hr>177</gpxtpx:hr>
     </gpxtpx:TrackPointExtension>
    </extensions>
   </trkpt>
   <trkpt lat="52.5171270" lon="13.2341150">
    <ele>68.6</ele>
    <time>2025-09-18T14:45:40Z</time>
    <extensions>
     <power>274</power>
     <gpxtpx:TrackPointExtension>
      <gpxtpx:hr>177</gpxtpx:hr>
     </gpxtpx:TrackPointExtension>
    </extensions>
   </trkpt>
   <trkpt lat="52.5171170" lon="13.2340880">
    <ele>68.8</ele>
    <time>2025-09-18T14:45:41Z</time>
    <extensions>
     <power>274</power>
     <gpxtpx:TrackPointExtension>
      <gpxtpx:hr>177</gpxtpx:hr>
     </gpxtpx:TrackPointExtension>
    </extensions>
   </trkpt>
   <trkpt lat="52.5171060" lon="13.2340620">
    <ele>68.8</ele>
    <time>2025-09-18T14:45:42Z</time>
    <extensions>
     <power>277</power>
     <gpxtpx:TrackPointExtension>
      <gpxtpx:hr>177</gpxtpx:hr>
     </gpxtpx:TrackPointExtension>
    </extensions>
   </trkpt>
   <trkpt lat="52.5170800" lon="13.2339760">
    <ele>68.8</ele>
    <time>2025-09-18T14:45:43Z</time>
    <extensions>
     <power>277</power>
     <gpxtpx:TrackPointExtension>
      <gpxtpx:hr>177</gpxtpx:hr>
     </gpxtpx:TrackPointExtension>
    </extensions>
   </trkpt>
   <trkpt lat="52.5170680" lon="13.2339320">
    <ele>69.0</ele>
    <time>2025-09-18T14:45:44Z</time>
    <extensions>
     <power>277</power>
     <gpxtpx:TrackPointExtension>
      <gpxtpx:hr>177</gpxtpx:hr>
     </gpxtpx:TrackPointExtension>
    </extensions>
   </trkpt>
   <trkpt lat="52.5170500" lon="13.2338570">
    <ele>69.0</ele>
    <time>2025-09-18T14:45:45Z</time>
    <extensions>
     <power>277</power>
     <gpxtpx:TrackPointExtension>
      <gpxtpx:hr>177</gpxtpx:hr>
     </gpxtpx:TrackPointExtension>
    </extensions>
   </trkpt>
   <trkpt lat="52.5170430" lon="13.2338280">
    <ele>69.0</ele>
    <time>2025-09-18T14:45:46Z</time>
    <extensions>
     <power>277</power>
     <gpxtpx:TrackPointExtension>
      <gpxtpx:hr>177</gpxtpx:hr>
     </gpxtpx:TrackPointExtension>
    </extensions>
   </trkpt>
   <trkpt lat="52.5170350" lon="13.2337990">
    <ele>69.2</ele>
    <time>2025-09-18T14:45:47Z</time>
    <extensions>
     <power>275</power>
     <gpxtpx:TrackPointExtension>
      <gpxtpx:hr>177</gpxtpx:hr>
     </gpxtpx:TrackPointExtension>
    </extensions>
   </trkpt>
   <trkpt lat="52.5170140" lon="13.2337370">
    <ele>69.2</ele>
    <time>2025-09-18T14:45:48Z</time>
    <extensions>
     <power>275</power>
     <gpxtpx:TrackPointExtension>
      <gpxtpx:hr>177</gpxtpx:hr>
     </gpxtpx:TrackPointExtension>
    </extensions>
   </trkpt>
   <trkpt lat="52.5170060" lon="13.2337170">
    <ele>69.2</ele>
    <time>2025-09-18T14:45:49Z</time>
    <extensions>
     <power>276</power>
     <gpxtpx:TrackPointExtension>
      <gpxtpx:hr>177</gpxtpx:hr>
     </gpxtpx:TrackPointExtension>
    </extensions>
   </trkpt>
   <trkpt lat="52.5169820" lon="13.2336470">
    <ele>69.2</ele>
    <time>2025-09-18T14:45:50Z</time>
    <extensions>
     <power>276</power>
     <gpxtpx:TrackPointExtension>
      <gpxtpx:hr>177</gpxtpx:hr>
     </gpxtpx:TrackPointExtension>
    </extensions>
   </trkpt>
   <trkpt lat="52.5169720" lon="13.2336180">
    <ele>69.2</ele>
    <time>2025-09-18T14:45:51Z</time>
    <extensions>
     <power>276</power>
     <gpxtpx:TrackPointExtension>
      <gpxtpx:hr>177</gpxtpx:hr>
     </gpxtpx:TrackPointExtension>
    </extensions>
   </trkpt>
   <trkpt lat="52.5169630" lon="13.2335890">
    <ele>69.2</ele>
    <time>2025-09-18T14:45:52Z</time>
    <extensions>
     <power>277</power>
     <gpxtpx:TrackPointExtension>
      <gpxtpx:hr>177</gpxtpx:hr>
     </gpxtpx:TrackPointExtension>
    </extensions>
   </trkpt>
   <trkpt lat="52.5169430" lon="13.2335270">
    <ele>69.2</ele>
    <time>2025-09-18T14:45:53Z</time>
    <extensions>
     <power>277</power>
     <gpxtpx:TrackPointExtension>
      <gpxtpx:hr>177</gpxtpx:hr>
     </gpxtpx:TrackPointExtension>
    </extensions>
   </trkpt>
   <trkpt lat="52.5169350" lon="13.2335070">
    <ele>69.4</ele>
    <time>2025-09-18T14:45:54Z</time>
    <extensions>
     <power>276</power>
     <gpxtpx:TrackPointExtension>
      <gpxtpx:hr>177</gpxtpx:hr>
     </gpxtpx:TrackPointExtension>
    </extensions>
   </trkpt>
   <trkpt lat="52.5169070" lon="13.2334460">
    <ele>69.4</ele>
    <time>2025-09-18T14:45:55Z</time>
    <extensions>
     <power>276</power>
     <gpxtpx:TrackPointExtension>
      <gpxtpx:hr>177</gpxtpx:hr>
     </gpxtpx:TrackPointExtension>
    </extensions>
   </trkpt>
   <trkpt lat="52.5168960" lon="13.2334210">
    <ele>69.4</ele>
    <time>2025-09-18T14:45:56Z</time>
    <extensions>
     <power>276</power>
     <gpxtpx:TrackPointExtension>
      <gpxtpx:hr>177</gpxtpx:hr>
     </gpxtpx:TrackPointExtension>
    </extensions>
   </trkpt>
   <trkpt lat="52.5168840" lon="13.2333970">
    <ele>69.4</ele>
    <time>2025-09-18T14:45:57Z</time>
    <extensions>
     <power>275</power>
     <gpxtpx:TrackPointExtension>
      <gpxtpx:hr>177</gpxtpx:hr>
     </gpxtpx:TrackPointExtension>
    </extensions>
   </trkpt>
   <trkpt lat="52.5168570" lon="13.2333340">
    <ele>69.6</ele>
    <time>2025-09-18T14:45:58Z</time>
    <extensions>
     <power>275</power>
     <gpxtpx:TrackPointExtension>
      <gpxtpx:hr>177</gpxtpx:hr>
     </gpxtpx:TrackPointExtension>
    </extensions>
   </trkpt>
   <trkpt lat="52.5168470" lon="13.2333080">
    <ele>69.6</ele>
    <time>2025-09-18T14:45:59Z</time>
    <extensions>
     <power>275</power>
     <gpxtpx:TrackPointExtension>
      <gpxtpx:hr>177</gpxtpx:hr>
     </gpxtpx:TrackPointExtension>
    </extensions>
   </trkpt>
   <trkpt lat="52.5168360" lon="13.2332830">
    <ele>69.4</ele>
    <time>2025-09-18T14:46:00Z</time>
    <extensions>
     <power>273</power>
     <gpxtpx:TrackPointExtension>
      <gpxtpx:hr>177</gpxtpx:hr>
     </gpxtpx:TrackPointExtension>
    </extensions>
   </trkpt>
   <trkpt lat="52.5168110" lon="13.2332310">
    <ele>69.4</ele>
    <time>2025-09-18T14:46:01Z</time>
    <extensions>
     <power>273</power>
     <gpxtpx:TrackPointExtension>
      <gpxtpx:hr>177</gpxtpx:hr>
     </gpxtpx:TrackPointExtension>
    </extensions>
   </trkpt>
   <trkpt lat="52.5168020" lon="13.2332150">
    <ele>69.4</ele>
    <time>2025-09-18T14:46:02Z</time>
    <extensions>
     <power>270</power>
     <gpxtpx:TrackPointExtension>
      <gpxtpx:hr>177</gpxtpx:hr>
     </gpxtpx:TrackPointExtension>
    </extensions>
   </trkpt>
   <trkpt lat="52.5167730" lon="13.2331590">
    <ele>69.4</ele>
    <time>2025-09-18T14:46:03Z</time>
    <extensions>
     <power>270</power>
     <gpxtpx:TrackPointExtension>
      <gpxtpx:hr>177</gpxtpx:hr>
     </gpxtpx:TrackPointExtension>
    </extensions>
   </trkpt>
   <trkpt lat="52.5167610" lon="13.2331360">
    <ele>69.4</ele>
    <time>2025-09-18T14:46:04Z</time>
    <extensions>
     <power>270</power>
     <gpxtpx:TrackPointExtension>
      <gpxtpx:hr>177</gpxtpx:hr>
     </gpxtpx:TrackPointExtension>
    </extensions>
   </trkpt>
   <trkpt lat="52.5167500" lon="13.2331130">
    <ele>69.4</ele>
    <time>2025-09-18T14:46:05Z</time>
    <extensions>
     <power>271</power>
     <gpxtpx:TrackPointExtension>
      <gpxtpx:hr>177</gpxtpx:hr>
     </gpxtpx:TrackPointExtension>
    </extensions>
   </trkpt>
   <trkpt lat="52.5167260" lon="13.2330550">
    <ele>69.4</ele>
    <time>2025-09-18T14:46:06Z</time>
    <extensions>
     <power>271</power>
     <gpxtpx:TrackPointExtension>
      <gpxtpx:hr>177</gpxtpx:hr>
     </gpxtpx:TrackPointExtension>
    </extensions>
   </trkpt>
   <trkpt lat="52.5167190" lon="13.2330350">
    <ele>69.4</ele>
    <time>2025-09-18T14:46:07Z</time>
    <extensions>
     <power>273</power>
     <gpxtpx:TrackPointExtension>
      <gpxtpx:hr>178</gpxtpx:hr>
     </gpxtpx:TrackPointExtension>
    </extensions>
   </trkpt>
   <trkpt lat="52.5166950" lon="13.2329660">
    <ele>69.4</ele>
    <time>2025-09-18T14:46:08Z</time>
    <extensions>
     <power>273</power>
     <gpxtpx:TrackPointExtension>
      <gpxtpx:hr>178</gpxtpx:hr>
     </gpxtpx:TrackPointExtension>
    </extensions>
   </trkpt>
   <trkpt lat="52.5166850" lon="13.2329380">
    <ele>69.4</ele>
    <time>2025-09-18T14:46:09Z</time>
    <extensions>
     <power>273</power>
     <gpxtpx:TrackPointExtension>
      <gpxtpx:hr>178</gpxtpx:hr>
     </gpxtpx:TrackPointExtension>
    </extensions>
   </trkpt>
   <trkpt lat="52.5166760" lon="13.2329110">
    <ele>69.4</ele>
    <time>2025-09-18T14:46:10Z</time>
    <extensions>
     <power>273</power>
     <gpxtpx:TrackPointExtension>
      <gpxtpx:hr>178</gpxtpx:hr>
     </gpxtpx:TrackPointExtension>
    </extensions>
   </trkpt>
   <trkpt lat="52.5166530" lon="13.2328430">
    <ele>69.2</ele>
    <time>2025-09-18T14:46:11Z</time>
    <extensions>
     <power>273</power>
     <gpxtpx:TrackPointExtension>
      <gpxtpx:hr>178</gpxtpx:hr>
     </gpxtpx:TrackPointExtension>
    </extensions>
   </trkpt>
   <trkpt lat="52.5166430" lon="13.2328170">
    <ele>69.2</ele>
    <time>2025-09-18T14:46:12Z</time>
    <extensions>
     <power>273</power>
     <gpxtpx:TrackPointExtension>
      <gpxtpx:hr>178</gpxtpx:hr>
     </gpxtpx:TrackPointExtension>
    </extensions>
   </trkpt>
   <trkpt lat="52.5166340" lon="13.2327900">
    <ele>69.2</ele>
    <time>2025-09-18T14:46:13Z</time>
    <extensions>
     <power>276</power>
     <gpxtpx:TrackPointExtension>
      <gpxtpx:hr>178</gpxtpx:hr>
     </gpxtpx:TrackPointExtension>
    </extensions>
   </trkpt>
   <trkpt lat="52.5166160" lon="13.2327280">
    <ele>69.2</ele>
    <time>2025-09-18T14:46:14Z</time>
    <extensions>
     <power>276</power>
     <gpxtpx:TrackPointExtension>
      <gpxtpx:hr>178</gpxtpx:hr>
     </gpxtpx:TrackPointExtension>
    </extensions>
   </trkpt>
   <trkpt lat="52.5166100" lon="13.2327080">
    <ele>69.2</ele>
    <time>2025-09-18T14:46:15Z</time>
    <extensions>
     <power>270</power>
     <gpxtpx:TrackPointExtension>
      <gpxtpx:hr>177</gpxtpx:hr>
     </gpxtpx:TrackPointExtension>
    </extensions>
   </trkpt>
   <trkpt lat="52.5165880" lon="13.2326440">
    <ele>69.2</ele>
    <time>2025-09-18T14:46:16Z</time>
    <extensions>
     <power>270</power>
     <gpxtpx:TrackPointExtension>
      <gpxtpx:hr>177</gpxtpx:hr>
     </gpxtpx:TrackPointExtension>
    </extensions>
   </trkpt>
   <trkpt lat="52.5165790" lon="13.2326190">
    <ele>69.2</ele>
    <time>2025-09-18T14:46:17Z</time>
    <extensions>
     <power>270</power>
     <gpxtpx:TrackPointExtension>
      <gpxtpx:hr>177</gpxtpx:hr>
     </gpxtpx:TrackPointExtension>
    </extensions>
   </trkpt>
   <trkpt lat="52.5165690" lon="13.2325940">
    <ele>69.2</ele>
    <time>2025-09-18T14:46:18Z</time>
    <extensions>
     <power>260</power>
     <gpxtpx:TrackPointExtension>
      <gpxtpx:hr>177</gpxtpx:hr>
     </gpxtpx:TrackPointExtension>
    </extensions>
   </trkpt>
   <trkpt lat="52.5165450" lon="13.2325370">
    <ele>69.0</ele>
    <time>2025-09-18T14:46:19Z</time>
    <extensions>
     <power>260</power>
     <gpxtpx:TrackPointExtension>
      <gpxtpx:hr>177</gpxtpx:hr>
     </gpxtpx:TrackPointExtension>
    </extensions>
   </trkpt>
   <trkpt lat="52.5165370" lon="13.2325180">
    <ele>69.0</ele>
    <time>2025-09-18T14:46:20Z</time>
    <extensions>
     <power>263</power>
     <gpxtpx:TrackPointExtension>
      <gpxtpx:hr>177</gpxtpx:hr>
     </gpxtpx:TrackPointExtension>
    </extensions>
   </trkpt>
   <trkpt lat="52.5165080" lon="13.2324550">
    <ele>69.0</ele>
    <time>2025-09-18T14:46:21Z</time>
    <extensions>
     <power>263</power>
     <gpxtpx:TrackPointExtension>
      <gpxtpx:hr>177</gpxtpx:hr>
     </gpxtpx:TrackPointExtension>
    </extensions>
   </trkpt>
   <trkpt lat="52.5164970" lon="13.2324310">
    <ele>69.0</ele>
    <time>2025-09-18T14:46:22Z</time>
    <extensions>
     <power>263</power>
     <gpxtpx:TrackPointExtension>
      <gpxtpx:hr>175</gpxtpx:hr>
     </gpxtpx:TrackPointExtension>
    </extensions>
   </trkpt>
   <trkpt lat="52.5164850" lon="13.2324060">
    <ele>68.8</ele>
    <time>2025-09-18T14:46:23Z</time>
    <extensions>
     <power>267</power>
     <gpxtpx:TrackPointExtension>
      <gpxtpx:hr>175</gpxtpx:hr>
     </gpxtpx:TrackPointExtension>
    </extensions>
   </trkpt>
   <trkpt lat="52.5164610" lon="13.2323510">
    <ele>68.8</ele>
    <time>2025-09-18T14:46:24Z</time>
    <extensions>
     <power>267</power>
     <gpxtpx:TrackPointExtension>
      <gpxtpx:hr>175</gpxtpx:hr>
     </gpxtpx:TrackPointExtension>
    </extensions>
   </trkpt>
   <trkpt lat="52.5164530" lon="13.2323330">
    <ele>68.8</ele>
    <time>2025-09-18T14:46:25Z</time>
    <extensions>
     <power>265</power>
     <gpxtpx:TrackPointExtension>
      <gpxtpx:hr>175</gpxtpx:hr>
     </gpxtpx:TrackPointExtension>
    </extensions>
   </trkpt>
   <trkpt lat="52.5164290" lon="13.2322680">
    <ele>68.8</ele>
    <time>2025-09-18T14:46:26Z</time>
    <extensions>
     <power>265</power>
     <gpxtpx:TrackPointExtension>
      <gpxtpx:hr>175</gpxtpx:hr>
     </gpxtpx:TrackPointExtension>
    </extensions>
   </trkpt>
   <trkpt lat="52.5164210" lon="13.2322420">
    <ele>68.8</ele>
    <time>2025-09-18T14:46:27Z</time>
    <extensions>
     <power>265</power>
     <gpxtpx:TrackPointExtension>
      <gpxtpx:hr>175</gpxtpx:hr>
     </gpxtpx:TrackPointExtension>
    </extensions>
   </trkpt>
   <trkpt lat="52.5164120" lon="13.2322160">
    <ele>68.8</ele>
    <time>2025-09-18T14:46:28Z</time>
    <extensions>
     <power>262</power>
     <gpxtpx:TrackPointExtension>
      <gpxtpx:hr>175</gpxtpx:hr>
     </gpxtpx:TrackPointExtension>
    </extensions>
   </trkpt>
   <trkpt lat="52.5163890" lon="13.2321530">
    <ele>68.6</ele>
    <time>2025-09-18T14:46:29Z</time>
    <extensions>
     <power>262</power>
     <gpxtpx:TrackPointExtension>
      <gpxtpx:hr>175</gpxtpx:hr>
     </gpxtpx:TrackPointExtension>
    </extensions>
   </trkpt>
   <trkpt lat="52.5163800" lon="13.2321290">
    <ele>68.6</ele>
    <time>2025-09-18T14:46:30Z</time>
    <extensions>
     <power>262</power>
     <gpxtpx:TrackPointExtension>
      <gpxtpx:hr>175</gpxtpx:hr>
     </gpxtpx:TrackPointExtension>
    </extensions>
   </trkpt>
   <trkpt lat="52.5163710" lon="13.2321040">
    <ele>68.6</ele>
    <time>2025-09-18T14:46:31Z</time>
    <extensions>
     <power>262</power>
     <gpxtpx:TrackPointExtension>
      <gpxtpx:hr>175</gpxtpx:hr>
     </gpxtpx:TrackPointExtension>
    </extensions>
   </trkpt>
   <trkpt lat="52.5163520" lon="13.2320500">
    <ele>68.6</ele>
    <time>2025-09-18T14:46:32Z</time>
    <extensions>
     <power>262</power>
     <gpxtpx:TrackPointExtension>
      <gpxtpx:hr>175</gpxtpx:hr>
     </gpxtpx:TrackPointExtension>
    </extensions>
   </trkpt>
   <trkpt lat="52.5163460" lon="13.2320320">
    <ele>68.4</ele>
    <time>2025-09-18T14:46:33Z</time>
    <extensions>
     <power>258</power>
     <gpxtpx:TrackPointExtension>
      <gpxtpx:hr>175</gpxtpx:hr>
     </gpxtpx:TrackPointExtension>
    </extensions>
   </trkpt>
   <trkpt lat="52.5163220" lon="13.2319700">
    <ele>68.4</ele>
    <time>2025-09-18T14:46:34Z</time>
    <extensions>
     <power>258</power>
     <gpxtpx:TrackPointExtension>
      <gpxtpx:hr>175</gpxtpx:hr>
     </gpxtpx:TrackPointExtension>
    </extensions>
   </trkpt>
   <trkpt lat="52.5163110" lon="13.2319460">
    <ele>68.4</ele>
    <time>2025-09-18T14:46:35Z</time>
    <extensions>
     <power>258</power>
     <gpxtpx:TrackPointExtension>
      <gpxtpx:hr>175</gpxtpx:hr>
     </gpxtpx:TrackPointExtension>
    </extensions>
   </trkpt>
   <trkpt lat="52.5163000" lon="13.2319210">
    <ele>68.2</ele>
    <time>2025-09-18T14:46:36Z</time>
    <extensions>
     <power>260</power>
     <gpxtpx:TrackPointExtension>
      <gpxtpx:hr>175</gpxtpx:hr>
     </gpxtpx:TrackPointExtension>
    </extensions>
   </trkpt>
   <trkpt lat="52.5162740" lon="13.2318670">
    <ele>68.2</ele>
    <time>2025-09-18T14:46:37Z</time>
    <extensions>
     <power>260</power>
     <gpxtpx:TrackPointExtension>
      <gpxtpx:hr>175</gpxtpx:hr>
     </gpxtpx:TrackPointExtension>
    </extensions>
   </trkpt>
   <trkpt lat="52.5162650" lon="13.2318490">
    <ele>68.2</ele>
    <time>2025-09-18T14:46:38Z</time>
    <extensions>
     <power>258</power>
     <gpxtpx:TrackPointExtension>
      <gpxtpx:hr>175</gpxtpx:hr>
     </gpxtpx:TrackPointExtension>
    </extensions>
   </trkpt>
   <trkpt lat="52.5162350" lon="13.2317850">
    <ele>68.2</ele>
    <time>2025-09-18T14:46:39Z</time>
    <extensions>
     <power>258</power>
     <gpxtpx:TrackPointExtension>
      <gpxtpx:hr>175</gpxtpx:hr>
     </gpxtpx:TrackPointExtension>
    </extensions>
   </trkpt>
   <trkpt lat="52.5162240" lon="13.2317590">
    <ele>68.2</ele>
    <time>2025-09-18T14:46:40Z</time>
    <extensions>
     <power>258</power>
     <gpxtpx:TrackPointExtension>
      <gpxtpx:hr>175</gpxtpx:hr>
     </gpxtpx:TrackPointExtension>
    </extensions>
   </trkpt>
   <trkpt lat="52.5162120" lon="13.2317330">
    <ele>68.0</ele>
    <time>2025-09-18T14:46:41Z</time>
    <extensions>
     <power>259</power>
     <gpxtpx:TrackPointExtension>
      <gpxtpx:hr>175</gpxtpx:hr>
     </gpxtpx:TrackPointExtension>
    </extensions>
   </trkpt>
   <trkpt lat="52.5161790" lon="13.2316860">
    <ele>68.0</ele>
    <time>2025-09-18T14:46:42Z</time>
    <extensions>
     <power>259</power>
     <gpxtpx:TrackPointExtension>
      <gpxtpx:hr>175</gpxtpx:hr>
     </gpxtpx:TrackPointExtension>
    </extensions>
   </trkpt>
   <trkpt lat="52.5161670" lon="13.2316720">
    <ele>68.0</ele>
    <time>2025-09-18T14:46:43Z</time>
    <extensions>
     <power>263</power>
     <gpxtpx:TrackPointExtension>
      <gpxtpx:hr>175</gpxtpx:hr>
     </gpxtpx:TrackPointExtension>
    </extensions>
   </trkpt>
   <trkpt lat="52.5161260" lon="13.2316380">
    <ele>68.0</ele>
    <time>2025-09-18T14:46:44Z</time>
    <extensions>
     <power>263</power>
     <gpxtpx:TrackPointExtension>
      <gpxtpx:hr>175</gpxtpx:hr>
     </gpxtpx:TrackPointExtension>
    </extensions>
   </trkpt>
   <trkpt lat="52.5161080" lon="13.2316250">
    <ele>68.0</ele>
    <time>2025-09-18T14:46:45Z</time>
    <extensions>
     <power>263</power>
     <gpxtpx:TrackPointExtension>
      <gpxtpx:hr>175</gpxtpx:hr>
     </gpxtpx:TrackPointExtension>
    </extensions>
   </trkpt>
   <trkpt lat="52.5160910" lon="13.2316130">
    <ele>68.0</ele>
    <time>2025-09-18T14:46:46Z</time>
    <extensions>
     <power>264</power>
     <gpxtpx:TrackPointExtension>
      <gpxtpx:hr>175</gpxtpx:hr>
     </gpxtpx:TrackPointExtension>
    </extensions>
   </trkpt>
   <trkpt lat="52.5160480" lon="13.2315790">
    <ele>67.8</ele>
    <time>2025-09-18T14:46:47Z</time>
    <extensions>
     <power>264</power>
     <gpxtpx:TrackPointExtension>
      <gpxtpx:hr>175</gpxtpx:hr>
     </gpxtpx:TrackPointExtension>
    </extensions>
   </trkpt>
   <trkpt lat="52.5160310" lon="13.2315630">
    <ele>68.0</ele>
    <time>2025-09-18T14:46:48Z</time>
    <extensions>
     <power>264</power>
     <gpxtpx:TrackPointExtension>
      <gpxtpx:hr>175</gpxtpx:hr>
     </gpxtpx:TrackPointExtension>
    </extensions>
   </trkpt>
   <trkpt lat="52.5160140" lon="13.2315480">
    <ele>67.8</ele>
    <time>2025-09-18T14:46:49Z</time>
    <extensions>
     <power>266</power>
     <gpxtpx:TrackPointExtension>
      <gpxtpx:hr>174</gpxtpx:hr>
     </gpxtpx:TrackPointExtension>
    </extensions>
   </trkpt>
   <trkpt lat="52.5159750" lon="13.2315060">
    <ele>67.8</ele>
    <time>2025-09-18T14:46:50Z</time>
    <extensions>
     <power>266</power>
     <gpxtpx:TrackPointExtension>
      <gpxtpx:hr>174</gpxtpx:hr>
     </gpxtpx:TrackPointExtension>
    </extensions>
   </trkpt>
   <trkpt lat="52.5159620" lon="13.2314920">
    <ele>67.8</ele>
    <time>2025-09-18T14:46:51Z</time>
    <extensions>
     <power>267</power>
     <gpxtpx:TrackPointExtension>
      <gpxtpx:hr>174</gpxtpx:hr>
     </gpxtpx:TrackPointExtension>
    </extensions>
   </trkpt>
   <trkpt lat="52.5159190" lon="13.2314440">
    <ele>67.8</ele>
    <time>2025-09-18T14:46:52Z</time>
    <extensions>
     <power>267</power>
     <gpxtpx:TrackPointExtension>
      <gpxtpx:hr>174</gpxtpx:hr>
     </gpxtpx:TrackPointExtension>
    </extensions>
   </trkpt>
   <trkpt lat="52.5159010" lon="13.2314260">
    <ele>67.8</ele>
    <time>2025-09-18T14:46:53Z</time>
    <extensions>
     <power>267</power>
     <gpxtpx:TrackPointExtension>
      <gpxtpx:hr>174</gpxtpx:hr>
     </gpxtpx:TrackPointExtension>
    </extensions>
   </trkpt>
   <trkpt lat="52.5158840" lon="13.2314080">
    <ele>67.6</ele>
    <time>2025-09-18T14:46:54Z</time>
    <extensions>
     <power>267</power>
     <gpxtpx:TrackPointExtension>
      <gpxtpx:hr>174</gpxtpx:hr>
     </gpxtpx:TrackPointExtension>
    </extensions>
   </trkpt>
   <trkpt lat="52.5158450" lon="13.2313740">
    <ele>67.6</ele>
    <time>2025-09-18T14:46:55Z</time>
    <extensions>
     <power>267</power>
     <gpxtpx:TrackPointExtension>
      <gpxtpx:hr>176</gpxtpx:hr>
     </gpxtpx:TrackPointExtension>
    </extensions>
   </trkpt>
   <trkpt lat="52.5158320" lon="13.2313640">
    <ele>67.6</ele>
    <time>2025-09-18T14:46:56Z</time>
    <extensions>
     <power>269</power>
     <gpxtpx:TrackPointExtension>
      <gpxtpx:hr>176</gpxtpx:hr>
     </gpxtpx:TrackPointExtension>
    </extensions>
   </trkpt>
   <trkpt lat="52.5157880" lon="13.2313350">
    <ele>67.6</ele>
    <time>2025-09-18T14:46:57Z</time>
    <extensions>
     <power>269</power>
     <gpxtpx:TrackPointExtension>
      <gpxtpx:hr>176</gpxtpx:hr>
     </gpxtpx:TrackPointExtension>
    </extensions>
   </trkpt>
   <trkpt lat="52.5157700" lon="13.2313240">
    <ele>67.6</ele>
    <time>2025-09-18T14:46:58Z</time>
    <extensions>
     <power>269</power>
     <gpxtpx:TrackPointExtension>
      <gpxtpx:hr>176</gpxtpx:hr>
     </gpxtpx:TrackPointExtension>
    </extensions>
   </trkpt>
   <trkpt lat="52.5157530" lon="13.2313130">
    <ele>67.6</ele>
    <time>2025-09-18T14:46:59Z</time>
    <extensions>
     <power>266</power>
     <gpxtpx:TrackPointExtension>
      <gpxtpx:hr>176</gpxtpx:hr>
     </gpxtpx:TrackPointExtension>
    </extensions>
   </trkpt>
   <trkpt lat="52.5157110" lon="13.2312840">
    <ele>67.4</ele>
    <time>2025-09-18T14:47:00Z</time>
    <extensions>
     <power>266</power>
     <gpxtpx:TrackPointExtension>
      <gpxtpx:hr>176</gpxtpx:hr>
     </gpxtpx:TrackPointExtension>
    </extensions>
   </trkpt>
   <trkpt lat="52.5156940" lon="13.2312720">
    <ele>67.4</ele>
    <time>2025-09-18T14:47:01Z</time>
    <extensions>
     <power>266</power>
     <gpxtpx:TrackPointExtension>
      <gpxtpx:hr>176</gpxtpx:hr>
     </gpxtpx:TrackPointExtension>
    </extensions>
   </trkpt>
   <trkpt lat="52.5156770" lon="13.2312600">
    <ele>67.4</ele>
    <time>2025-09-18T14:47:02Z</time>
    <extensions>
     <power>265</power>
     <gpxtpx:TrackPointExtension>
      <gpxtpx:hr>176</gpxtpx:hr>
     </gpxtpx:TrackPointExtension>
    </extensions>
   </trkpt>
   <trkpt lat="52.5156420" lon="13.2312310">
    <ele>67.4</ele>
    <time>2025-09-18T14:47:03Z</time>
    <extensions>
     <power>265</power>
     <gpxtpx:TrackPointExtension>
      <gpxtpx:hr>176</gpxtpx:hr>
     </gpxtpx:TrackPointExtension>
    </extensions>
   </trkpt>
   <trkpt lat="52.5156300" lon="13.2312210">
    <ele>67.4</ele>
    <time>2025-09-18T14:47:04Z</time>
    <extensions>
     <power>262</power>
     <gpxtpx:TrackPointExtension>
      <gpxtpx:hr>176</gpxtpx:hr>
     </gpxtpx:TrackPointExtension>
    </extensions>
   </trkpt>
   <trkpt lat="52.5155900" lon="13.2311830">
    <ele>67.4</ele>
    <time>2025-09-18T14:47:05Z</time>
    <extensions>
     <power>262</power>
     <gpxtpx:TrackPointExtension>
      <gpxtpx:hr>176</gpxtpx:hr>
     </gpxtpx:TrackPointExtension>
    </extensions>
   </trkpt>
   <trkpt lat="52.5155750" lon="13.2311670">
    <ele>67.4</ele>
    <time>2025-09-18T14:47:06Z</time>
    <extensions>
     <power>262</power>
     <gpxtpx:TrackPointExtension>
      <gpxtpx:hr>176</gpxtpx:hr>
     </gpxtpx:TrackPointExtension>
    </extensions>
   </trkpt>
   <trkpt lat="52.5155590" lon="13.2311510">
    <ele>67.6</ele>
    <time>2025-09-18T14:47:07Z</time>
    <extensions>
     <power>263</power>
     <gpxtpx:TrackPointExtension>
      <gpxtpx:hr>176</gpxtpx:hr>
     </gpxtpx:TrackPointExtension>
    </extensions>
   </trkpt>
   <trkpt lat="52.5155220" lon="13.2311180">
    <ele>67.6</ele>
    <time>2025-09-18T14:47:08Z</time>
    <extensions>
     <power>263</power>
     <gpxtpx:TrackPointExtension>
      <gpxtpx:hr>176</gpxtpx:hr>
     </gpxtpx:TrackPointExtension>
    </extensions>
   </trkpt>
   <trkpt lat="52.5155100" lon="13.2311070">
    <ele>67.6</ele>
    <time>2025-09-18T14:47:09Z</time>
    <extensions>
     <power>263</power>
     <gpxtpx:TrackPointExtension>
      <gpxtpx:hr>176</gpxtpx:hr>
     </gpxtpx:TrackPointExtension>
    </extensions>
   </trkpt>
   <trkpt lat="52.5154690" lon="13.2310740">
    <ele>67.6</ele>
    <time>2025-09-18T14:47:10Z</time>
    <extensions>
     <power>263</power>
     <gpxtpx:TrackPointExtension>
      <gpxtpx:hr>176</gpxtpx:hr>
     </gpxtpx:TrackPointExtension>
    </extensions>
   </trkpt>
   <trkpt lat="52.5154520" lon="13.2310620">
    <ele>67.6</ele>
    <time>2025-09-18T14:47:11Z</time>
    <extensions>
     <power>263</power>
     <gpxtpx:TrackPointExtension>
      <gpxtpx:hr>175</gpxtpx:hr>
     </gpxtpx:TrackPointExtension>
    </extensions>
   </trkpt>
   <trkpt lat="52.5154350" lon="13.2310490">
    <ele>67.6</ele>
    <time>2025-09-18T14:47:12Z</time>
    <extensions>
     <power>265</power>
     <gpxtpx:TrackPointExtension>
      <gpxtpx:hr>175</gpxtpx:hr>
     </gpxtpx:TrackPointExtension>
    </extensions>
   </trkpt>
   <trkpt lat="52.5153950" lon="13.2310240">
    <ele>67.6</ele>
    <time>2025-09-18T14:47:13Z</time>
    <extensions>
     <power>265</power>
     <gpxtpx:TrackPointExtension>
      <gpxtpx:hr>175</gpxtpx:hr>
     </gpxtpx:TrackPointExtension>
    </extensions>
   </trkpt>
   <trkpt lat="52.5153810" lon="13.2310170">
    <ele>67.6</ele>
    <time>2025-09-18T14:47:14Z</time>
    <extensions>
     <power>266</power>
     <gpxtpx:TrackPointExtension>
      <gpxtpx:hr>175</gpxtpx:hr>
     </gpxtpx:TrackPointExtension>
    </extensions>
   </trkpt>
   <trkpt lat="52.5153340" lon="13.2309920">
    <ele>67.6</ele>
    <time>2025-09-18T14:47:15Z</time>
    <extensions>
     <power>266</power>
     <gpxtpx:TrackPointExtension>
      <gpxtpx:hr>175</gpxtpx:hr>
     </gpxtpx:TrackPointExtension>
    </extensions>
   </trkpt>
   <trkpt lat="52.5153160" lon="13.2309810">
    <ele>67.6</ele>
    <time>2025-09-18T14:47:16Z</time>
    <extensions>
     <power>266</power>
     <gpxtpx:TrackPointExtension>
      <gpxtpx:hr>175</gpxtpx:hr>
     </gpxtpx:TrackPointExtension>
    </extensions>
   </trkpt>
   <trkpt lat="52.5152970" lon="13.2309700">
    <ele>67.8</ele>
    <time>2025-09-18T14:47:17Z</time>
    <extensions>
     <power>262</power>
     <gpxtpx:TrackPointExtension>
      <gpxtpx:hr>175</gpxtpx:hr>
     </gpxtpx:TrackPointExtension>
    </extensions>
   </trkpt>
   <trkpt lat="52.5152540" lon="13.2309380">
    <ele>67.8</ele>
    <time>2025-09-18T14:47:18Z</time>
    <extensions>
     <power>262</power>
     <gpxtpx:TrackPointExtension>
      <gpxtpx:hr>175</gpxtpx:hr>
     </gpxtpx:TrackPointExtension>
    </extensions>
   </trkpt>
   <trkpt lat="52.5152360" lon="13.2309250">
    <ele>67.8</ele>
    <time>2025-09-18T14:47:19Z</time>
    <extensions>
     <power>262</power>
     <gpxtpx:TrackPointExtension>
      <gpxtpx:hr>175</gpxtpx:hr>
     </gpxtpx:TrackPointExtension>
    </extensions>
   </trkpt>
   <trkpt lat="52.5152190" lon="13.2309130">
    <ele>67.8</ele>
    <time>2025-09-18T14:47:20Z</time>
    <extensions>
     <power>260</power>
     <gpxtpx:TrackPointExtension>
      <gpxtpx:hr>175</gpxtpx:hr>
     </gpxtpx:TrackPointExtension>
    </extensions>
   </trkpt>
   <trkpt lat="52.5151800" lon="13.2308910">
    <ele>67.8</ele>
    <time>2025-09-18T14:47:21Z</time>
    <extensions>
     <power>260</power>
     <gpxtpx:TrackPointExtension>
      <gpxtpx:hr>175</gpxtpx:hr>
     </gpxtpx:TrackPointExtension>
    </extensions>
   </trkpt>
   <trkpt lat="52.5151660" lon="13.2308840">
    <ele>67.8</ele>
    <time>2025-09-18T14:47:22Z</time>
    <extensions>
     <power>265</power>
     <gpxtpx:TrackPointExtension>
      <gpxtpx:hr>175</gpxtpx:hr>
     </gpxtpx:TrackPointExtension>
    </extensions>
   </trkpt>
   <trkpt lat="52.5151230" lon="13.2308640">
    <ele>67.8</ele>
    <time>2025-09-18T14:47:23Z</time>
    <extensions>
     <power>265</power>
     <gpxtpx:TrackPointExtension>
      <gpxtpx:hr>175</gpxtpx:hr>
     </gpxtpx:TrackPointExtension>
    </extensions>
   </trkpt>
   <trkpt lat="52.5151050" lon="13.2308560">
    <ele>68.0</ele>
    <time>2025-09-18T14:47:24Z</time>
    <extensions>
     <power>265</power>
     <gpxtpx:TrackPointExtension>
      <gpxtpx:hr>175</gpxtpx:hr>
     </gpxtpx:TrackPointExtension>
    </extensions>
   </trkpt>
   <trkpt lat="52.5150880" lon="13.2308490">
    <ele>68.0</ele>
    <time>2025-09-18T14:47:25Z</time>
    <extensions>
     <power>263</power>
     <gpxtpx:TrackPointExtension>
      <gpxtpx:hr>174</gpxtpx:hr>
     </gpxtpx:TrackPointExtension>
    </extensions>
   </trkpt>
   <trkpt lat="52.5150750" lon="13.2308430">
    <ele>68.0</ele>
    <time>2025-09-18T14:47:26Z</time>
    <extensions>
     <power>263</power>
     <gpxtpx:TrackPointExtension>
      <gpxtpx:hr>174</gpxtpx:hr>
     </gpxtpx:TrackPointExtension>
    </extensions>
   </trkpt>
   <trkpt lat="52.5150620" lon="13.2308380">
    <ele>68.0</ele>
    <time>2025-09-18T14:47:27Z</time>
    <extensions>
     <power>263</power>
     <gpxtpx:TrackPointExtension>
      <gpxtpx:hr>174</gpxtpx:hr>
     </gpxtpx:TrackPointExtension>
    </extensions>
   </trkpt>
   <trkpt lat="52.5150170" lon="13.2308140">
    <ele>68.0</ele>
    <time>2025-09-18T14:47:28Z</time>
    <extensions>
     <power>263</power>
     <gpxtpx:TrackPointExtension>
      <gpxtpx:hr>174</gpxtpx:hr>
     </gpxtpx:TrackPointExtension>
    </extensions>
   </trkpt>
   <trkpt lat="52.5149990" lon="13.2308030">
    <ele>68.2</ele>
    <time>2025-09-18T14:47:29Z</time>
    <extensions>
     <power>263</power>
     <gpxtpx:TrackPointExtension>
      <gpxtpx:hr>174</gpxtpx:hr>
     </gpxtpx:TrackPointExtension>
    </extensions>
   </trkpt>
   <trkpt lat="52.5149810" lon="13.2307920">
    <ele>68.2</ele>
    <time>2025-09-18T14:47:30Z</time>
    <extensions>
     <power>265</power>
     <gpxtpx:TrackPointExtension>
      <gpxtpx:hr>174</gpxtpx:hr>
     </gpxtpx:TrackPointExtension>
    </extensions>
   </trkpt>
   <trkpt lat="52.5149380" lon="13.2307660">
    <ele>68.2</ele>
    <time>2025-09-18T14:47:31Z</time>
    <extensions>
     <power>265</power>
     <gpxtpx:TrackPointExtension>
      <gpxtpx:hr>174</gpxtpx:hr>
     </gpxtpx:TrackPointExtension>
    </extensions>
   </trkpt>
   <trkpt lat="52.5149200" lon="13.2307570">
    <ele>68.4</ele>
    <time>2025-09-18T14:47:32Z</time>
    <extensions>
     <power>265</power>
     <gpxtpx:TrackPointExtension>
      <gpxtpx:hr>174</gpxtpx:hr>
     </gpxtpx:TrackPointExtension>
    </extensions>
   </trkpt>
   <trkpt lat="52.5149030" lon="13.2307480">
    <ele>68.4</ele>
    <time>2025-09-18T14:47:33Z</time>
    <extensions>
     <power>263</power>
     <gpxtpx:TrackPointExtension>
      <gpxtpx:hr>174</gpxtpx:hr>
     </gpxtpx:TrackPointExtension>
    </extensions>
   </trkpt>
   <trkpt lat="52.5148610" lon="13.2307280">
    <ele>68.4</ele>
    <time>2025-09-18T14:47:34Z</time>
    <extensions>
     <power>263</power>
     <gpxtpx:TrackPointExtension>
      <gpxtpx:hr>174</gpxtpx:hr>
     </gpxtpx:TrackPointExtension>
    </extensions>
   </trkpt>
   <trkpt lat="52.5148470" lon="13.2307210">
    <ele>68.6</ele>
    <time>2025-09-18T14:47:35Z</time>
    <extensions>
     <power>264</power>
     <gpxtpx:TrackPointExtension>
      <gpxtpx:hr>174</gpxtpx:hr>
     </gpxtpx:TrackPointExtension>
    </extensions>
   </trkpt>
   <trkpt lat="52.5148010" lon="13.2307050">
    <ele>68.6</ele>
    <time>2025-09-18T14:47:36Z</time>
    <extensions>
     <power>264</power>
     <gpxtpx:TrackPointExtension>
      <gpxtpx:hr>173</gpxtpx:hr>
     </gpxtpx:TrackPointExtension>
    </extensions>
   </trkpt>
   <trkpt lat="52.5147840" lon="13.2307020">
    <ele>68.6</ele>
    <time>2025-09-18T14:47:37Z</time>
    <extensions>
     <power>264</power>
     <gpxtpx:TrackPointExtension>
      <gpxtpx:hr>173</gpxtpx:hr>
     </gpxtpx:TrackPointExtension>
    </extensions>
   </trkpt>
   <trkpt lat="52.5147660" lon="13.2306980">
    <ele>68.6</ele>
    <time>2025-09-18T14:47:38Z</time>
    <extensions>
     <power>261</power>
     <gpxtpx:TrackPointExtension>
      <gpxtpx:hr>173</gpxtpx:hr>
     </gpxtpx:TrackPointExtension>
    </extensions>
   </trkpt>
   <trkpt lat="52.5147280" lon="13.2306970">
    <ele>68.6</ele>
    <time>2025-09-18T14:47:39Z</time>
    <extensions>
     <power>261</power>
     <gpxtpx:TrackPointExtension>
      <gpxtpx:hr>173</gpxtpx:hr>
     </gpxtpx:TrackPointExtension>
    </extensions>
   </trkpt>
   <trkpt lat="52.5147150" lon="13.2306970">
    <ele>68.6</ele>
    <time>2025-09-18T14:47:40Z</time>
    <extensions>
     <power>260</power>
     <gpxtpx:TrackPointExtension>
      <gpxtpx:hr>173</gpxtpx:hr>
     </gpxtpx:TrackPointExtension>
    </extensions>
   </trkpt>
   <trkpt lat="52.5146700" lon="13.2306890">
    <ele>68.8</ele>
    <time>2025-09-18T14:47:41Z</time>
    <extensions>
     <power>260</power>
     <gpxtpx:TrackPointExtension>
      <gpxtpx:hr>173</gpxtpx:hr>
     </gpxtpx:TrackPointExtension>
    </extensions>
   </trkpt>
   <trkpt lat="52.5146520" lon="13.2306840">
    <ele>68.8</ele>
    <time>2025-09-18T14:47:42Z</time>
    <extensions>
     <power>260</power>
     <gpxtpx:TrackPointExtension>
      <gpxtpx:hr>173</gpxtpx:hr>
     </gpxtpx:TrackPointExtension>
    </extensions>
   </trkpt>
   <trkpt lat="52.5146330" lon="13.2306780">
    <ele>68.8</ele>
    <time>2025-09-18T14:47:43Z</time>
    <extensions>
     <power>264</power>
     <gpxtpx:TrackPointExtension>
      <gpxtpx:hr>173</gpxtpx:hr>
     </gpxtpx:TrackPointExtension>
    </extensions>
   </trkpt>
   <trkpt lat="52.5145710" lon="13.2306520">
    <ele>68.8</ele>
    <time>2025-09-18T14:47:44Z</time>
    <extensions>
     <power>264</power>
     <gpxtpx:TrackPointExtension>
      <gpxtpx:hr>173</gpxtpx:hr>
     </gpxtpx:TrackPointExtension>
    </extensions>
   </trkpt>
   <trkpt lat="52.5145390" lon="13.2306390">
    <ele>68.8</ele>
    <time>2025-09-18T14:47:45Z</time>
    <extensions>
     <power>266</power>
     <gpxtpx:TrackPointExtension>
      <gpxtpx:hr>172</gpxtpx:hr>
     </gpxtpx:TrackPointExtension>
    </extensions>
   </trkpt>
   <trkpt lat="52.5144900" lon="13.2306250">
    <ele>69.0</ele>
    <time>2025-09-18T14:47:46Z</time>
    <extensions>
     <power>266</power>
     <gpxtpx:TrackPointExtension>
      <gpxtpx:hr>172</gpxtpx:hr>
     </gpxtpx:TrackPointExtension>
    </extensions>
   </trkpt>
   <trkpt lat="52.5144720" lon="13.2306230">
    <ele>69.0</ele>
    <time>2025-09-18T14:47:47Z</time>
    <extensions>
     <power>266</power>
     <gpxtpx:TrackPointExtension>
      <gpxtpx:hr>172</gpxtpx:hr>
     </gpxtpx:TrackPointExtension>
    </extensions>
   </trkpt>
   <trkpt lat="52.5144530" lon="13.2306200">
    <ele>69.0</ele>
    <time>2025-09-18T14:47:48Z</time>
    <extensions>
     <power>261</power>
     <gpxtpx:TrackPointExtension>
      <gpxtpx:hr>172</gpxtpx:hr>
     </gpxtpx:TrackPointExtension>
    </extensions>
   </trkpt>
   <trkpt lat="52.5144090" lon="13.2306200">
    <ele>69.0</ele>
    <time>2025-09-18T14:47:49Z</time>
    <extensions>
     <power>261</power>
     <gpxtpx:TrackPointExtension>
      <gpxtpx:hr>172</gpxtpx:hr>
     </gpxtpx:TrackPointExtension>
    </extensions>
   </trkpt>
   <trkpt lat="52.5143930" lon="13.2306190">
    <ele>69.2</ele>
    <time>2025-09-18T14:47:50Z</time>
    <extensions>
     <power>261</power>
     <gpxtpx:TrackPointExtension>
      <gpxtpx:hr>173</gpxtpx:hr>
     </gpxtpx:TrackPointExtension>
    </extensions>
   </trkpt>
   <trkpt lat="52.5143760" lon="13.2306170">
    <ele>69.2</ele>
    <time>2025-09-18T14:47:51Z</time>
    <extensions>
     <power>262</power>
     <gpxtpx:TrackPointExtension>
      <gpxtpx:hr>173</gpxtpx:hr>
     </gpxtpx:TrackPointExtension>
    </extensions>
   </trkpt>
   <trkpt lat="52.5143390" lon="13.2305950">
    <ele>69.2</ele>
    <time>2025-09-18T14:47:52Z</time>
    <extensions>
     <power>262</power>
     <gpxtpx:TrackPointExtension>
      <gpxtpx:hr>173</gpxtpx:hr>
     </gpxtpx:TrackPointExtension>
    </extensions>
   </trkpt>
   <trkpt lat="52.5143250" lon="13.2305880">
    <ele>69.2</ele>
    <time>2025-09-18T14:47:53Z</time>
    <extensions>
     <power>261</power>
     <gpxtpx:TrackPointExtension>
      <gpxtpx:hr>173</gpxtpx:hr>
     </gpxtpx:TrackPointExtension>
    </extensions>
   </trkpt>
   <trkpt lat="52.5142760" lon="13.2305690">
    <ele>69.4</ele>
    <time>2025-09-18T14:47:54Z</time>
    <extensions>
     <power>261</power>
     <gpxtpx:TrackPointExtension>
      <gpxtpx:hr>173</gpxtpx:hr>
     </gpxtpx:TrackPointExtension>
    </extensions>
   </trkpt>
   <trkpt lat="52.5142560" lon="13.2305630">
    <ele>69.4</ele>
    <time>2025-09-18T14:47:55Z</time>
    <extensions>
     <power>261</power>
     <gpxtpx:TrackPointExtension>
      <gpxtpx:hr>173</gpxtpx:hr>
     </gpxtpx:TrackPointExtension>
    </extensions>
   </trkpt>
   <trkpt lat="52.5142360" lon="13.2305580">
    <ele>69.4</ele>
    <time>2025-09-18T14:47:56Z</time>
    <extensions>
     <power>265</power>
     <gpxtpx:TrackPointExtension>
      <gpxtpx:hr>173</gpxtpx:hr>
     </gpxtpx:TrackPointExtension>
    </extensions>
   </trkpt>
   <trkpt lat="52.5141940" lon="13.2305610">
    <ele>69.6</ele>
    <time>2025-09-18T14:47:57Z</time>
    <extensions>
     <power>265</power>
     <gpxtpx:TrackPointExtension>
      <gpxtpx:hr>173</gpxtpx:hr>
     </gpxtpx:TrackPointExtension>
    </extensions>
   </trkpt>
   <trkpt lat="52.5141810" lon="13.2305630">
    <ele>69.6</ele>
    <time>2025-09-18T14:47:58Z</time>
    <extensions>
     <power>261</power>
     <gpxtpx:TrackPointExtension>
      <gpxtpx:hr>173</gpxtpx:hr>
     </gpxtpx:TrackPointExtension>
    </extensions>
   </trkpt>
   <trkpt lat="52.5141380" lon="13.2305700">
    <ele>69.6</ele>
    <time>2025-09-18T14:47:59Z</time>
    <extensions>
     <power>261</power>
     <gpxtpx:TrackPointExtension>
      <gpxtpx:hr>172</gpxtpx:hr>
     </gpxtpx:TrackPointExtension>
    </extensions>
   </trkpt>
   <trkpt lat="52.5141210" lon="13.2305720">
    <ele>69.6</ele>
    <time>2025-09-18T14:48:00Z</time>
    <extensions>
     <power>261</power>
     <gpxtpx:TrackPointExtension>
      <gpxtpx:hr>172</gpxtpx:hr>
     </gpxtpx:TrackPointExtension>
    </extensions>
   </trkpt>
   <trkpt lat="52.5141050" lon="13.2305740">
    <ele>69.8</ele>
    <time>2025-09-18T14:48:01Z</time>
    <extensions>
     <power>258</power>
     <gpxtpx:TrackPointExtension>
      <gpxtpx:hr>172</gpxtpx:hr>
     </gpxtpx:TrackPointExtension>
    </extensions>
   </trkpt>
   <trkpt lat="52.5140630" lon="13.2305830">
    <ele>69.8</ele>
    <time>2025-09-18T14:48:02Z</time>
    <extensions>
     <power>258</power>
     <gpxtpx:TrackPointExtension>
      <gpxtpx:hr>172</gpxtpx:hr>
     </gpxtpx:TrackPointExtension>
    </extensions>
   </trkpt>
   <trkpt lat="52.5140470" lon="13.2305870">
    <ele>69.8</ele>
    <time>2025-09-18T14:48:03Z</time>
    <extensions>
     <power>258</power>
     <gpxtpx:TrackPointExtension>
      <gpxtpx:hr>172</gpxtpx:hr>
     </gpxtpx:TrackPointExtension>
    </extensions>
   </trkpt>
   <trkpt lat="52.5140300" lon="13.2305910">
    <ele>69.8</ele>
    <time>2025-09-18T14:48:04Z</time>
    <extensions>
     <power>257</power>
     <gpxtpx:TrackPointExtension>
      <gpxtpx:hr>173</gpxtpx:hr>
     </gpxtpx:TrackPointExtension>
    </extensions>
   </trkpt>
   <trkpt lat="52.5139910" lon="13.2306000">
    <ele>69.8</ele>
    <time>2025-09-18T14:48:05Z</time>
    <extensions>
     <power>257</power>
     <gpxtpx:TrackPointExtension>
      <gpxtpx:hr>173</gpxtpx:hr>
     </gpxtpx:TrackPointExtension>
    </extensions>
   </trkpt>
   <trkpt lat="52.5139770" lon="13.2306020">
    <ele>70.0</ele>
    <time>2025-09-18T14:48:06Z</time>
    <extensions>
     <power>259</power>
     <gpxtpx:TrackPointExtension>
      <gpxtpx:hr>173</gpxtpx:hr>
     </gpxtpx:TrackPointExtension>
    </extensions>
   </trkpt>
   <trkpt lat="52.5139320" lon="13.2306050">
    <ele>70.0</ele>
    <time>2025-09-18T14:48:07Z</time>
    <extensions>
     <power>259</power>
     <gpxtpx:TrackPointExtension>
      <gpxtpx:hr>173</gpxtpx:hr>
     </gpxtpx:TrackPointExtension>
    </extensions>
   </trkpt>
   <trkpt lat="52.5139130" lon="13.2306060">
    <ele>70.0</ele>
    <time>2025-09-18T14:48:08Z</time>
    <extensions>
     <power>259</power>
     <gpxtpx:TrackPointExtension>
      <gpxtpx:hr>175</gpxtpx:hr>
     </gpxtpx:TrackPointExtension>
    </extensions>
   </trkpt>
   <trkpt lat="52.5138950" lon="13.2306070">
    <ele>70.0</ele>
    <time>2025-09-18T14:48:09Z</time>
    <extensions>
     <power>257</power>
     <gpxtpx:TrackPointExtension>
      <gpxtpx:hr>175</gpxtpx:hr>
     </gpxtpx:TrackPointExtension>
    </extensions>
   </trkpt>
   <trkpt lat="52.5138500" lon="13.2306060">
    <ele>70.0</ele>
    <time>2025-09-18T14:48:10Z</time>
    <extensions>
     <power>257</power>
     <gpxtpx:TrackPointExtension>
      <gpxtpx:hr>175</gpxtpx:hr>
     </gpxtpx:TrackPointExtension>
    </extensions>
   </trkpt>
   <trkpt lat="52.5138350" lon="13.2306050">
    <ele>70.0</ele>
    <time>2025-09-18T14:48:11Z</time>
    <extensions>
     <power>261</power>
     <gpxtpx:TrackPointExtension>
      <gpxtpx:hr>175</gpxtpx:hr>
     </gpxtpx:TrackPointExtension>
    </extensions>
   </trkpt>
   <trkpt lat="52.5137830" lon="13.2306010">
    <ele>70.0</ele>
    <time>2025-09-18T14:48:12Z</time>
    <extensions>
     <power>261</power>
     <gpxtpx:TrackPointExtension>
      <gpxtpx:hr>175</gpxtpx:hr>
     </gpxtpx:TrackPointExtension>
    </extensions>
   </trkpt>
   <trkpt lat="52.5137630" lon="13.2306000">
    <ele>70.0</ele>
    <time>2025-09-18T14:48:13Z</time>
    <extensions>
     <power>261</power>
     <gpxtpx:TrackPointExtension>
      <gpxtpx:hr>175</gpxtpx:hr>
     </gpxtpx:TrackPointExtension>
    </extensions>
   </trkpt>
   <trkpt lat="52.5137420" lon="13.2305990">
    <ele>70.0</ele>
    <time>2025-09-18T14:48:14Z</time>
    <extensions>
     <power>270</power>
     <gpxtpx:TrackPointExtension>
      <gpxtpx:hr>175</gpxtpx:hr>
     </gpxtpx:TrackPointExtension>
    </extensions>
   </trkpt>
   <trkpt lat="52.5137000" lon="13.2306050">
    <ele>70.0</ele>
    <time>2025-09-18T14:48:15Z</time>
    <extensions>
     <power>270</power>
     <gpxtpx:TrackPointExtension>
      <gpxtpx:hr>176</gpxtpx:hr>
     </gpxtpx:TrackPointExtension>
    </extensions>
   </trkpt>
   <trkpt lat="52.5136860" lon="13.2306080">
    <ele>70.0</ele>
    <time>2025-09-18T14:48:16Z</time>
    <extensions>
     <power>270</power>
     <gpxtpx:TrackPointExtension>
      <gpxtpx:hr>176</gpxtpx:hr>
     </gpxtpx:TrackPointExtension>
    </extensions>
   </trkpt>
   <trkpt lat="52.5136400" lon="13.2306210">
    <ele>70.0</ele>
    <time>2025-09-18T14:48:17Z</time>
    <extensions>
     <power>270</power>
     <gpxtpx:TrackPointExtension>
      <gpxtpx:hr>176</gpxtpx:hr>
     </gpxtpx:TrackPointExtension>
    </extensions>
   </trkpt>
   <trkpt lat="52.5136210" lon="13.2306250">
    <ele>70.0</ele>
    <time>2025-09-18T14:48:18Z</time>
    <extensions>
     <power>270</power>
     <gpxtpx:TrackPointExtension>
      <gpxtpx:hr>176</gpxtpx:hr>
     </gpxtpx:TrackPointExtension>
    </extensions>
   </trkpt>
   <trkpt lat="52.5136020" lon="13.2306300">
    <ele>70.0</ele>
    <time>2025-09-18T14:48:19Z</time>
    <extensions>
     <power>270</power>
     <gpxtpx:TrackPointExtension>
      <gpxtpx:hr>176</gpxtpx:hr>
     </gpxtpx:TrackPointExtension>
    </extensions>
   </trkpt>
   <trkpt lat="52.5135540" lon="13.2306390">
    <ele>70.0</ele>
    <time>2025-09-18T14:48:20Z</time>
    <extensions>
     <power>270</power>
     <gpxtpx:TrackPointExtension>
      <gpxtpx:hr>176</gpxtpx:hr>
     </gpxtpx:TrackPointExtension>
    </extensions>
   </trkpt>
   <trkpt lat="52.5135360" lon="13.2306430">
    <ele>70.2</ele>
    <time>2025-09-18T14:48:21Z</time>
    <extensions>
     <power>270</power>
     <gpxtpx:TrackPointExtension>
      <gpxtpx:hr>176</gpxtpx:hr>
     </gpxtpx:TrackPointExtension>
    </extensions>
   </trkpt>
   <trkpt lat="52.5135170" lon="13.2306460">
    <ele>70.2</ele>
    <time>2025-09-18T14:48:22Z</time>
    <extensions>
     <power>268</power>
     <gpxtpx:TrackPointExtension>
      <gpxtpx:hr>176</gpxtpx:hr>
     </gpxtpx:TrackPointExtension>
    </extensions>
   </trkpt>
   <trkpt lat="52.5134750" lon="13.2306550">
    <ele>70.2</ele>
    <time>2025-09-18T14:48:23Z</time>
    <extensions>
     <power>268</power>
     <gpxtpx:TrackPointExtension>
      <gpxtpx:hr>176</gpxtpx:hr>
     </gpxtpx:TrackPointExtension>
    </extensions>
   </trkpt>
   <trkpt lat="52.5134610" lon="13.2306570">
    <ele>70.4</ele>
    <time>2025-09-18T14:48:24Z</time>
    <extensions>
     <power>271</power>
     <gpxtpx:TrackPointExtension>
      <gpxtpx:hr>176</gpxtpx:hr>
     </gpxtpx:TrackPointExtension>
    </extensions>
   </trkpt>
   <trkpt lat="52.5134130" lon="13.2306570">
    <ele>70.4</ele>
    <time>2025-09-18T14:48:25Z</time>
    <extensions>
     <power>271</power>
     <gpxtpx:TrackPointExtension>
      <gpxtpx:hr>176</gpxtpx:hr>
     </gpxtpx:TrackPointExtension>
    </extensions>
   </trkpt>
   <trkpt lat="52.5133950" lon="13.2306560">
    <ele>70.4</ele>
    <time>2025-09-18T14:48:26Z</time>
    <extensions>
     <power>271</power>
     <gpxtpx:TrackPointExtension>
      <gpxtpx:hr>177</gpxtpx:hr>
     </gpxtpx:TrackPointExtension>
    </extensions>
   </trkpt>
   <trkpt lat="52.5133760" lon="13.2306540">
    <ele>70.6</ele>
    <time>2025-09-18T14:48:27Z</time>
    <extensions>
     <power>272</power>
     <gpxtpx:TrackPointExtension>
      <gpxtpx:hr>177</gpxtpx:hr>
     </gpxtpx:TrackPointExtension>
    </extensions>
   </trkpt>
   <trkpt lat="52.5133360" lon="13.2306470">
    <ele>70.6</ele>
    <time>2025-09-18T14:48:28Z</time>
    <extensions>
     <power>272</power>
     <gpxtpx:TrackPointExtension>
      <gpxtpx:hr>177</gpxtpx:hr>
     </gpxtpx:TrackPointExtension>
    </extensions>
   </trkpt>
   <trkpt lat="52.5133230" lon="13.2306450">
    <ele>70.8</ele>
    <time>2025-09-18T14:48:29Z</time>
    <extensions>
     <power>273</power>
     <gpxtpx:TrackPointExtension>
      <gpxtpx:hr>177</gpxtpx:hr>
     </gpxtpx:TrackPointExtension>
    </extensions>
   </trkpt>
   <trkpt lat="52.5132780" lon="13.2306460">
    <ele>70.8</ele>
    <time>2025-09-18T14:48:30Z</time>
    <extensions>
     <power>273</power>
     <gpxtpx:TrackPointExtension>
      <gpxtpx:hr>177</gpxtpx:hr>
     </gpxtpx:TrackPointExtension>
    </extensions>
   </trkpt>
   <trkpt lat="52.5132590" lon="13.2306490">
    <ele>70.8</ele>
    <time>2025-09-18T14:48:31Z</time>
    <extensions>
     <power>273</power>
     <gpxtpx:TrackPointExtension>
      <gpxtpx:hr>177</gpxtpx:hr>
     </gpxtpx:TrackPointExtension>
    </extensions>
   </trkpt>
   <trkpt lat="52.5132410" lon="13.2306510">
    <ele>71.0</ele>
    <time>2025-09-18T14:48:32Z</time>
    <extensions>
     <power>278</power>
     <gpxtpx:TrackPointExtension>
      <gpxtpx:hr>177</gpxtpx:hr>
     </gpxtpx:TrackPointExtension>
    </extensions>
   </trkpt>
   <trkpt lat="52.5131980" lon="13.2306640">
    <ele>71.0</ele>
    <time>2025-09-18T14:48:33Z</time>
    <extensions>
     <power>278</power>
     <gpxtpx:TrackPointExtension>
      <gpxtpx:hr>177</gpxtpx:hr>
     </gpxtpx:TrackPointExtension>
    </extensions>
   </trkpt>
   <trkpt lat="52.5131830" lon="13.2306690">
    <ele>71.0</ele>
    <time>2025-09-18T14:48:34Z</time>
    <extensions>
     <power>276</power>
     <gpxtpx:TrackPointExtension>
      <gpxtpx:hr>177</gpxtpx:hr>
     </gpxtpx:TrackPointExtension>
    </extensions>
   </trkpt>
   <trkpt lat="52.5131350" lon="13.2306860">
    <ele>71.0</ele>
    <time>2025-09-18T14:48:35Z</time>
    <extensions>
     <power>276</power>
     <gpxtpx:TrackPointExtension>
      <gpxtpx:hr>177</gpxtpx:hr>
     </gpxtpx:TrackPointExtension>
    </extensions>
   </trkpt>
   <trkpt lat="52.5131160" lon="13.2306920">
    <ele>71.0</ele>
    <time>2025-09-18T14:48:36Z</time>
    <extensions>
     <power>276</power>
     <gpxtpx:TrackPointExtension>
      <gpxtpx:hr>177</gpxtpx:hr>
     </gpxtpx:TrackPointExtension>
    </extensions>
   </trkpt>
   <trkpt lat="52.5130970" lon="13.2306990">
    <ele>71.0</ele>
    <time>2025-09-18T14:48:37Z</time>
    <extensions>
     <power>275</power>
     <gpxtpx:TrackPointExtension>
      <gpxtpx:hr>177</gpxtpx:hr>
     </gpxtpx:TrackPointExtension>
    </extensions>
   </trkpt>
   <trkpt lat="52.5130510" lon="13.2307090">
    <ele>71.0</ele>
    <time>2025-09-18T14:48:38Z</time>
    <extensions>
     <power>275</power>
     <gpxtpx:TrackPointExtension>
      <gpxtpx:hr>177</gpxtpx:hr>
     </gpxtpx:TrackPointExtension>
    </extensions>
   </trkpt>
   <trkpt lat="52.5130310" lon="13.2307110">
    <ele>70.8</ele>
    <time>2025-09-18T14:48:39Z</time>
    <extensions>
     <power>275</power>
     <gpxtpx:TrackPointExtension>
      <gpxtpx:hr>177</gpxtpx:hr>
     </gpxtpx:TrackPointExtension>
    </extensions>
   </trkpt>
   <trkpt lat="52.5130120" lon="13.2307130">
    <ele>70.8</ele>
    <time>2025-09-18T14:48:40Z</time>
    <extensions>
     <power>269</power>
     <gpxtpx:TrackPointExtension>
      <gpxtpx:hr>177</gpxtpx:hr>
     </gpxtpx:TrackPointExtension>
    </extensions>
   </trkpt>
   <trkpt lat="52.5129670" lon="13.2307110">
    <ele>70.8</ele>
    <time>2025-09-18T14:48:41Z</time>
    <extensions>
     <power>269</power>
     <gpxtpx:TrackPointExtension>
      <gpxtpx:hr>177</gpxtpx:hr>
     </gpxtpx:TrackPointExtension>
    </extensions>
   </trkpt>
   <trkpt lat="52.5129520" lon="13.2307100">
    <ele>70.8</ele>
    <time>2025-09-18T14:48:42Z</time>
    <extensions>
     <power>277</power>
     <gpxtpx:TrackPointExtension>
      <gpxtpx:hr>177</gpxtpx:hr>
     </gpxtpx:TrackPointExtension>
    </extensions>
   </trkpt>
   <trkpt lat="52.5129030" lon="13.2307100">
    <ele>70.6</ele>
    <time>2025-09-18T14:48:43Z</time>
    <extensions>
     <power>277</power>
     <gpxtpx:TrackPointExtension>
      <gpxtpx:hr>177</gpxtpx:hr>
     </gpxtpx:TrackPointExtension>
    </extensions>
   </trkpt>
   <trkpt lat="52.5128830" lon="13.2307100">
    <ele>70.6</ele>
    <time>2025-09-18T14:48:44Z</time>
    <extensions>
     <power>277</power>
     <gpxtpx:TrackPointExtension>
      <gpxtpx:hr>177</gpxtpx:hr>
     </gpxtpx:TrackPointExtension>
    </extensions>
   </trkpt>
   <trkpt lat="52.5128630" lon="13.2307100">
    <ele>70.4</ele>
    <time>2025-09-18T14:48:45Z</time>
    <extensions>
     <power>283</power>
     <gpxtpx:TrackPointExtension>
      <gpxtpx:hr>177</gpxtpx:hr>
     </gpxtpx:TrackPointExtension>
    </extensions>
   </trkpt>
   <trkpt lat="52.5128200" lon="13.2307080">
    <ele>70.4</ele>
    <time>2025-09-18T14:48:46Z</time>
    <extensions>
     <power>283</power>
     <gpxtpx:TrackPointExtension>
      <gpxtpx:hr>177</gpxtpx:hr>
     </gpxtpx:TrackPointExtension>
    </extensions>
   </trkpt>
   <trkpt lat="52.5128060" lon="13.2307080">
    <ele>70.4</ele>
    <time>2025-09-18T14:48:47Z</time>
    <extensions>
     <power>283</power>
     <gpxtpx:TrackPointExtension>
      <gpxtpx:hr>177</gpxtpx:hr>
     </gpxtpx:TrackPointExtension>
    </extensions>
   </trkpt>
   <trkpt lat="52.5127630" lon="13.2307150">
    <ele>70.4</ele>
    <time>2025-09-18T14:48:48Z</time>
    <extensions>
     <power>283</power>
     <gpxtpx:TrackPointExtension>
      <gpxtpx:hr>177</gpxtpx:hr>
     </gpxtpx:TrackPointExtension>
    </extensions>
   </trkpt>
   <trkpt lat="52.5127450" lon="13.2307210">
    <ele>70.2</ele>
    <time>2025-09-18T14:48:49Z</time>
    <extensions>
     <power>283</power>
     <gpxtpx:TrackPointExtension>
      <gpxtpx:hr>177</gpxtpx:hr>
     </gpxtpx:TrackPointExtension>
    </extensions>
   </trkpt>
   <trkpt lat="52.5127280" lon="13.2307260">
    <ele>70.2</ele>
    <time>2025-09-18T14:48:50Z</time>
    <extensions>
     <power>283</power>
     <gpxtpx:TrackPointExtension>
      <gpxtpx:hr>177</gpxtpx:hr>
     </gpxtpx:TrackPointExtension>
    </extensions>
   </trkpt>
   <trkpt lat="52.5126820" lon="13.2307400">
    <ele>70.2</ele>
    <time>2025-09-18T14:48:51Z</time>
    <extensions>
     <power>283</power>
     <gpxtpx:TrackPointExtension>
      <gpxtpx:hr>177</gpxtpx:hr>
     </gpxtpx:TrackPointExtension>
    </extensions>
   </trkpt>
   <trkpt lat="52.5126620" lon="13.2307440">
    <ele>70.0</ele>
    <time>2025-09-18T14:48:52Z</time>
    <extensions>
     <power>283</power>
     <gpxtpx:TrackPointExtension>
      <gpxtpx:hr>177</gpxtpx:hr>
     </gpxtpx:TrackPointExtension>
    </extensions>
   </trkpt>
   <trkpt lat="52.5126430" lon="13.2307480">
    <ele>70.0</ele>
    <time>2025-09-18T14:48:53Z</time>
    <extensions>
     <power>282</power>
     <gpxtpx:TrackPointExtension>
      <gpxtpx:hr>177</gpxtpx:hr>
     </gpxtpx:TrackPointExtension>
    </extensions>
   </trkpt>
   <trkpt lat="52.5125970" lon="13.2307430">
    <ele>70.0</ele>
    <time>2025-09-18T14:48:54Z</time>
    <extensions>
     <power>282</power>
     <gpxtpx:TrackPointExtension>
      <gpxtpx:hr>178</gpxtpx:hr>
     </gpxtpx:TrackPointExtension>
    </extensions>
   </trkpt>
   <trkpt lat="52.5125810" lon="13.2307400">
    <ele>70.0</ele>
    <time>2025-09-18T14:48:55Z</time>
    <extensions>
     <power>279</power>
     <gpxtpx:TrackPointExtension>
      <gpxtpx:hr>178</gpxtpx:hr>
     </gpxtpx:TrackPointExtension>
    </extensions>
   </trkpt>
   <trkpt lat="52.5125300" lon="13.2307250">
    <ele>70.0</ele>
    <time>2025-09-18T14:48:56Z</time>
    <extensions>
     <power>279</power>
     <gpxtpx:TrackPointExtension>
      <gpxtpx:hr>177</gpxtpx:hr>
     </gpxtpx:TrackPointExtension>
    </extensions>
   </trkpt>
   <trkpt lat="52.5125110" lon="13.2307200">
    <ele>70.0</ele>
    <time>2025-09-18T14:48:57Z</time>
    <extensions>
     <power>279</power>
     <gpxtpx:TrackPointExtension>
      <gpxtpx:hr>177</gpxtpx:hr>
     </gpxtpx:TrackPointExtension>
    </extensions>
   </trkpt>
   <trkpt lat="52.5124910" lon="13.2307140">
    <ele>70.0</ele>
    <time>2025-09-18T14:48:58Z</time>
    <extensions>
     <power>280</power>
     <gpxtpx:TrackPointExtension>
      <gpxtpx:hr>177</gpxtpx:hr>
     </gpxtpx:TrackPointExtension>
    </extensions>
   </trkpt>
   <trkpt lat="52.5124500" lon="13.2307050">
    <ele>70.0</ele>
    <time>2025-09-18T14:48:59Z</time>
    <extensions>
     <power>280</power>
     <gpxtpx:TrackPointExtension>
      <gpxtpx:hr>177</gpxtpx:hr>
     </gpxtpx:TrackPointExtension>
    </extensions>
   </trkpt>
   <trkpt lat="52.5124370" lon="13.2307020">
    <ele>70.0</ele>
    <time>2025-09-18T14:49:00Z</time>
    <extensions>
     <power>277</power>
     <gpxtpx:TrackPointExtension>
      <gpxtpx:hr>177</gpxtpx:hr>
     </gpxtpx:TrackPointExtension>
    </extensions>
   </trkpt>
   <trkpt lat="52.5123920" lon="13.2306980">
    <ele>70.0</ele>
    <time>2025-09-18T14:49:01Z</time>
    <extensions>
     <power>277</power>
     <gpxtpx:TrackPointExtension>
      <gpxtpx:hr>177</gpxtpx:hr>
     </gpxtpx:TrackPointExtension>
    </extensions>
   </trkpt>
   <trkpt lat="52.5123740" lon="13.2306980">
    <ele>70.0</ele>
    <time>2025-09-18T14:49:02Z</time>
    <extensions>
     <power>277</power>
     <gpxtpx:TrackPointExtension>
      <gpxtpx:hr>177</gpxtpx:hr>
     </gpxtpx:TrackPointExtension>
    </extensions>
   </trkpt>
   <trkpt lat="52.5123560" lon="13.2306980">
    <ele>70.0</ele>
    <time>2025-09-18T14:49:03Z</time>
    <extensions>
     <power>278</power>
     <gpxtpx:TrackPointExtension>
      <gpxtpx:hr>177</gpxtpx:hr>
     </gpxtpx:TrackPointExtension>
    </extensions>
   </trkpt>
   <trkpt lat="52.5123130" lon="13.2307040">
    <ele>70.2</ele>
    <time>2025-09-18T14:49:04Z</time>
    <extensions>
     <power>278</power>
     <gpxtpx:TrackPointExtension>
      <gpxtpx:hr>177</gpxtpx:hr>
     </gpxtpx:TrackPointExtension>
    </extensions>
   </trkpt>
   <trkpt lat="52.5122990" lon="13.2307050">
    <ele>70.4</ele>
    <time>2025-09-18T14:49:05Z</time>
    <extensions>
     <power>280</power>
     <gpxtpx:TrackPointExtension>
      <gpxtpx:hr>177</gpxtpx:hr>
     </gpxtpx:TrackPointExtension>
    </extensions>
   </trkpt>
   <trkpt lat="52.5122520" lon="13.2307010">
    <ele>70.4</ele>
    <time>2025-09-18T14:49:06Z</time>
    <extensions>
     <power>280</power>
     <gpxtpx:TrackPointExtension>
      <gpxtpx:hr>177</gpxtpx:hr>
     </gpxtpx:TrackPointExtension>
    </extensions>
   </trkpt>
   <trkpt lat="52.5122340" lon="13.2306980">
    <ele>70.6</ele>
    <time>2025-09-18T14:49:07Z</time>
    <extensions>
     <power>280</power>
     <gpxtpx:TrackPointExtension>
      <gpxtpx:hr>177</gpxtpx:hr>
     </gpxtpx:TrackPointExtension>
    </extensions>
   </trkpt>
   <trkpt lat="52.5122150" lon="13.2306940">
    <ele>70.8</ele>
    <time>2025-09-18T14:49:08Z</time>
    <extensions>
     <power>280</power>
     <gpxtpx:TrackPointExtension>
      <gpxtpx:hr>177</gpxtpx:hr>
     </gpxtpx:TrackPointExtension>
    </extensions>
   </trkpt>
   <trkpt lat="52.5121710" lon="13.2306760">
    <ele>71.0</ele>
    <time>2025-09-18T14:49:09Z</time>
    <extensions>
     <power>280</power>
     <gpxtpx:TrackPointExtension>
      <gpxtpx:hr>176</gpxtpx:hr>
     </gpxtpx:TrackPointExtension>
    </extensions>
   </trkpt>
   <trkpt lat="52.5121530" lon="13.2306690">
    <ele>71.0</ele>
    <time>2025-09-18T14:49:10Z</time>
    <extensions>
     <power>280</power>
     <gpxtpx:TrackPointExtension>
      <gpxtpx:hr>176</gpxtpx:hr>
     </gpxtpx:TrackPointExtension>
    </extensions>
   </trkpt>
   <trkpt lat="52.5121360" lon="13.2306610">
    <ele>71.2</ele>
    <time>2025-09-18T14:49:11Z</time>
    <extensions>
     <power>288</power>
     <gpxtpx:TrackPointExtension>
      <gpxtpx:hr>176</gpxtpx:hr>
     </gpxtpx:TrackPointExtension>
    </extensions>
   </trkpt>
   <trkpt lat="52.5120960" lon="13.2306470">
    <ele>71.4</ele>
    <time>2025-09-18T14:49:12Z</time>
    <extensions>
     <power>288</power>
     <gpxtpx:TrackPointExtension>
      <gpxtpx:hr>176</gpxtpx:hr>
     </gpxtpx:TrackPointExtension>
    </extensions>
   </trkpt>
   <trkpt lat="52.5120820" lon="13.2306430">
    <ele>71.6</ele>
    <time>2025-09-18T14:49:13Z</time>
    <extensions>
     <power>280</power>
     <gpxtpx:TrackPointExtension>
      <gpxtpx:hr>176</gpxtpx:hr>
     </gpxtpx:TrackPointExtension>
    </extensions>
   </trkpt>
   <trkpt lat="52.5120330" lon="13.2306310">
    <ele>71.8</ele>
    <time>2025-09-18T14:49:14Z</time>
    <extensions>
     <power>280</power>
     <gpxtpx:TrackPointExtension>
      <gpxtpx:hr>176</gpxtpx:hr>
     </gpxtpx:TrackPointExtension>
    </extensions>
   </trkpt>
   <trkpt lat="52.5120140" lon="13.2306280">
    <ele>72.0</ele>
    <time>2025-09-18T14:49:15Z</time>
    <extensions>
     <power>280</power>
     <gpxtpx:TrackPointExtension>
      <gpxtpx:hr>175</gpxtpx:hr>
     </gpxtpx:TrackPointExtension>
    </extensions>
   </trkpt>
   <trkpt lat="52.5119940" lon="13.2306240">
    <ele>72.0</ele>
    <time>2025-09-18T14:49:16Z</time>
    <extensions>
     <power>284</power>
     <gpxtpx:TrackPointExtension>
      <gpxtpx:hr>175</gpxtpx:hr>
     </gpxtpx:TrackPointExtension>
    </extensions>
   </trkpt>
   <trkpt lat="52.5119500" lon="13.2306260">
    <ele>72.0</ele>
    <time>2025-09-18T14:49:17Z</time>
    <extensions>
     <power>284</power>
     <gpxtpx:TrackPointExtension>
      <gpxtpx:hr>175</gpxtpx:hr>
     </gpxtpx:TrackPointExtension>
    </extensions>
   </trkpt>
   <trkpt lat="52.5119360" lon="13.2306270">
    <ele>72.2</ele>
    <time>2025-09-18T14:49:18Z</time>
    <extensions>
     <power>286</power>
     <gpxtpx:TrackPointExtension>
      <gpxtpx:hr>175</gpxtpx:hr>
     </gpxtpx:TrackPointExtension>
    </extensions>
   </trkpt>
   <trkpt lat="52.5118940" lon="13.2306420">
    <ele>72.2</ele>
    <time>2025-09-18T14:49:19Z</time>
    <extensions>
     <power>286</power>
     <gpxtpx:TrackPointExtension>
      <gpxtpx:hr>177</gpxtpx:hr>
     </gpxtpx:TrackPointExtension>
    </extensions>
   </trkpt>
   <trkpt lat="52.5118770" lon="13.2306500">
    <ele>72.2</ele>
    <time>2025-09-18T14:49:20Z</time>
    <extensions>
     <power>286</power>
     <gpxtpx:TrackPointExtension>
      <gpxtpx:hr>177</gpxtpx:hr>
     </gpxtpx:TrackPointExtension>
    </extensions>
   </trkpt>
   <trkpt lat="52.5118610" lon="13.2306590">
    <ele>72.2</ele>
    <time>2025-09-18T14:49:21Z</time>
    <extensions>
     <power>284</power>
     <gpxtpx:TrackPointExtension>
      <gpxtpx:hr>177</gpxtpx:hr>
     </gpxtpx:TrackPointExtension>
    </extensions>
   </trkpt>
   <trkpt lat="52.5118230" lon="13.2306970">
    <ele>72.2</ele>
    <time>2025-09-18T14:49:22Z</time>
    <extensions>
     <power>284</power>
     <gpxtpx:TrackPointExtension>
      <gpxtpx:hr>177</gpxtpx:hr>
     </gpxtpx:TrackPointExtension>
    </extensions>
   </trkpt>
   <trkpt lat="52.5118080" lon="13.2307150">
    <ele>72.2</ele>
    <time>2025-09-18T14:49:23Z</time>
    <extensions>
     <power>284</power>
     <gpxtpx:TrackPointExtension>
      <gpxtpx:hr>177</gpxtpx:hr>
     </gpxtpx:TrackPointExtension>
    </extensions>
   </trkpt>
   <trkpt lat="52.5117930" lon="13.2307320">
    <ele>72.2</ele>
    <time>2025-09-18T14:49:24Z</time>
    <extensions>
     <power>282</power>
     <gpxtpx:TrackPointExtension>
      <gpxtpx:hr>178</gpxtpx:hr>
     </gpxtpx:TrackPointExtension>
    </extensions>
   </trkpt>
   <trkpt lat="52.5117610" lon="13.2307720">
    <ele>72.2</ele>
    <time>2025-09-18T14:49:25Z</time>
    <extensions>
     <power>282</power>
     <gpxtpx:TrackPointExtension>
      <gpxtpx:hr>178</gpxtpx:hr>
     </gpxtpx:TrackPointExtension>
    </extensions>
   </trkpt>
   <trkpt lat="52.5117500" lon="13.2307840">
    <ele>72.2</ele>
    <time>2025-09-18T14:49:26Z</time>
    <extensions>
     <power>281</power>
     <gpxtpx:TrackPointExtension>
      <gpxtpx:hr>178</gpxtpx:hr>
     </gpxtpx:TrackPointExtension>
    </extensions>
   </trkpt>
   <trkpt lat="52.5117090" lon="13.2308120">
    <ele>72.2</ele>
    <time>2025-09-18T14:49:27Z</time>
    <extensions>
     <power>281</power>
     <gpxtpx:TrackPointExtension>
      <gpxtpx:hr>178</gpxtpx:hr>
     </gpxtpx:TrackPointExtension>
    </extensions>
   </trkpt>
   <trkpt lat="52.5116910" lon="13.2308190">
    <ele>72.2</ele>
    <time>2025-09-18T14:49:28Z</time>
    <extensions>
     <power>281</power>
     <gpxtpx:TrackPointExtension>
      <gpxtpx:hr>178</gpxtpx:hr>
     </gpxtpx:TrackPointExtension>
    </extensions>
   </trkpt>
   <trkpt lat="52.5116740" lon="13.2308270">
    <ele>72.2</ele>
    <time>2025-09-18T14:49:29Z</time>
    <extensions>
     <power>279</power>
     <gpxtpx:TrackPointExtension>
      <gpxtpx:hr>178</gpxtpx:hr>
     </gpxtpx:TrackPointExtension>
    </extensions>
   </trkpt>
   <trkpt lat="52.5116350" lon="13.2308390">
    <ele>72.2</ele>
    <time>2025-09-18T14:49:30Z</time>
    <extensions>
     <power>279</power>
     <gpxtpx:TrackPointExtension>
      <gpxtpx:hr>178</gpxtpx:hr>
     </gpxtpx:TrackPointExtension>
    </extensions>
   </trkpt>
   <trkpt lat="52.5116220" lon="13.2308430">
    <ele>72.2</ele>
    <time>2025-09-18T14:49:31Z</time>
    <extensions>
     <power>277</power>
     <gpxtpx:TrackPointExtension>
      <gpxtpx:hr>178</gpxtpx:hr>
     </gpxtpx:TrackPointExtension>
    </extensions>
   </trkpt>
   <trkpt lat="52.5115820" lon="13.2308660">
    <ele>72.0</ele>
    <time>2025-09-18T14:49:32Z</time>
    <extensions>
     <power>277</power>
     <gpxtpx:TrackPointExtension>
      <gpxtpx:hr>178</gpxtpx:hr>
     </gpxtpx:TrackPointExtension>
    </extensions>
   </trkpt>
   <trkpt lat="52.5115660" lon="13.2308760">
    <ele>72.0</ele>
    <time>2025-09-18T14:49:33Z</time>
    <extensions>
     <power>277</power>
     <gpxtpx:TrackPointExtension>
      <gpxtpx:hr>178</gpxtpx:hr>
     </gpxtpx:TrackPointExtension>
    </extensions>
   </trkpt>
   <trkpt lat="52.5115500" lon="13.2308870">
    <ele>72.0</ele>
    <time>2025-09-18T14:49:34Z</time>
    <extensions>
     <power>278</power>
     <gpxtpx:TrackPointExtension>
      <gpxtpx:hr>178</gpxtpx:hr>
     </gpxtpx:TrackPointExtension>
    </extensions>
   </trkpt>
   <trkpt lat="52.5115260" lon="13.2309050">
    <ele>72.0</ele>
    <time>2025-09-18T14:49:35Z</time>
    <extensions>
     <power>278</power>
     <gpxtpx:TrackPointExtension>
      <gpxtpx:hr>178</gpxtpx:hr>
     </gpxtpx:TrackPointExtension>
    </extensions>
   </trkpt>
   <trkpt lat="52.5115260" lon="13.2309050">
    <ele>72.0</ele>
    <time>2025-09-18T14:49:36Z</time>
    <extensions>
     <power>275</power>
     <gpxtpx:TrackPointExtension>
      <gpxtpx:hr>178</gpxtpx:hr>
     </gpxtpx:TrackPointExtension>
    </extensions>
   </trkpt>
   <trkpt lat="52.5114680" lon="13.2309430">
    <ele>71.8</ele>
    <time>2025-09-18T14:49:37Z</time>
    <extensions>
     <power>275</power>
     <gpxtpx:TrackPointExtension>
      <gpxtpx:hr>178</gpxtpx:hr>
     </gpxtpx:TrackPointExtension>
    </extensions>
   </trkpt>
   <trkpt lat="52.5114600" lon="13.2309480">
    <ele>71.8</ele>
    <time>2025-09-18T14:49:38Z</time>
    <extensions>
     <power>275</power>
     <gpxtpx:TrackPointExtension>
      <gpxtpx:hr>177</gpxtpx:hr>
     </gpxtpx:TrackPointExtension>
    </extensions>
   </trkpt>
   <trkpt lat="52.5114510" lon="13.2309530">
    <ele>71.8</ele>
    <time>2025-09-18T14:49:39Z</time>
    <extensions>
     <power>278</power>
     <gpxtpx:TrackPointExtension>
      <gpxtpx:hr>177</gpxtpx:hr>
     </gpxtpx:TrackPointExtension>
    </extensions>
   </trkpt>
   <trkpt lat="52.5114070" lon="13.2309710">
    <ele>71.6</ele>
    <time>2025-09-18T14:49:40Z</time>
    <extensions>
     <power>278</power>
     <gpxtpx:TrackPointExtension>
      <gpxtpx:hr>177</gpxtpx:hr>
     </gpxtpx:TrackPointExtension>
    </extensions>
   </trkpt>
   <trkpt lat="52.5113900" lon="13.2309770">
    <ele>71.6</ele>
    <time>2025-09-18T14:49:41Z</time>
    <extensions>
     <power>278</power>
     <gpxtpx:TrackPointExtension>
      <gpxtpx:hr>177</gpxtpx:hr>
     </gpxtpx:TrackPointExtension>
    </extensions>
   </trkpt>
   <trkpt lat="52.5113720" lon="13.2309840">
    <ele>71.4</ele>
    <time>2025-09-18T14:49:42Z</time>
    <extensions>
     <power>279</power>
     <gpxtpx:TrackPointExtension>
      <gpxtpx:hr>177</gpxtpx:hr>
     </gpxtpx:TrackPointExtension>
    </extensions>
   </trkpt>
   <trkpt lat="52.5113310" lon="13.2309980">
    <ele>71.4</ele>
    <time>2025-09-18T14:49:43Z</time>
    <extensions>
     <power>279</power>
     <gpxtpx:TrackPointExtension>
      <gpxtpx:hr>177</gpxtpx:hr>
     </gpxtpx:TrackPointExtension>
    </extensions>
   </trkpt>
   <trkpt lat="52.5113170" lon="13.2310030">
    <ele>71.2</ele>
    <time>2025-09-18T14:49:44Z</time>
    <extensions>
     <power>282</power>
     <gpxtpx:TrackPointExtension>
      <gpxtpx:hr>177</gpxtpx:hr>
     </gpxtpx:TrackPointExtension>
    </extensions>
   </trkpt>
   <trkpt lat="52.5112710" lon="13.2310200">
    <ele>71.0</ele>
    <time>2025-09-18T14:49:45Z</time>
    <extensions>
     <power>282</power>
     <gpxtpx:TrackPointExtension>
      <gpxtpx:hr>177</gpxtpx:hr>
     </gpxtpx:TrackPointExtension>
    </extensions>
   </trkpt>
   <trkpt lat="52.5112520" lon="13.2310280">
    <ele>71.0</ele>
    <time>2025-09-18T14:49:46Z</time>
    <extensions>
     <power>282</power>
     <gpxtpx:TrackPointExtension>
      <gpxtpx:hr>177</gpxtpx:hr>
     </gpxtpx:TrackPointExtension>
    </extensions>
   </trkpt>
   <trkpt lat="52.5112340" lon="13.2310350">
    <ele>70.8</ele>
    <time>2025-09-18T14:49:47Z</time>
    <extensions>
     <power>283</power>
     <gpxtpx:TrackPointExtension>
      <gpxtpx:hr>177</gpxtpx:hr>
     </gpxtpx:TrackPointExtension>
    </extensions>
   </trkpt>
   <trkpt lat="52.5111670" lon="13.2310490">
    <ele>70.6</ele>
    <time>2025-09-18T14:49:48Z</time>
    <extensions>
     <power>283</power>
     <gpxtpx:TrackPointExtension>
      <gpxtpx:hr>177</gpxtpx:hr>
     </gpxtpx:TrackPointExtension>
    </extensions>
   </trkpt>
   <trkpt lat="52.5111540" lon="13.2310490">
    <ele>70.4</ele>
    <time>2025-09-18T14:49:49Z</time>
    <extensions>
     <power>278</power>
     <gpxtpx:TrackPointExtension>
      <gpxtpx:hr>177</gpxtpx:hr>
     </gpxtpx:TrackPointExtension>
    </extensions>
   </trkpt>
   <trkpt lat="52.5111090" lon="13.2310490">
    <ele>70.2</ele>
    <time>2025-09-18T14:49:50Z</time>
    <extensions>
     <power>278</power>
     <gpxtpx:TrackPointExtension>
      <gpxtpx:hr>177</gpxtpx:hr>
     </gpxtpx:TrackPointExtension>
    </extensions>
   </trkpt>
   <trkpt lat="52.5110910" lon="13.2310500">
    <ele>70.2</ele>
    <time>2025-09-18T14:49:51Z</time>
    <extensions>
     <power>278</power>
     <gpxtpx:TrackPointExtension>
      <gpxtpx:hr>177</gpxtpx:hr>
     </gpxtpx:TrackPointExtension>
    </extensions>
   </trkpt>
   <trkpt lat="52.5110730" lon="13.2310510">
    <ele>70.0</ele>
    <time>2025-09-18T14:49:52Z</time>
    <extensions>
     <power>276</power>
     <gpxtpx:TrackPointExtension>
      <gpxtpx:hr>177</gpxtpx:hr>
     </gpxtpx:TrackPointExtension>
    </extensions>
   </trkpt>
   <trkpt lat="52.5110260" lon="13.2310540">
    <ele>69.8</ele>
    <time>2025-09-18T14:49:53Z</time>
    <extensions>
     <power>276</power>
     <gpxtpx:TrackPointExtension>
      <gpxtpx:hr>177</gpxtpx:hr>
     </gpxtpx:TrackPointExtension>
    </extensions>
   </trkpt>
   <trkpt lat="52.5110070" lon="13.2310540">
    <ele>69.8</ele>
    <time>2025-09-18T14:49:54Z</time>
    <extensions>
     <power>276</power>
     <gpxtpx:TrackPointExtension>
      <gpxtpx:hr>177</gpxtpx:hr>
     </gpxtpx:TrackPointExtension>
    </extensions>
   </trkpt>
   <trkpt lat="52.5109880" lon="13.2310550">
    <ele>69.6</ele>
    <time>2025-09-18T14:49:55Z</time>
    <extensions>
     <power>277</power>
     <gpxtpx:TrackPointExtension>
      <gpxtpx:hr>178</gpxtpx:hr>
     </gpxtpx:TrackPointExtension>
    </extensions>
   </trkpt>
   <trkpt lat="52.5109460" lon="13.2310560">
    <ele>69.6</ele>
    <time>2025-09-18T14:49:56Z</time>
    <extensions>
     <power>277</power>
     <gpxtpx:TrackPointExtension>
      <gpxtpx:hr>178</gpxtpx:hr>
     </gpxtpx:TrackPointExtension>
    </extensions>
   </trkpt>
   <trkpt lat="52.5109310" lon="13.2310570">
    <ele>69.6</ele>
    <time>2025-09-18T14:49:57Z</time>
    <extensions>
     <power>277</power>
     <gpxtpx:TrackPointExtension>
      <gpxtpx:hr>178</gpxtpx:hr>
     </gpxtpx:TrackPointExtension>
    </extensions>
   </trkpt>
   <trkpt lat="52.5108830" lon="13.2310640">
    <ele>69.6</ele>
    <time>2025-09-18T14:49:58Z</time>
    <extensions>
     <power>277</power>
     <gpxtpx:TrackPointExtension>
      <gpxtpx:hr>178</gpxtpx:hr>
     </gpxtpx:TrackPointExtension>
    </extensions>
   </trkpt>
   <trkpt lat="52.5108630" lon="13.2310680">
    <ele>69.6</ele>
    <time>2025-09-18T14:49:59Z</time>
    <extensions>
     <power>277</power>
     <gpxtpx:TrackPointExtension>
      <gpxtpx:hr>178</gpxtpx:hr>
     </gpxtpx:TrackPointExtension>
    </extensions>
   </trkpt>
   <trkpt lat="52.5108440" lon="13.2310720">
    <ele>69.6</ele>
    <time>2025-09-18T14:50:00Z</time>
    <extensions>
     <power>280</power>
     <gpxtpx:TrackPointExtension>
      <gpxtpx:hr>178</gpxtpx:hr>
     </gpxtpx:TrackPointExtension>
    </extensions>
   </trkpt>
   <trkpt lat="52.5108040" lon="13.2310890">
    <ele>69.6</ele>
    <time>2025-09-18T14:50:01Z</time>
    <extensions>
     <power>280</power>
     <gpxtpx:TrackPointExtension>
      <gpxtpx:hr>178</gpxtpx:hr>
     </gpxtpx:TrackPointExtension>
    </extensions>
   </trkpt>
   <trkpt lat="52.5107900" lon="13.2310950">
    <ele>69.6</ele>
    <time>2025-09-18T14:50:02Z</time>
    <extensions>
     <power>281</power>
     <gpxtpx:TrackPointExtension>
      <gpxtpx:hr>178</gpxtpx:hr>
     </gpxtpx:TrackPointExtension>
    </extensions>
   </trkpt>
   <trkpt lat="52.5107480" lon="13.2311170">
    <ele>69.6</ele>
    <time>2025-09-18T14:50:03Z</time>
    <extensions>
     <power>281</power>
     <gpxtpx:TrackPointExtension>
      <gpxtpx:hr>178</gpxtpx:hr>
     </gpxtpx:TrackPointExtension>
    </extensions>
   </trkpt>
   <trkpt lat="52.5107310" lon="13.2311270">
    <ele>69.6</ele>
    <time>2025-09-18T14:50:04Z</time>
    <extensions>
     <power>281</power>
     <gpxtpx:TrackPointExtension>
      <gpxtpx:hr>178</gpxtpx:hr>
     </gpxtpx:TrackPointExtension>
    </extensions>
   </trkpt>
   <trkpt lat="52.5107150" lon="13.2311360">
    <ele>69.6</ele>
    <time>2025-09-18T14:50:05Z</time>
    <extensions>
     <power>277</power>
     <gpxtpx:TrackPointExtension>
      <gpxtpx:hr>178</gpxtpx:hr>
     </gpxtpx:TrackPointExtension>
    </extensions>
   </trkpt>
   <trkpt lat="52.5106760" lon="13.2311580">
    <ele>69.6</ele>
    <time>2025-09-18T14:50:06Z</time>
    <extensions>
     <power>277</power>
     <gpxtpx:TrackPointExtension>
      <gpxtpx:hr>178</gpxtpx:hr>
     </gpxtpx:TrackPointExtension>
    </extensions>
   </trkpt>
   <trkpt lat="52.5106620" lon="13.2311650">
    <ele>69.6</ele>
    <time>2025-09-18T14:50:07Z</time>
    <extensions>
     <power>275</power>
     <gpxtpx:TrackPointExtension>
      <gpxtpx:hr>178</gpxtpx:hr>
     </gpxtpx:TrackPointExtension>
    </extensions>
   </trkpt>
   <trkpt lat="52.5106160" lon="13.2311860">
    <ele>69.6</ele>
    <time>2025-09-18T14:50:08Z</time>
    <extensions>
     <power>275</power>
     <gpxtpx:TrackPointExtension>
      <gpxtpx:hr>178</gpxtpx:hr>
     </gpxtpx:TrackPointExtension>
    </extensions>
   </trkpt>
   <trkpt lat="52.5105970" lon="13.2311930">
    <ele>69.8</ele>
    <time>2025-09-18T14:50:09Z</time>
    <extensions>
     <power>275</power>
     <gpxtpx:TrackPointExtension>
      <gpxtpx:hr>178</gpxtpx:hr>
     </gpxtpx:TrackPointExtension>
    </extensions>
   </trkpt>
   <trkpt lat="52.5105780" lon="13.2311990">
    <ele>69.8</ele>
    <time>2025-09-18T14:50:10Z</time>
    <extensions>
     <power>274</power>
     <gpxtpx:TrackPointExtension>
      <gpxtpx:hr>178</gpxtpx:hr>
     </gpxtpx:TrackPointExtension>
    </extensions>
   </trkpt>
   <trkpt lat="52.5105270" lon="13.2312060">
    <ele>69.8</ele>
    <time>2025-09-18T14:50:11Z</time>
    <extensions>
     <power>274</power>
     <gpxtpx:TrackPointExtension>
      <gpxtpx:hr>178</gpxtpx:hr>
     </gpxtpx:TrackPointExtension>
    </extensions>
   </trkpt>
   <trkpt lat="52.5105050" lon="13.2312070">
    <ele>69.8</ele>
    <time>2025-09-18T14:50:12Z</time>
    <extensions>
     <power>274</power>
     <gpxtpx:TrackPointExtension>
      <gpxtpx:hr>178</gpxtpx:hr>
     </gpxtpx:TrackPointExtension>
    </extensions>
   </trkpt>
   <trkpt lat="52.5104840" lon="13.2312090">
    <ele>69.8</ele>
    <time>2025-09-18T14:50:13Z</time>
    <extensions>
     <power>278</power>
     <gpxtpx:TrackPointExtension>
      <gpxtpx:hr>178</gpxtpx:hr>
     </gpxtpx:TrackPointExtension>
    </extensions>
   </trkpt>
   <trkpt lat="52.5104360" lon="13.2312120">
    <ele>69.8</ele>
    <time>2025-09-18T14:50:14Z</time>
    <extensions>
     <power>278</power>
     <gpxtpx:TrackPointExtension>
      <gpxtpx:hr>178</gpxtpx:hr>
     </gpxtpx:TrackPointExtension>
    </extensions>
   </trkpt>
   <trkpt lat="52.5104210" lon="13.2312120">
    <ele>70.0</ele>
    <time>2025-09-18T14:50:15Z</time>
    <extensions>
     <power>275</power>
     <gpxtpx:TrackPointExtension>
      <gpxtpx:hr>178</gpxtpx:hr>
     </gpxtpx:TrackPointExtension>
    </extensions>
   </trkpt>
   <trkpt lat="52.5103700" lon="13.2312160">
    <ele>70.0</ele>
    <time>2025-09-18T14:50:16Z</time>
    <extensions>
     <power>275</power>
     <gpxtpx:TrackPointExtension>
      <gpxtpx:hr>178</gpxtpx:hr>
     </gpxtpx:TrackPointExtension>
    </extensions>
   </trkpt>
   <trkpt lat="52.5103510" lon="13.2312180">
    <ele>70.0</ele>
    <time>2025-09-18T14:50:17Z</time>
    <extensions>
     <power>275</power>
     <gpxtpx:TrackPointExtension>
      <gpxtpx:hr>178</gpxtpx:hr>
     </gpxtpx:TrackPointExtension>
    </extensions>
   </trkpt>
   <trkpt lat="52.5103310" lon="13.2312210">
    <ele>70.0</ele>
    <time>2025-09-18T14:50:18Z</time>
    <extensions>
     <power>278</power>
     <gpxtpx:TrackPointExtension>
      <gpxtpx:hr>178</gpxtpx:hr>
     </gpxtpx:TrackPointExtension>
    </extensions>
   </trkpt>
   <trkpt lat="52.5102880" lon="13.2312370">
    <ele>70.0</ele>
    <time>2025-09-18T14:50:19Z</time>
    <extensions>
     <power>278</power>
     <gpxtpx:TrackPointExtension>
      <gpxtpx:hr>178</gpxtpx:hr>
     </gpxtpx:TrackPointExtension>
    </extensions>
   </trkpt>
   <trkpt lat="52.5102730" lon="13.2312440">
    <ele>70.0</ele>
    <time>2025-09-18T14:50:20Z</time>
    <extensions>
     <power>278</power>
     <gpxtpx:TrackPointExtension>
      <gpxtpx:hr>178</gpxtpx:hr>
     </gpxtpx:TrackPointExtension>
    </extensions>
   </trkpt>
   <trkpt lat="52.5102260" lon="13.2312770">
    <ele>70.0</ele>
    <time>2025-09-18T14:50:21Z</time>
    <extensions>
     <power>278</power>
     <gpxtpx:TrackPointExtension>
      <gpxtpx:hr>178</gpxtpx:hr>
     </gpxtpx:TrackPointExtension>
    </extensions>
   </trkpt>
   <trkpt lat="52.5102070" lon="13.2312930">
    <ele>70.0</ele>
    <time>2025-09-18T14:50:22Z</time>
    <extensions>
     <power>278</power>
     <gpxtpx:TrackPointExtension>
      <gpxtpx:hr>178</gpxtpx:hr>
     </gpxtpx:TrackPointExtension>
    </extensions>
   </trkpt>
   <trkpt lat="52.5101890" lon="13.2313090">
    <ele>69.8</ele>
    <time>2025-09-18T14:50:23Z</time>
    <extensions>
     <power>279</power>
     <gpxtpx:TrackPointExtension>
      <gpxtpx:hr>178</gpxtpx:hr>
     </gpxtpx:TrackPointExtension>
    </extensions>
   </trkpt>
   <trkpt lat="52.5101490" lon="13.2313580">
    <ele>69.8</ele>
    <time>2025-09-18T14:50:24Z</time>
    <extensions>
     <power>279</power>
     <gpxtpx:TrackPointExtension>
      <gpxtpx:hr>178</gpxtpx:hr>
     </gpxtpx:TrackPointExtension>
    </extensions>
   </trkpt>
   <trkpt lat="52.5101330" lon="13.2313780">
    <ele>69.6</ele>
    <time>2025-09-18T14:50:25Z</time>
    <extensions>
     <power>279</power>
     <gpxtpx:TrackPointExtension>
      <gpxtpx:hr>178</gpxtpx:hr>
     </gpxtpx:TrackPointExtension>
    </extensions>
   </trkpt>
   <trkpt lat="52.5101180" lon="13.2313990">
    <ele>69.6</ele>
    <time>2025-09-18T14:50:26Z</time>
    <extensions>
     <power>270</power>
     <gpxtpx:TrackPointExtension>
      <gpxtpx:hr>178</gpxtpx:hr>
     </gpxtpx:TrackPointExtension>
    </extensions>
   </trkpt>
   <trkpt lat="52.5100910" lon="13.2314540">
    <ele>69.4</ele>
    <time>2025-09-18T14:50:27Z</time>
    <extensions>
     <power>270</power>
     <gpxtpx:TrackPointExtension>
      <gpxtpx:hr>178</gpxtpx:hr>
     </gpxtpx:TrackPointExtension>
    </extensions>
   </trkpt>
   <trkpt lat="52.5100820" lon="13.2314740">
    <ele>69.4</ele>
    <time>2025-09-18T14:50:28Z</time>
    <extensions>
     <power>270</power>
     <gpxtpx:TrackPointExtension>
      <gpxtpx:hr>177</gpxtpx:hr>
     </gpxtpx:TrackPointExtension>
    </extensions>
   </trkpt>
   <trkpt lat="52.5100610" lon="13.2315510">
    <ele>69.4</ele>
    <time>2025-09-18T14:50:29Z</time>
    <extensions>
     <power>270</power>
     <gpxtpx:TrackPointExtension>
      <gpxtpx:hr>177</gpxtpx:hr>
     </gpxtpx:TrackPointExtension>
    </extensions>
   </trkpt>
   <trkpt lat="52.5100550" lon="13.2315830">
    <ele>69.2</ele>
    <time>2025-09-18T14:50:30Z</time>
    <extensions>
     <power>270</power>
     <gpxtpx:TrackPointExtension>
      <gpxtpx:hr>177</gpxtpx:hr>
     </gpxtpx:TrackPointExtension>
    </extensions>
   </trkpt>
   <trkpt lat="52.5100480" lon="13.2316160">
    <ele>69.2</ele>
    <time>2025-09-18T14:50:31Z</time>
    <extensions>
     <power>275</power>
     <gpxtpx:TrackPointExtension>
      <gpxtpx:hr>177</gpxtpx:hr>
     </gpxtpx:TrackPointExtension>
    </extensions>
   </trkpt>
   <trkpt lat="52.5100370" lon="13.2316940">
    <ele>69.0</ele>
    <time>2025-09-18T14:50:32Z</time>
    <extensions>
     <power>275</power>
     <gpxtpx:TrackPointExtension>
      <gpxtpx:hr>177</gpxtpx:hr>
     </gpxtpx:TrackPointExtension>
    </extensions>
   </trkpt>
   <trkpt lat="52.5100340" lon="13.2317200">
    <ele>69.0</ele>
    <time>2025-09-18T14:50:33Z</time>
    <extensions>
     <power>275</power>
     <gpxtpx:TrackPointExtension>
      <gpxtpx:hr>177</gpxtpx:hr>
     </gpxtpx:TrackPointExtension>
    </extensions>
   </trkpt>
   <trkpt lat="52.5100310" lon="13.2318090">
    <ele>68.8</ele>
    <time>2025-09-18T14:50:34Z</time>
    <extensions>
     <power>275</power>
     <gpxtpx:TrackPointExtension>
      <gpxtpx:hr>177</gpxtpx:hr>
     </gpxtpx:TrackPointExtension>
    </extensions>
   </trkpt>
   <trkpt lat="52.5100330" lon="13.2318440">
    <ele>68.8</ele>
    <time>2025-09-18T14:50:35Z</time>
    <extensions>
     <power>275</power>
     <gpxtpx:TrackPointExtension>
      <gpxtpx:hr>177</gpxtpx:hr>
     </gpxtpx:TrackPointExtension>
    </extensions>
   </trkpt>
   <trkpt lat="52.5100340" lon="13.2318790">
    <ele>68.8</ele>
    <time>2025-09-18T14:50:36Z</time>
    <extensions>
     <power>278</power>
     <gpxtpx:TrackPointExtension>
      <gpxtpx:hr>177</gpxtpx:hr>
     </gpxtpx:TrackPointExtension>
    </extensions>
   </trkpt>
   <trkpt lat="52.5100450" lon="13.2319520">
    <ele>68.6</ele>
    <time>2025-09-18T14:50:37Z</time>
    <extensions>
     <power>278</power>
     <gpxtpx:TrackPointExtension>
      <gpxtpx:hr>176</gpxtpx:hr>
     </gpxtpx:TrackPointExtension>
    </extensions>
   </trkpt>
   <trkpt lat="52.5100490" lon="13.2319760">
    <ele>68.6</ele>
    <time>2025-09-18T14:50:38Z</time>
    <extensions>
     <power>278</power>
     <gpxtpx:TrackPointExtension>
      <gpxtpx:hr>176</gpxtpx:hr>
     </gpxtpx:TrackPointExtension>
    </extensions>
   </trkpt>
   <trkpt lat="52.5100580" lon="13.2320490">
    <ele>68.6</ele>
    <time>2025-09-18T14:50:39Z</time>
    <extensions>
     <power>278</power>
     <gpxtpx:TrackPointExtension>
      <gpxtpx:hr>176</gpxtpx:hr>
     </gpxtpx:TrackPointExtension>
    </extensions>
   </trkpt>
   <trkpt lat="52.5100620" lon="13.2320770">
    <ele>68.4</ele>
    <time>2025-09-18T14:50:40Z</time>
    <extensions>
     <power>278</power>
     <gpxtpx:TrackPointExtension>
      <gpxtpx:hr>176</gpxtpx:hr>
     </gpxtpx:TrackPointExtension>
    </extensions>
   </trkpt>
   <trkpt lat="52.5100650" lon="13.2321050">
    <ele>68.4</ele>
    <time>2025-09-18T14:50:41Z</time>
    <extensions>
     <power>274</power>
     <gpxtpx:TrackPointExtension>
      <gpxtpx:hr>176</gpxtpx:hr>
     </gpxtpx:TrackPointExtension>
    </extensions>
   </trkpt>
   <trkpt lat="52.5100700" lon="13.2321810">
    <ele>68.4</ele>
    <time>2025-09-18T14:50:42Z</time>
    <extensions>
     <power>274</power>
     <gpxtpx:TrackPointExtension>
      <gpxtpx:hr>177</gpxtpx:hr>
     </gpxtpx:TrackPointExtension>
    </extensions>
   </trkpt>
   <trkpt lat="52.5100710" lon="13.2322140">
    <ele>68.2</ele>
    <time>2025-09-18T14:50:43Z</time>
    <extensions>
     <power>274</power>
     <gpxtpx:TrackPointExtension>
      <gpxtpx:hr>177</gpxtpx:hr>
     </gpxtpx:TrackPointExtension>
    </extensions>
   </trkpt>
   <trkpt lat="52.5100730" lon="13.2322470">
    <ele>68.2</ele>
    <time>2025-09-18T14:50:44Z</time>
    <extensions>
     <power>277</power>
     <gpxtpx:TrackPointExtension>
      <gpxtpx:hr>177</gpxtpx:hr>
     </gpxtpx:TrackPointExtension>
    </extensions>
   </trkpt>
   <trkpt lat="52.5100780" lon="13.2323250">
    <ele>68.2</ele>
    <time>2025-09-18T14:50:45Z</time>
    <extensions>
     <power>277</power>
     <gpxtpx:TrackPointExtension>
      <gpxtpx:hr>177</gpxtpx:hr>
     </gpxtpx:TrackPointExtension>
    </extensions>
   </trkpt>
   <trkpt lat="52.5100800" lon="13.2323510">
    <ele>68.0</ele>
    <time>2025-09-18T14:50:46Z</time>
    <extensions>
     <power>278</power>
     <gpxtpx:TrackPointExtension>
      <gpxtpx:hr>177</gpxtpx:hr>
     </gpxtpx:TrackPointExtension>
    </extensions>
   </trkpt>
   <trkpt lat="52.5100920" lon="13.2324300">
    <ele>68.0</ele>
    <time>2025-09-18T14:50:47Z</time>
    <extensions>
     <power>278</power>
     <gpxtpx:TrackPointExtension>
      <gpxtpx:hr>177</gpxtpx:hr>
     </gpxtpx:TrackPointExtension>
    </extensions>
   </trkpt>
   <trkpt lat="52.5100980" lon="13.2324590">
    <ele>67.8</ele>
    <time>2025-09-18T14:50:48Z</time>
    <extensions>
     <power>278</power>
     <gpxtpx:TrackPointExtension>
      <gpxtpx:hr>177</gpxtpx:hr>
     </gpxtpx:TrackPointExtension>
    </extensions>
   </trkpt>
   <trkpt lat="52.5101030" lon="13.2324890">
    <ele>67.8</ele>
    <time>2025-09-18T14:50:49Z</time>
    <extensions>
     <power>277</power>
     <gpxtpx:TrackPointExtension>
      <gpxtpx:hr>177</gpxtpx:hr>
     </gpxtpx:TrackPointExtension>
    </extensions>
   </trkpt>
   <trkpt lat="52.5101170" lon="13.2325530">
    <ele>67.8</ele>
    <time>2025-09-18T14:50:50Z</time>
    <extensions>
     <power>277</power>
     <gpxtpx:TrackPointExtension>
      <gpxtpx:hr>180</gpxtpx:hr>
     </gpxtpx:TrackPointExtension>
    </extensions>
   </trkpt>
   <trkpt lat="52.5101210" lon="13.2325760">
    <ele>67.6</ele>
    <time>2025-09-18T14:50:51Z</time>
    <extensions>
     <power>277</power>
     <gpxtpx:TrackPointExtension>
      <gpxtpx:hr>180</gpxtpx:hr>
     </gpxtpx:TrackPointExtension>
    </extensions>
   </trkpt>
   <trkpt lat="52.5101320" lon="13.2326590">
    <ele>67.6</ele>
    <time>2025-09-18T14:50:52Z</time>
    <extensions>
     <power>277</power>
     <gpxtpx:TrackPointExtension>
      <gpxtpx:hr>180</gpxtpx:hr>
     </gpxtpx:TrackPointExtension>
    </extensions>
   </trkpt>
   <trkpt lat="52.5101350" lon="13.2326930">
    <ele>67.4</ele>
    <time>2025-09-18T14:50:53Z</time>
    <extensions>
     <power>277</power>
     <gpxtpx:TrackPointExtension>
      <gpxtpx:hr>180</gpxtpx:hr>
     </gpxtpx:TrackPointExtension>
    </extensions>
   </trkpt>
   <trkpt lat="52.5101390" lon="13.2327280">
    <ele>67.4</ele>
    <time>2025-09-18T14:50:54Z</time>
    <extensions>
     <power>280</power>
     <gpxtpx:TrackPointExtension>
      <gpxtpx:hr>180</gpxtpx:hr>
     </gpxtpx:TrackPointExtension>
    </extensions>
   </trkpt>
   <trkpt lat="52.5101460" lon="13.2328070">
    <ele>67.4</ele>
    <time>2025-09-18T14:50:55Z</time>
    <extensions>
     <power>280</power>
     <gpxtpx:TrackPointExtension>
      <gpxtpx:hr>180</gpxtpx:hr>
     </gpxtpx:TrackPointExtension>
    </extensions>
   </trkpt>
   <trkpt lat="52.5101490" lon="13.2328330">
    <ele>67.4</ele>
    <time>2025-09-18T14:50:56Z</time>
    <extensions>
     <power>283</power>
     <gpxtpx:TrackPointExtension>
      <gpxtpx:hr>180</gpxtpx:hr>
     </gpxtpx:TrackPointExtension>
    </extensions>
   </trkpt>
   <trkpt lat="52.5101630" lon="13.2329130">
    <ele>67.4</ele>
    <time>2025-09-18T14:50:57Z</time>
    <extensions>
     <power>283</power>
     <gpxtpx:TrackPointExtension>
      <gpxtpx:hr>180</gpxtpx:hr>
     </gpxtpx:TrackPointExtension>
    </extensions>
   </trkpt>
   <trkpt lat="52.5101690" lon="13.2329440">
    <ele>67.4</ele>
    <time>2025-09-18T14:50:58Z</time>
    <extensions>
     <power>283</power>
     <gpxtpx:TrackPointExtension>
      <gpxtpx:hr>180</gpxtpx:hr>
     </gpxtpx:TrackPointExtension>
    </extensions>
   </trkpt>
   <trkpt lat="52.5101750" lon="13.2329750">
    <ele>67.4</ele>
    <time>2025-09-18T14:50:59Z</time>
    <extensions>
     <power>282</power>
     <gpxtpx:TrackPointExtension>
      <gpxtpx:hr>180</gpxtpx:hr>
     </gpxtpx:TrackPointExtension>
    </extensions>
   </trkpt>
   <trkpt lat="52.5101880" lon="13.2330480">
    <ele>67.4</ele>
    <time>2025-09-18T14:51:00Z</time>
    <extensions>
     <power>282</power>
     <gpxtpx:TrackPointExtension>
      <gpxtpx:hr>179</gpxtpx:hr>
     </gpxtpx:TrackPointExtension>
    </extensions>
   </trkpt>
   <trkpt lat="52.5101940" lon="13.2330780">
    <ele>67.4</ele>
    <time>2025-09-18T14:51:01Z</time>
    <extensions>
     <power>282</power>
     <gpxtpx:TrackPointExtension>
      <gpxtpx:hr>179</gpxtpx:hr>
     </gpxtpx:TrackPointExtension>
    </extensions>
   </trkpt>
   <trkpt lat="52.5101990" lon="13.2331070">
    <ele>67.2</ele>
    <time>2025-09-18T14:51:02Z</time>
    <extensions>
     <power>279</power>
     <gpxtpx:TrackPointExtension>
      <gpxtpx:hr>179</gpxtpx:hr>
     </gpxtpx:TrackPointExtension>
    </extensions>
   </trkpt>
   <trkpt lat="52.5102110" lon="13.2331710">
    <ele>67.2</ele>
    <time>2025-09-18T14:51:03Z</time>
    <extensions>
     <power>279</power>
     <gpxtpx:TrackPointExtension>
      <gpxtpx:hr>179</gpxtpx:hr>
     </gpxtpx:TrackPointExtension>
    </extensions>
   </trkpt>
   <trkpt lat="52.5102150" lon="13.2331920">
    <ele>67.2</ele>
    <time>2025-09-18T14:51:04Z</time>
    <extensions>
     <power>274</power>
     <gpxtpx:TrackPointExtension>
      <gpxtpx:hr>179</gpxtpx:hr>
     </gpxtpx:TrackPointExtension>
    </extensions>
   </trkpt>
   <trkpt lat="52.5102270" lon="13.2332630">
    <ele>67.2</ele>
    <time>2025-09-18T14:51:05Z</time>
    <extensions>
     <power>274</power>
     <gpxtpx:TrackPointExtension>
      <gpxtpx:hr>180</gpxtpx:hr>
     </gpxtpx:TrackPointExtension>
    </extensions>
   </trkpt>
   <trkpt lat="52.5102320" lon="13.2332920">
    <ele>67.2</ele>
    <time>2025-09-18T14:51:06Z</time>
    <extensions>
     <power>274</power>
     <gpxtpx:TrackPointExtension>
      <gpxtpx:hr>180</gpxtpx:hr>
     </gpxtpx:TrackPointExtension>
    </extensions>
   </trkpt>
   <trkpt lat="52.5102360" lon="13.2333220">
    <ele>67.2</ele>
    <time>2025-09-18T14:51:07Z</time>
    <extensions>
     <power>269</power>
     <gpxtpx:TrackPointExtension>
      <gpxtpx:hr>180</gpxtpx:hr>
     </gpxtpx:TrackPointExtension>
    </extensions>
   </trkpt>
   <trkpt lat="52.5102430" lon="13.2333900">
    <ele>67.0</ele>
    <time>2025-09-18T14:51:08Z</time>
    <extensions>
     <power>269</power>
     <gpxtpx:TrackPointExtension>
      <gpxtpx:hr>180</gpxtpx:hr>
     </gpxtpx:TrackPointExtension>
    </extensions>
   </trkpt>
   <trkpt lat="52.5102450" lon="13.2334120">
    <ele>67.0</ele>
    <time>2025-09-18T14:51:09Z</time>
    <extensions>
     <power>272</power>
     <gpxtpx:TrackPointExtension>
      <gpxtpx:hr>180</gpxtpx:hr>
     </gpxtpx:TrackPointExtension>
    </extensions>
   </trkpt>
   <trkpt lat="52.5102550" lon="13.2334790">
    <ele>67.0</ele>
    <time>2025-09-18T14:51:10Z</time>
    <extensions>
     <power>272</power>
     <gpxtpx:TrackPointExtension>
      <gpxtpx:hr>180</gpxtpx:hr>
     </gpxtpx:TrackPointExtension>
    </extensions>
   </trkpt>
   <trkpt lat="52.5102590" lon="13.2335030">
    <ele>67.0</ele>
    <time>2025-09-18T14:51:11Z</time>
    <extensions>
     <power>272</power>
     <gpxtpx:TrackPointExtension>
      <gpxtpx:hr>180</gpxtpx:hr>
     </gpxtpx:TrackPointExtension>
    </extensions>
   </trkpt>
   <trkpt lat="52.5102640" lon="13.2335280">
    <ele>66.8</ele>
    <time>2025-09-18T14:51:12Z</time>
    <extensions>
     <power>263</power>
     <gpxtpx:TrackPointExtension>
      <gpxtpx:hr>180</gpxtpx:hr>
     </gpxtpx:TrackPointExtension>
    </extensions>
   </trkpt>
   <trkpt lat="52.5102790" lon="13.2335950">
    <ele>66.8</ele>
    <time>2025-09-18T14:51:13Z</time>
    <extensions>
     <power>263</power>
     <gpxtpx:TrackPointExtension>
      <gpxtpx:hr>180</gpxtpx:hr>
     </gpxtpx:TrackPointExtension>
    </extensions>
   </trkpt>
   <trkpt lat="52.5102850" lon="13.2336230">
    <ele>66.8</ele>
    <time>2025-09-18T14:51:14Z</time>
    <extensions>
     <power>263</power>
     <gpxtpx:TrackPointExtension>
      <gpxtpx:hr>180</gpxtpx:hr>
     </gpxtpx:TrackPointExtension>
    </extensions>
   </trkpt>
   <trkpt lat="52.5102920" lon="13.2336520">
    <ele>66.8</ele>
    <time>2025-09-18T14:51:15Z</time>
    <extensions>
     <power>263</power>
     <gpxtpx:TrackPointExtension>
      <gpxtpx:hr>179</gpxtpx:hr>
     </gpxtpx:TrackPointExtension>
    </extensions>
   </trkpt>
   <trkpt lat="52.5103060" lon="13.2337270">
    <ele>66.8</ele>
    <time>2025-09-18T14:51:16Z</time>
    <extensions>
     <power>263</power>
     <gpxtpx:TrackPointExtension>
      <gpxtpx:hr>179</gpxtpx:hr>
     </gpxtpx:TrackPointExtension>
    </extensions>
   </trkpt>
   <trkpt lat="52.5103100" lon="13.2337540">
    <ele>66.6</ele>
    <time>2025-09-18T14:51:17Z</time>
    <extensions>
     <power>265</power>
     <gpxtpx:TrackPointExtension>
      <gpxtpx:hr>179</gpxtpx:hr>
     </gpxtpx:TrackPointExtension>
    </extensions>
   </trkpt>
   <trkpt lat="52.5103220" lon="13.2338410">
    <ele>66.6</ele>
    <time>2025-09-18T14:51:18Z</time>
    <extensions>
     <power>265</power>
     <gpxtpx:TrackPointExtension>
      <gpxtpx:hr>179</gpxtpx:hr>
     </gpxtpx:TrackPointExtension>
    </extensions>
   </trkpt>
   <trkpt lat="52.5103270" lon="13.2338740">
    <ele>66.6</ele>
    <time>2025-09-18T14:51:19Z</time>
    <extensions>
     <power>265</power>
     <gpxtpx:TrackPointExtension>
      <gpxtpx:hr>179</gpxtpx:hr>
     </gpxtpx:TrackPointExtension>
    </extensions>
   </trkpt>
   <trkpt lat="52.5103320" lon="13.2339080">
    <ele>66.6</ele>
    <time>2025-09-18T14:51:20Z</time>
    <extensions>
     <power>265</power>
     <gpxtpx:TrackPointExtension>
      <gpxtpx:hr>179</gpxtpx:hr>
     </gpxtpx:TrackPointExtension>
    </extensions>
   </trkpt>
   <trkpt lat="52.5103470" lon="13.2339780">
    <ele>66.6</ele>
    <time>2025-09-18T14:51:21Z</time>
    <extensions>
     <power>265</power>
     <gpxtpx:TrackPointExtension>
      <gpxtpx:hr>179</gpxtpx:hr>
     </gpxtpx:TrackPointExtension>
    </extensions>
   </trkpt>
   <trkpt lat="52.5103510" lon="13.2340020">
    <ele>66.6</ele>
    <time>2025-09-18T14:51:22Z</time>
    <extensions>
     <power>267</power>
     <gpxtpx:TrackPointExtension>
      <gpxtpx:hr>179</gpxtpx:hr>
     </gpxtpx:TrackPointExtension>
    </extensions>
   </trkpt>
   <trkpt lat="52.5103670" lon="13.2340800">
    <ele>66.6</ele>
    <time>2025-09-18T14:51:23Z</time>
    <extensions>
     <power>267</power>
     <gpxtpx:TrackPointExtension>
      <gpxtpx:hr>179</gpxtpx:hr>
     </gpxtpx:TrackPointExtension>
    </extensions>
   </trkpt>
   <trkpt lat="52.5103730" lon="13.2341130">
    <ele>66.6</ele>
    <time>2025-09-18T14:51:24Z</time>
    <extensions>
     <power>267</power>
     <gpxtpx:TrackPointExtension>
      <gpxtpx:hr>179</gpxtpx:hr>
     </gpxtpx:TrackPointExtension>
    </extensions>
   </trkpt>
   <trkpt lat="52.5103790" lon="13.2341450">
    <ele>66.6</ele>
    <time>2025-09-18T14:51:25Z</time>
    <extensions>
     <power>269</power>
     <gpxtpx:TrackPointExtension>
      <gpxtpx:hr>180</gpxtpx:hr>
     </gpxtpx:TrackPointExtension>
    </extensions>
   </trkpt>
   <trkpt lat="52.5103870" lon="13.2342160">
    <ele>66.6</ele>
    <time>2025-09-18T14:51:26Z</time>
    <extensions>
     <power>269</power>
     <gpxtpx:TrackPointExtension>
      <gpxtpx:hr>179</gpxtpx:hr>
     </gpxtpx:TrackPointExtension>
    </extensions>
   </trkpt>
   <trkpt lat="52.5103890" lon="13.2342380">
    <ele>66.6</ele>
    <time>2025-09-18T14:51:27Z</time>
    <extensions>
     <power>267</power>
     <gpxtpx:TrackPointExtension>
      <gpxtpx:hr>179</gpxtpx:hr>
     </gpxtpx:TrackPointExtension>
    </extensions>
   </trkpt>
   <trkpt lat="52.5104000" lon="13.2343110">
    <ele>66.6</ele>
    <time>2025-09-18T14:51:28Z</time>
    <extensions>
     <power>267</power>
     <gpxtpx:TrackPointExtension>
      <gpxtpx:hr>179</gpxtpx:hr>
     </gpxtpx:TrackPointExtension>
    </extensions>
   </trkpt>
   <trkpt lat="52.5104050" lon="13.2343410">
    <ele>66.6</ele>
    <time>2025-09-18T14:51:29Z</time>
    <extensions>
     <power>267</power>
     <gpxtpx:TrackPointExtension>
      <gpxtpx:hr>179</gpxtpx:hr>
     </gpxtpx:TrackPointExtension>
    </extensions>
   </trkpt>
   <trkpt lat="52.5104100" lon="13.2343710">
    <ele>66.6</ele>
    <time>2025-09-18T14:51:30Z</time>
    <extensions>
     <power>268</power>
     <gpxtpx:TrackPointExtension>
      <gpxtpx:hr>179</gpxtpx:hr>
     </gpxtpx:TrackPointExtension>
    </extensions>
   </trkpt>
   <trkpt lat="52.5104260" lon="13.2344510">
    <ele>66.6</ele>
    <time>2025-09-18T14:51:31Z</time>
    <extensions>
     <power>268</power>
     <gpxtpx:TrackPointExtension>
      <gpxtpx:hr>179</gpxtpx:hr>
     </gpxtpx:TrackPointExtension>
    </extensions>
   </trkpt>
   <trkpt lat="52.5104330" lon="13.2344840">
    <ele>66.6</ele>
    <time>2025-09-18T14:51:32Z</time>
    <extensions>
     <power>268</power>
     <gpxtpx:TrackPointExtension>
      <gpxtpx:hr>179</gpxtpx:hr>
     </gpxtpx:TrackPointExtension>
    </extensions>
   </trkpt>
   <trkpt lat="52.5104390" lon="13.2345170">
    <ele>66.6</ele>
    <time>2025-09-18T14:51:33Z</time>
    <extensions>
     <power>272</power>
     <gpxtpx:TrackPointExtension>
      <gpxtpx:hr>179</gpxtpx:hr>
     </gpxtpx:TrackPointExtension>
    </extensions>
   </trkpt>
   <trkpt lat="52.5104500" lon="13.2345910">
    <ele>66.8</ele>
    <time>2025-09-18T14:51:34Z</time>
    <extensions>
     <power>272</power>
     <gpxtpx:TrackPointExtension>
      <gpxtpx:hr>179</gpxtpx:hr>
     </gpxtpx:TrackPointExtension>
    </extensions>
   </trkpt>
   <trkpt lat="52.5104530" lon="13.2346160">
    <ele>66.8</ele>
    <time>2025-09-18T14:51:35Z</time>
    <extensions>
     <power>271</power>
     <gpxtpx:TrackPointExtension>
      <gpxtpx:hr>179</gpxtpx:hr>
     </gpxtpx:TrackPointExtension>
    </extensions>
   </trkpt>
   <trkpt lat="52.5104580" lon="13.2346810">
    <ele>66.8</ele>
    <time>2025-09-18T14:51:36Z</time>
    <extensions>
     <power>271</power>
     <gpxtpx:TrackPointExtension>
      <gpxtpx:hr>179</gpxtpx:hr>
     </gpxtpx:TrackPointExtension>
    </extensions>
   </trkpt>
   <trkpt lat="52.5104580" lon="13.2346960">
    <ele>66.8</ele>
    <time>2025-09-18T14:51:37Z</time>
    <extensions>
     <power>271</power>
     <gpxtpx:TrackPointExtension>
      <gpxtpx:hr>179</gpxtpx:hr>
     </gpxtpx:TrackPointExtension>
    </extensions>
   </trkpt>
   <trkpt lat="52.5104590" lon="13.2347120">
    <ele>66.8</ele>
    <time>2025-09-18T14:51:38Z</time>
    <extensions>
     <power>270</power>
     <gpxtpx:TrackPointExtension>
      <gpxtpx:hr>179</gpxtpx:hr>
     </gpxtpx:TrackPointExtension>
    </extensions>
   </trkpt>
   <trkpt lat="52.5104630" lon="13.2347810">
    <ele>66.6</ele>
    <time>2025-09-18T14:51:39Z</time>
    <extensions>
     <power>270</power>
     <gpxtpx:TrackPointExtension>
      <gpxtpx:hr>179</gpxtpx:hr>
     </gpxtpx:TrackPointExtension>
    </extensions>
   </trkpt>
   <trkpt lat="52.5104640" lon="13.2348040">
    <ele>66.6</ele>
    <time>2025-09-18T14:51:40Z</time>
    <extensions>
     <power>271</power>
     <gpxtpx:TrackPointExtension>
      <gpxtpx:hr>179</gpxtpx:hr>
     </gpxtpx:TrackPointExtension>
    </extensions>
   </trkpt>
   <trkpt lat="52.5104770" lon="13.2348820">
    <ele>66.6</ele>
    <time>2025-09-18T14:51:41Z</time>
    <extensions>
     <power>271</power>
     <gpxtpx:TrackPointExtension>
      <gpxtpx:hr>179</gpxtpx:hr>
     </gpxtpx:TrackPointExtension>
    </extensions>
   </trkpt>
   <trkpt lat="52.5104840" lon="13.2349140">
    <ele>66.6</ele>
    <time>2025-09-18T14:51:42Z</time>
    <extensions>
     <power>271</power>
     <gpxtpx:TrackPointExtension>
      <gpxtpx:hr>179</gpxtpx:hr>
     </gpxtpx:TrackPointExtension>
    </extensions>
   </trkpt>
   <trkpt lat="52.5104910" lon="13.2349450">
    <ele>66.6</ele>
    <time>2025-09-18T14:51:43Z</time>
    <extensions>
     <power>267</power>
     <gpxtpx:TrackPointExtension>
      <gpxtpx:hr>179</gpxtpx:hr>
     </gpxtpx:TrackPointExtension>
    </extensions>
   </trkpt>
   <trkpt lat="52.5105140" lon="13.2350200">
    <ele>66.4</ele>
    <time>2025-09-18T14:51:44Z</time>
    <extensions>
     <power>267</power>
     <gpxtpx:TrackPointExtension>
      <gpxtpx:hr>180</gpxtpx:hr>
     </gpxtpx:TrackPointExtension>
    </extensions>
   </trkpt>
   <trkpt lat="52.5105230" lon="13.2350490">
    <ele>66.4</ele>
    <time>2025-09-18T14:51:45Z</time>
    <extensions>
     <power>267</power>
     <gpxtpx:TrackPointExtension>
      <gpxtpx:hr>180</gpxtpx:hr>
     </gpxtpx:TrackPointExtension>
    </extensions>
   </trkpt>
   <trkpt lat="52.5105320" lon="13.2350780">
    <ele>66.4</ele>
    <time>2025-09-18T14:51:46Z</time>
    <extensions>
     <power>268</power>
     <gpxtpx:TrackPointExtension>
      <gpxtpx:hr>180</gpxtpx:hr>
     </gpxtpx:TrackPointExtension>
    </extensions>
   </trkpt>
   <trkpt lat="52.5105480" lon="13.2351350">
    <ele>66.4</ele>
    <time>2025-09-18T14:51:47Z</time>
    <extensions>
     <power>268</power>
     <gpxtpx:TrackPointExtension>
      <gpxtpx:hr>180</gpxtpx:hr>
     </gpxtpx:TrackPointExtension>
    </extensions>
   </trkpt>
   <trkpt lat="52.5105530" lon="13.2351530">
    <ele>66.4</ele>
    <time>2025-09-18T14:51:48Z</time>
    <extensions>
     <power>259</power>
     <gpxtpx:TrackPointExtension>
      <gpxtpx:hr>180</gpxtpx:hr>
     </gpxtpx:TrackPointExtension>
    </extensions>
   </trkpt>
   <trkpt lat="52.5105690" lon="13.2352190">
    <ele>66.4</ele>
    <time>2025-09-18T14:51:49Z</time>
    <extensions>
     <power>259</power>
     <gpxtpx:TrackPointExtension>
      <gpxtpx:hr>180</gpxtpx:hr>
     </gpxtpx:TrackPointExtension>
    </extensions>
   </trkpt>
   <trkpt lat="52.5105740" lon="13.2352490">
    <ele>66.4</ele>
    <time>2025-09-18T14:51:50Z</time>
    <extensions>
     <power>259</power>
     <gpxtpx:TrackPointExtension>
      <gpxtpx:hr>181</gpxtpx:hr>
     </gpxtpx:TrackPointExtension>
    </extensions>
   </trkpt>
   <trkpt lat="52.5105800" lon="13.2352780">
    <ele>66.4</ele>
    <time>2025-09-18T14:51:51Z</time>
    <extensions>
     <power>261</power>
     <gpxtpx:TrackPointExtension>
      <gpxtpx:hr>181</gpxtpx:hr>
     </gpxtpx:TrackPointExtension>
    </extensions>
   </trkpt>
   <trkpt lat="52.5105870" lon="13.2353590">
    <ele>66.4</ele>
    <time>2025-09-18T14:51:52Z</time>
    <extensions>
     <power>261</power>
     <gpxtpx:TrackPointExtension>
      <gpxtpx:hr>181</gpxtpx:hr>
     </gpxtpx:TrackPointExtension>
    </extensions>
   </trkpt>
   <trkpt lat="52.5105890" lon="13.2353870">
    <ele>66.4</ele>
    <time>2025-09-18T14:51:53Z</time>
    <extensions>
     <power>266</power>
     <gpxtpx:TrackPointExtension>
      <gpxtpx:hr>181</gpxtpx:hr>
     </gpxtpx:TrackPointExtension>
    </extensions>
   </trkpt>
   <trkpt lat="52.5105930" lon="13.2354970">
    <ele>66.4</ele>
    <time>2025-09-18T14:51:54Z</time>
    <extensions>
     <power>266</power>
     <gpxtpx:TrackPointExtension>
      <gpxtpx:hr>181</gpxtpx:hr>
     </gpxtpx:TrackPointExtension>
    </extensions>
   </trkpt>
   <trkpt lat="52.5105950" lon="13.2355500">
    <ele>66.4</ele>
    <time>2025-09-18T14:51:55Z</time>
    <extensions>
     <power>266</power>
     <gpxtpx:TrackPointExtension>
      <gpxtpx:hr>181</gpxtpx:hr>
     </gpxtpx:TrackPointExtension>
    </extensions>
   </trkpt>
   <trkpt lat="52.5105960" lon="13.2356040">
    <ele>66.6</ele>
    <time>2025-09-18T14:51:56Z</time>
    <extensions>
     <power>268</power>
     <gpxtpx:TrackPointExtension>
      <gpxtpx:hr>181</gpxtpx:hr>
     </gpxtpx:TrackPointExtension>
    </extensions>
   </trkpt>
   <trkpt lat="52.5106010" lon="13.2356790">
    <ele>66.6</ele>
    <time>2025-09-18T14:51:57Z</time>
    <extensions>
     <power>268</power>
     <gpxtpx:TrackPointExtension>
      <gpxtpx:hr>181</gpxtpx:hr>
     </gpxtpx:TrackPointExtension>
    </extensions>
   </trkpt>
   <trkpt lat="52.5106030" lon="13.2357040">
    <ele>66.6</ele>
    <time>2025-09-18T14:51:58Z</time>
    <extensions>
     <power>270</power>
     <gpxtpx:TrackPointExtension>
      <gpxtpx:hr>181</gpxtpx:hr>
     </gpxtpx:TrackPointExtension>
    </extensions>
   </trkpt>
   <trkpt lat="52.5106130" lon="13.2357900">
    <ele>66.6</ele>
    <time>2025-09-18T14:51:59Z</time>
    <extensions>
     <power>270</power>
     <gpxtpx:TrackPointExtension>
      <gpxtpx:hr>181</gpxtpx:hr>
     </gpxtpx:TrackPointExtension>
    </extensions>
   </trkpt>
   <trkpt lat="52.5106170" lon="13.2358250">
    <ele>66.6</ele>
    <time>2025-09-18T14:52:00Z</time>
    <extensions>
     <power>270</power>
     <gpxtpx:TrackPointExtension>
      <gpxtpx:hr>181</gpxtpx:hr>
     </gpxtpx:TrackPointExtension>
    </extensions>
   </trkpt>
   <trkpt lat="52.5106210" lon="13.2358590">
    <ele>66.6</ele>
    <time>2025-09-18T14:52:01Z</time>
    <extensions>
     <power>277</power>
     <gpxtpx:TrackPointExtension>
      <gpxtpx:hr>181</gpxtpx:hr>
     </gpxtpx:TrackPointExtension>
    </extensions>
   </trkpt>
   <trkpt lat="52.5106320" lon="13.2359400">
    <ele>66.6</ele>
    <time>2025-09-18T14:52:02Z</time>
    <extensions>
     <power>277</power>
     <gpxtpx:TrackPointExtension>
      <gpxtpx:hr>181</gpxtpx:hr>
     </gpxtpx:TrackPointExtension>
    </extensions>
   </trkpt>
   <trkpt lat="52.5106360" lon="13.2359710">
    <ele>66.6</ele>
    <time>2025-09-18T14:52:03Z</time>
    <extensions>
     <power>277</power>
     <gpxtpx:TrackPointExtension>
      <gpxtpx:hr>181</gpxtpx:hr>
     </gpxtpx:TrackPointExtension>
    </extensions>
   </trkpt>
   <trkpt lat="52.5106410" lon="13.2360030">
    <ele>66.6</ele>
    <time>2025-09-18T14:52:04Z</time>
    <extensions>
     <power>274</power>
     <gpxtpx:TrackPointExtension>
      <gpxtpx:hr>181</gpxtpx:hr>
     </gpxtpx:TrackPointExtension>
    </extensions>
   </trkpt>
   <trkpt lat="52.5106530" lon="13.2360770">
    <ele>66.6</ele>
    <time>2025-09-18T14:52:05Z</time>
    <extensions>
     <power>274</power>
     <gpxtpx:TrackPointExtension>
      <gpxtpx:hr>181</gpxtpx:hr>
     </gpxtpx:TrackPointExtension>
    </extensions>
   </trkpt>
   <trkpt lat="52.5106560" lon="13.2361020">
    <ele>66.6</ele>
    <time>2025-09-18T14:52:06Z</time>
    <extensions>
     <power>279</power>
     <gpxtpx:TrackPointExtension>
      <gpxtpx:hr>181</gpxtpx:hr>
     </gpxtpx:TrackPointExtension>
    </extensions>
   </trkpt>
   <trkpt lat="52.5106650" lon="13.2361820">
    <ele>66.6</ele>
    <time>2025-09-18T14:52:07Z</time>
    <extensions>
     <power>279</power>
     <gpxtpx:TrackPointExtension>
      <gpxtpx:hr>181</gpxtpx:hr>
     </gpxtpx:TrackPointExtension>
    </extensions>
   </trkpt>
   <trkpt lat="52.5106690" lon="13.2362140">
    <ele>66.6</ele>
    <time>2025-09-18T14:52:08Z</time>
    <extensions>
     <power>279</power>
     <gpxtpx:TrackPointExtension>
      <gpxtpx:hr>181</gpxtpx:hr>
     </gpxtpx:TrackPointExtension>
    </extensions>
   </trkpt>
   <trkpt lat="52.5106720" lon="13.2362450">
    <ele>66.6</ele>
    <time>2025-09-18T14:52:09Z</time>
    <extensions>
     <power>275</power>
     <gpxtpx:TrackPointExtension>
      <gpxtpx:hr>181</gpxtpx:hr>
     </gpxtpx:TrackPointExtension>
    </extensions>
   </trkpt>
   <trkpt lat="52.5106790" lon="13.2363140">
    <ele>66.6</ele>
    <time>2025-09-18T14:52:10Z</time>
    <extensions>
     <power>275</power>
     <gpxtpx:TrackPointExtension>
      <gpxtpx:hr>179</gpxtpx:hr>
     </gpxtpx:TrackPointExtension>
    </extensions>
   </trkpt>
   <trkpt lat="52.5106820" lon="13.2363380">
    <ele>66.6</ele>
    <time>2025-09-18T14:52:11Z</time>
    <extensions>
     <power>271</power>
     <gpxtpx:TrackPointExtension>
      <gpxtpx:hr>179</gpxtpx:hr>
     </gpxtpx:TrackPointExtension>
    </extensions>
   </trkpt>
   <trkpt lat="52.5106940" lon="13.2364150">
    <ele>66.6</ele>
    <time>2025-09-18T14:52:12Z</time>
    <extensions>
     <power>271</power>
     <gpxtpx:TrackPointExtension>
      <gpxtpx:hr>179</gpxtpx:hr>
     </gpxtpx:TrackPointExtension>
    </extensions>
   </trkpt>
   <trkpt lat="52.5107000" lon="13.2364460">
    <ele>66.6</ele>
    <time>2025-09-18T14:52:13Z</time>
    <extensions>
     <power>271</power>
     <gpxtpx:TrackPointExtension>
      <gpxtpx:hr>179</gpxtpx:hr>
     </gpxtpx:TrackPointExtension>
    </extensions>
   </trkpt>
   <trkpt lat="52.5107060" lon="13.2364760">
    <ele>66.6</ele>
    <time>2025-09-18T14:52:14Z</time>
    <extensions>
     <power>273</power>
     <gpxtpx:TrackPointExtension>
      <gpxtpx:hr>179</gpxtpx:hr>
     </gpxtpx:TrackPointExtension>
    </extensions>
   </trkpt>
   <trkpt lat="52.5107220" lon="13.2365410">
    <ele>66.8</ele>
    <time>2025-09-18T14:52:15Z</time>
    <extensions>
     <power>273</power>
     <gpxtpx:TrackPointExtension>
      <gpxtpx:hr>179</gpxtpx:hr>
     </gpxtpx:TrackPointExtension>
    </extensions>
   </trkpt>
   <trkpt lat="52.5107290" lon="13.2365660">
    <ele>66.8</ele>
    <time>2025-09-18T14:52:16Z</time>
    <extensions>
     <power>273</power>
     <gpxtpx:TrackPointExtension>
      <gpxtpx:hr>179</gpxtpx:hr>
     </gpxtpx:TrackPointExtension>
    </extensions>
   </trkpt>
   <trkpt lat="52.5107350" lon="13.2365900">
    <ele>66.8</ele>
    <time>2025-09-18T14:52:17Z</time>
    <extensions>
     <power>266</power>
     <gpxtpx:TrackPointExtension>
      <gpxtpx:hr>179</gpxtpx:hr>
     </gpxtpx:TrackPointExtension>
    </extensions>
   </trkpt>
   <trkpt lat="52.5107510" lon="13.2366460">
    <ele>66.8</ele>
    <time>2025-09-18T14:52:18Z</time>
    <extensions>
     <power>266</power>
     <gpxtpx:TrackPointExtension>
      <gpxtpx:hr>180</gpxtpx:hr>
     </gpxtpx:TrackPointExtension>
    </extensions>
   </trkpt>
   <trkpt lat="52.5107560" lon="13.2366660">
    <ele>66.8</ele>
    <time>2025-09-18T14:52:19Z</time>
    <extensions>
     <power>264</power>
     <gpxtpx:TrackPointExtension>
      <gpxtpx:hr>180</gpxtpx:hr>
     </gpxtpx:TrackPointExtension>
    </extensions>
   </trkpt>
   <trkpt lat="52.5107720" lon="13.2367370">
    <ele>66.8</ele>
    <time>2025-09-18T14:52:20Z</time>
    <extensions>
     <power>264</power>
     <gpxtpx:TrackPointExtension>
      <gpxtpx:hr>180</gpxtpx:hr>
     </gpxtpx:TrackPointExtension>
    </extensions>
   </trkpt>
   <trkpt lat="52.5107770" lon="13.2367660">
    <ele>66.8</ele>
    <time>2025-09-18T14:52:21Z</time>
    <extensions>
     <power>264</power>
     <gpxtpx:TrackPointExtension>
      <gpxtpx:hr>180</gpxtpx:hr>
     </gpxtpx:TrackPointExtension>
    </extensions>
   </trkpt>
   <trkpt lat="52.5107830" lon="13.2367960">
    <ele>66.8</ele>
    <time>2025-09-18T14:52:22Z</time>
    <extensions>
     <power>263</power>
     <gpxtpx:TrackPointExtension>
      <gpxtpx:hr>180</gpxtpx:hr>
     </gpxtpx:TrackPointExtension>
    </extensions>
   </trkpt>
   <trkpt lat="52.5107940" lon="13.2368710">
    <ele>66.8</ele>
    <time>2025-09-18T14:52:23Z</time>
    <extensions>
     <power>263</power>
     <gpxtpx:TrackPointExtension>
      <gpxtpx:hr>180</gpxtpx:hr>
     </gpxtpx:TrackPointExtension>
    </extensions>
   </trkpt>
   <trkpt lat="52.5107970" lon="13.2368970">
    <ele>66.8</ele>
    <time>2025-09-18T14:52:24Z</time>
    <extensions>
     <power>270</power>
     <gpxtpx:TrackPointExtension>
      <gpxtpx:hr>180</gpxtpx:hr>
     </gpxtpx:TrackPointExtension>
    </extensions>
   </trkpt>
   <trkpt lat="52.5108010" lon="13.2369850">
    <ele>66.8</ele>
    <time>2025-09-18T14:52:25Z</time>
    <extensions>
     <power>270</power>
     <gpxtpx:TrackPointExtension>
      <gpxtpx:hr>179</gpxtpx:hr>
     </gpxtpx:TrackPointExtension>
    </extensions>
   </trkpt>
   <trkpt lat="52.5108020" lon="13.2370200">
    <ele>66.8</ele>
    <time>2025-09-18T14:52:26Z</time>
    <extensions>
     <power>270</power>
     <gpxtpx:TrackPointExtension>
      <gpxtpx:hr>179</gpxtpx:hr>
     </gpxtpx:TrackPointExtension>
    </extensions>
   </trkpt>
   <trkpt lat="52.5108020" lon="13.2370550">
    <ele>66.8</ele>
    <time>2025-09-18T14:52:27Z</time>
    <extensions>
     <power>273</power>
     <gpxtpx:TrackPointExtension>
      <gpxtpx:hr>179</gpxtpx:hr>
     </gpxtpx:TrackPointExtension>
    </extensions>
   </trkpt>
   <trkpt lat="52.5108040" lon="13.2371270">
    <ele>66.8</ele>
    <time>2025-09-18T14:52:28Z</time>
    <extensions>
     <power>273</power>
     <gpxtpx:TrackPointExtension>
      <gpxtpx:hr>179</gpxtpx:hr>
     </gpxtpx:TrackPointExtension>
    </extensions>
   </trkpt>
   <trkpt lat="52.5108060" lon="13.2371500">
    <ele>66.8</ele>
    <time>2025-09-18T14:52:29Z</time>
    <extensions>
     <power>271</power>
     <gpxtpx:TrackPointExtension>
      <gpxtpx:hr>179</gpxtpx:hr>
     </gpxtpx:TrackPointExtension>
    </extensions>
   </trkpt>
   <trkpt lat="52.5108150" lon="13.2372250">
    <ele>66.8</ele>
    <time>2025-09-18T14:52:30Z</time>
    <extensions>
     <power>271</power>
     <gpxtpx:TrackPointExtension>
      <gpxtpx:hr>179</gpxtpx:hr>
     </gpxtpx:TrackPointExtension>
    </extensions>
   </trkpt>
   <trkpt lat="52.5108200" lon="13.2372550">
    <ele>66.8</ele>
    <time>2025-09-18T14:52:31Z</time>
    <extensions>
     <power>271</power>
     <gpxtpx:TrackPointExtension>
      <gpxtpx:hr>179</gpxtpx:hr>
     </gpxtpx:TrackPointExtension>
    </extensions>
   </trkpt>
   <trkpt lat="52.5108240" lon="13.2372840">
    <ele>66.8</ele>
    <time>2025-09-18T14:52:32Z</time>
    <extensions>
     <power>271</power>
     <gpxtpx:TrackPointExtension>
      <gpxtpx:hr>179</gpxtpx:hr>
     </gpxtpx:TrackPointExtension>
    </extensions>
   </trkpt>
   <trkpt lat="52.5108420" lon="13.2373560">
    <ele>66.8</ele>
    <time>2025-09-18T14:52:33Z</time>
    <extensions>
     <power>271</power>
     <gpxtpx:TrackPointExtension>
      <gpxtpx:hr>179</gpxtpx:hr>
     </gpxtpx:TrackPointExtension>
    </extensions>
   </trkpt>
   <trkpt lat="52.5108510" lon="13.2373850">
    <ele>66.8</ele>
    <time>2025-09-18T14:52:34Z</time>
    <extensions>
     <power>271</power>
     <gpxtpx:TrackPointExtension>
      <gpxtpx:hr>177</gpxtpx:hr>
     </gpxtpx:TrackPointExtension>
    </extensions>
   </trkpt>
   <trkpt lat="52.5108590" lon="13.2374140">
    <ele>66.8</ele>
    <time>2025-09-18T14:52:35Z</time>
    <extensions>
     <power>272</power>
     <gpxtpx:TrackPointExtension>
      <gpxtpx:hr>177</gpxtpx:hr>
     </gpxtpx:TrackPointExtension>
    </extensions>
   </trkpt>
   <trkpt lat="52.5108780" lon="13.2374820">
    <ele>66.8</ele>
    <time>2025-09-18T14:52:36Z</time>
    <extensions>
     <power>272</power>
     <gpxtpx:TrackPointExtension>
      <gpxtpx:hr>177</gpxtpx:hr>
     </gpxtpx:TrackPointExtension>
    </extensions>
   </trkpt>
   <trkpt lat="52.5108840" lon="13.2375050">
    <ele>66.8</ele>
    <time>2025-09-18T14:52:37Z</time>
    <extensions>
     <power>274</power>
     <gpxtpx:TrackPointExtension>
      <gpxtpx:hr>177</gpxtpx:hr>
     </gpxtpx:TrackPointExtension>
    </extensions>
   </trkpt>
   <trkpt lat="52.5109000" lon="13.2375800">
    <ele>66.8</ele>
    <time>2025-09-18T14:52:38Z</time>
    <extensions>
     <power>274</power>
     <gpxtpx:TrackPointExtension>
      <gpxtpx:hr>177</gpxtpx:hr>
     </gpxtpx:TrackPointExtension>
    </extensions>
   </trkpt>
   <trkpt lat="52.5109050" lon="13.2376100">
    <ele>66.8</ele>
    <time>2025-09-18T14:52:39Z</time>
    <extensions>
     <power>274</power>
     <gpxtpx:TrackPointExtension>
      <gpxtpx:hr>177</gpxtpx:hr>
     </gpxtpx:TrackPointExtension>
    </extensions>
   </trkpt>
   <trkpt lat="52.5109110" lon="13.2376400">
    <ele>66.8</ele>
    <time>2025-09-18T14:52:40Z</time>
    <extensions>
     <power>271</power>
     <gpxtpx:TrackPointExtension>
      <gpxtpx:hr>179</gpxtpx:hr>
     </gpxtpx:TrackPointExtension>
    </extensions>
   </trkpt>
   <trkpt lat="52.5109200" lon="13.2377100">
    <ele>66.8</ele>
    <time>2025-09-18T14:52:41Z</time>
    <extensions>
     <power>271</power>
     <gpxtpx:TrackPointExtension>
      <gpxtpx:hr>179</gpxtpx:hr>
     </gpxtpx:TrackPointExtension>
    </extensions>
   </trkpt>
   <trkpt lat="52.5109230" lon="13.2377340">
    <ele>66.8</ele>
    <time>2025-09-18T14:52:42Z</time>
    <extensions>
     <power>272</power>
     <gpxtpx:TrackPointExtension>
      <gpxtpx:hr>179</gpxtpx:hr>
     </gpxtpx:TrackPointExtension>
    </extensions>
   </trkpt>
   <trkpt lat="52.5109330" lon="13.2378110">
    <ele>66.8</ele>
    <time>2025-09-18T14:52:43Z</time>
    <extensions>
     <power>272</power>
     <gpxtpx:TrackPointExtension>
      <gpxtpx:hr>179</gpxtpx:hr>
     </gpxtpx:TrackPointExtension>
    </extensions>
   </trkpt>
   <trkpt lat="52.5109380" lon="13.2378410">
    <ele>66.8</ele>
    <time>2025-09-18T14:52:44Z</time>
    <extensions>
     <power>272</power>
     <gpxtpx:TrackPointExtension>
      <gpxtpx:hr>179</gpxtpx:hr>
     </gpxtpx:TrackPointExtension>
    </extensions>
   </trkpt>
   <trkpt lat="52.5109430" lon="13.2378700">
    <ele>66.8</ele>
    <time>2025-09-18T14:52:45Z</time>
    <extensions>
     <power>270</power>
     <gpxtpx:TrackPointExtension>
      <gpxtpx:hr>181</gpxtpx:hr>
     </gpxtpx:TrackPointExtension>
    </extensions>
   </trkpt>
   <trkpt lat="52.5109590" lon="13.2379370">
    <ele>66.8</ele>
    <time>2025-09-18T14:52:46Z</time>
    <extensions>
     <power>270</power>
     <gpxtpx:TrackPointExtension>
      <gpxtpx:hr>181</gpxtpx:hr>
     </gpxtpx:TrackPointExtension>
    </extensions>
   </trkpt>
   <trkpt lat="52.5109650" lon="13.2379640">
    <ele>66.8</ele>
    <time>2025-09-18T14:52:47Z</time>
    <extensions>
     <power>270</power>
     <gpxtpx:TrackPointExtension>
      <gpxtpx:hr>181</gpxtpx:hr>
     </gpxtpx:TrackPointExtension>
    </extensions>
   </trkpt>
   <trkpt lat="52.5109710" lon="13.2379900">
    <ele>66.6</ele>
    <time>2025-09-18T14:52:48Z</time>
    <extensions>
     <power>267</power>
     <gpxtpx:TrackPointExtension>
      <gpxtpx:hr>181</gpxtpx:hr>
     </gpxtpx:TrackPointExtension>
    </extensions>
   </trkpt>
   <trkpt lat="52.5109830" lon="13.2380490">
    <ele>66.6</ele>
    <time>2025-09-18T14:52:49Z</time>
    <extensions>
     <power>267</power>
     <gpxtpx:TrackPointExtension>
      <gpxtpx:hr>181</gpxtpx:hr>
     </gpxtpx:TrackPointExtension>
    </extensions>
   </trkpt>
   <trkpt lat="52.5109870" lon="13.2380690">
    <ele>66.6</ele>
    <time>2025-09-18T14:52:50Z</time>
    <extensions>
     <power>267</power>
     <gpxtpx:TrackPointExtension>
      <gpxtpx:hr>181</gpxtpx:hr>
     </gpxtpx:TrackPointExtension>
    </extensions>
   </trkpt>
   <trkpt lat="52.5109960" lon="13.2381020">
    <ele>66.6</ele>
    <time>2025-09-18T14:52:51Z</time>
    <extensions>
     <power>267</power>
     <gpxtpx:TrackPointExtension>
      <gpxtpx:hr>181</gpxtpx:hr>
     </gpxtpx:TrackPointExtension>
    </extensions>
   </trkpt>
   <trkpt lat="52.5110060" lon="13.2381320">
    <ele>66.4</ele>
    <time>2025-09-18T14:52:52Z</time>
    <extensions>
     <power>267</power>
     <gpxtpx:TrackPointExtension>
      <gpxtpx:hr>181</gpxtpx:hr>
     </gpxtpx:TrackPointExtension>
    </extensions>
   </trkpt>
   <trkpt lat="52.5110180" lon="13.2381670">
    <ele>66.4</ele>
    <time>2025-09-18T14:52:53Z</time>
    <extensions>
     <power>253</power>
     <gpxtpx:TrackPointExtension>
      <gpxtpx:hr>181</gpxtpx:hr>
     </gpxtpx:TrackPointExtension>
    </extensions>
   </trkpt>
   <trkpt lat="52.5110350" lon="13.2382380">
    <ele>66.4</ele>
    <time>2025-09-18T14:52:54Z</time>
    <extensions>
     <power>253</power>
     <gpxtpx:TrackPointExtension>
      <gpxtpx:hr>181</gpxtpx:hr>
     </gpxtpx:TrackPointExtension>
    </extensions>
   </trkpt>
   <trkpt lat="52.5110400" lon="13.2382630">
    <ele>66.4</ele>
    <time>2025-09-18T14:52:55Z</time>
    <extensions>
     <power>260</power>
     <gpxtpx:TrackPointExtension>
      <gpxtpx:hr>181</gpxtpx:hr>
     </gpxtpx:TrackPointExtension>
    </extensions>
   </trkpt>
   <trkpt lat="52.5110530" lon="13.2383510">
    <ele>66.4</ele>
    <time>2025-09-18T14:52:56Z</time>
    <extensions>
     <power>260</power>
     <gpxtpx:TrackPointExtension>
      <gpxtpx:hr>181</gpxtpx:hr>
     </gpxtpx:TrackPointExtension>
    </extensions>
   </trkpt>
   <trkpt lat="52.5110550" lon="13.2383860">
    <ele>66.4</ele>
    <time>2025-09-18T14:52:57Z</time>
    <extensions>
     <power>260</power>
     <gpxtpx:TrackPointExtension>
      <gpxtpx:hr>181</gpxtpx:hr>
     </gpxtpx:TrackPointExtension>
    </extensions>
   </trkpt>
   <trkpt lat="52.5110580" lon="13.2384220">
    <ele>66.4</ele>
    <time>2025-09-18T14:52:58Z</time>
    <extensions>
     <power>262</power>
     <gpxtpx:TrackPointExtension>
      <gpxtpx:hr>181</gpxtpx:hr>
     </gpxtpx:TrackPointExtension>
    </extensions>
   </trkpt>
   <trkpt lat="52.5110640" lon="13.2384950">
    <ele>66.2</ele>
    <time>2025-09-18T14:52:59Z</time>
    <extensions>
     <power>262</power>
     <gpxtpx:TrackPointExtension>
      <gpxtpx:hr>181</gpxtpx:hr>
     </gpxtpx:TrackPointExtension>
    </extensions>
   </trkpt>
   <trkpt lat="52.5110660" lon="13.2385190">
    <ele>66.2</ele>
    <time>2025-09-18T14:53:00Z</time>
    <extensions>
     <power>263</power>
     <gpxtpx:TrackPointExtension>
      <gpxtpx:hr>181</gpxtpx:hr>
     </gpxtpx:TrackPointExtension>
    </extensions>
   </trkpt>
   <trkpt lat="52.5110770" lon="13.2386000">
    <ele>66.2</ele>
    <time>2025-09-18T14:53:01Z</time>
    <extensions>
     <power>263</power>
     <gpxtpx:TrackPointExtension>
      <gpxtpx:hr>180</gpxtpx:hr>
     </gpxtpx:TrackPointExtension>
    </extensions>
   </trkpt>
   <trkpt lat="52.5110820" lon="13.2386340">
    <ele>66.2</ele>
    <time>2025-09-18T14:53:02Z</time>
    <extensions>
     <power>263</power>
     <gpxtpx:TrackPointExtension>
      <gpxtpx:hr>180</gpxtpx:hr>
     </gpxtpx:TrackPointExtension>
    </extensions>
   </trkpt>
   <trkpt lat="52.5110870" lon="13.2386670">
    <ele>66.2</ele>
    <time>2025-09-18T14:53:03Z</time>
    <extensions>
     <power>269</power>
     <gpxtpx:TrackPointExtension>
      <gpxtpx:hr>180</gpxtpx:hr>
     </gpxtpx:TrackPointExtension>
    </extensions>
   </trkpt>
   <trkpt lat="52.5110970" lon="13.2387490">
    <ele>66.0</ele>
    <time>2025-09-18T14:53:04Z</time>
    <extensions>
     <power>269</power>
     <gpxtpx:TrackPointExtension>
      <gpxtpx:hr>180</gpxtpx:hr>
     </gpxtpx:TrackPointExtension>
    </extensions>
   </trkpt>
   <trkpt lat="52.5111010" lon="13.2387800">
    <ele>66.0</ele>
    <time>2025-09-18T14:53:05Z</time>
    <extensions>
     <power>269</power>
     <gpxtpx:TrackPointExtension>
      <gpxtpx:hr>180</gpxtpx:hr>
     </gpxtpx:TrackPointExtension>
    </extensions>
   </trkpt>
   <trkpt lat="52.5111040" lon="13.2388120">
    <ele>66.0</ele>
    <time>2025-09-18T14:53:06Z</time>
    <extensions>
     <power>271</power>
     <gpxtpx:TrackPointExtension>
      <gpxtpx:hr>181</gpxtpx:hr>
     </gpxtpx:TrackPointExtension>
    </extensions>
   </trkpt>
   <trkpt lat="52.5111120" lon="13.2388860">
    <ele>66.0</ele>
    <time>2025-09-18T14:53:07Z</time>
    <extensions>
     <power>271</power>
     <gpxtpx:TrackPointExtension>
      <gpxtpx:hr>181</gpxtpx:hr>
     </gpxtpx:TrackPointExtension>
    </extensions>
   </trkpt>
   <trkpt lat="52.5111140" lon="13.2389110">
    <ele>65.8</ele>
    <time>2025-09-18T14:53:08Z</time>
    <extensions>
     <power>272</power>
     <gpxtpx:TrackPointExtension>
      <gpxtpx:hr>181</gpxtpx:hr>
     </gpxtpx:TrackPointExtension>
    </extensions>
   </trkpt>
   <trkpt lat="52.5111240" lon="13.2389910">
    <ele>65.8</ele>
    <time>2025-09-18T14:53:09Z</time>
    <extensions>
     <power>272</power>
     <gpxtpx:TrackPointExtension>
      <gpxtpx:hr>181</gpxtpx:hr>
     </gpxtpx:TrackPointExtension>
    </extensions>
   </trkpt>
   <trkpt lat="52.5111280" lon="13.2390220">
    <ele>65.8</ele>
    <time>2025-09-18T14:53:10Z</time>
    <extensions>
     <power>272</power>
     <gpxtpx:TrackPointExtension>
      <gpxtpx:hr>181</gpxtpx:hr>
     </gpxtpx:TrackPointExtension>
    </extensions>
   </trkpt>
   <trkpt lat="52.5111320" lon="13.2390520">
    <ele>65.8</ele>
    <time>2025-09-18T14:53:11Z</time>
    <extensions>
     <power>268</power>
     <gpxtpx:TrackPointExtension>
      <gpxtpx:hr>181</gpxtpx:hr>
     </gpxtpx:TrackPointExtension>
    </extensions>
   </trkpt>
   <trkpt lat="52.5111460" lon="13.2391220">
    <ele>65.8</ele>
    <time>2025-09-18T14:53:12Z</time>
    <extensions>
     <power>268</power>
     <gpxtpx:TrackPointExtension>
      <gpxtpx:hr>181</gpxtpx:hr>
     </gpxtpx:TrackPointExtension>
    </extensions>
   </trkpt>
   <trkpt lat="52.5111510" lon="13.2391470">
    <ele>65.8</ele>
    <time>2025-09-18T14:53:13Z</time>
    <extensions>
     <power>270</power>
     <gpxtpx:TrackPointExtension>
      <gpxtpx:hr>181</gpxtpx:hr>
     </gpxtpx:TrackPointExtension>
    </extensions>
   </trkpt>
   <trkpt lat="52.5111680" lon="13.2392330">
    <ele>65.8</ele>
    <time>2025-09-18T14:53:14Z</time>
    <extensions>
     <power>270</power>
     <gpxtpx:TrackPointExtension>
      <gpxtpx:hr>181</gpxtpx:hr>
     </gpxtpx:TrackPointExtension>
    </extensions>
   </trkpt>
   <trkpt lat="52.5111760" lon="13.2392660">
    <ele>65.8</ele>
    <time>2025-09-18T14:53:15Z</time>
    <extensions>
     <power>270</power>
     <gpxtpx:TrackPointExtension>
      <gpxtpx:hr>181</gpxtpx:hr>
     </gpxtpx:TrackPointExtension>
    </extensions>
   </trkpt>
   <trkpt lat="52.5111830" lon="13.2393000">
    <ele>65.8</ele>
    <time>2025-09-18T14:53:16Z</time>
    <extensions>
     <power>271</power>
     <gpxtpx:TrackPointExtension>
      <gpxtpx:hr>182</gpxtpx:hr>
     </gpxtpx:TrackPointExtension>
    </extensions>
   </trkpt>
   <trkpt lat="52.5112070" lon="13.2393680">
    <ele>66.0</ele>
    <time>2025-09-18T14:53:17Z</time>
    <extensions>
     <power>271</power>
     <gpxtpx:TrackPointExtension>
      <gpxtpx:hr>182</gpxtpx:hr>
     </gpxtpx:TrackPointExtension>
    </extensions>
   </trkpt>
   <trkpt lat="52.5112150" lon="13.2393890">
    <ele>66.0</ele>
    <time>2025-09-18T14:53:18Z</time>
    <extensions>
     <power>274</power>
     <gpxtpx:TrackPointExtension>
      <gpxtpx:hr>182</gpxtpx:hr>
     </gpxtpx:TrackPointExtension>
    </extensions>
   </trkpt>
   <trkpt lat="52.5112480" lon="13.2394470">
    <ele>66.0</ele>
    <time>2025-09-18T14:53:19Z</time>
    <extensions>
     <power>274</power>
     <gpxtpx:TrackPointExtension>
      <gpxtpx:hr>182</gpxtpx:hr>
     </gpxtpx:TrackPointExtension>
    </extensions>
   </trkpt>
   <trkpt lat="52.5112630" lon="13.2394680">
    <ele>66.2</ele>
    <time>2025-09-18T14:53:20Z</time>
    <extensions>
     <power>274</power>
     <gpxtpx:TrackPointExtension>
      <gpxtpx:hr>182</gpxtpx:hr>
     </gpxtpx:TrackPointExtension>
    </extensions>
   </trkpt>
   <trkpt lat="52.5112770" lon="13.2394900">
    <ele>66.2</ele>
    <time>2025-09-18T14:53:21Z</time>
    <extensions>
     <power>273</power>
     <gpxtpx:TrackPointExtension>
      <gpxtpx:hr>182</gpxtpx:hr>
     </gpxtpx:TrackPointExtension>
    </extensions>
   </trkpt>
   <trkpt lat="52.5113110" lon="13.2395460">
    <ele>66.4</ele>
    <time>2025-09-18T14:53:22Z</time>
    <extensions>
     <power>273</power>
     <gpxtpx:TrackPointExtension>
      <gpxtpx:hr>182</gpxtpx:hr>
     </gpxtpx:TrackPointExtension>
    </extensions>
   </trkpt>
   <trkpt lat="52.5113250" lon="13.2395680">
    <ele>66.4</ele>
    <time>2025-09-18T14:53:23Z</time>
    <extensions>
     <power>273</power>
     <gpxtpx:TrackPointExtension>
      <gpxtpx:hr>180</gpxtpx:hr>
     </gpxtpx:TrackPointExtension>
    </extensions>
   </trkpt>
   <trkpt lat="52.5113380" lon="13.2395910">
    <ele>66.6</ele>
    <time>2025-09-18T14:53:24Z</time>
    <extensions>
     <power>273</power>
     <gpxtpx:TrackPointExtension>
      <gpxtpx:hr>180</gpxtpx:hr>
     </gpxtpx:TrackPointExtension>
    </extensions>
   </trkpt>
   <trkpt lat="52.5113680" lon="13.2396460">
    <ele>66.8</ele>
    <time>2025-09-18T14:53:25Z</time>
    <extensions>
     <power>273</power>
     <gpxtpx:TrackPointExtension>
      <gpxtpx:hr>180</gpxtpx:hr>
     </gpxtpx:TrackPointExtension>
    </extensions>
   </trkpt>
   <trkpt lat="52.5113780" lon="13.2396660">
    <ele>66.8</ele>
    <time>2025-09-18T14:53:26Z</time>
    <extensions>
     <power>271</power>
     <gpxtpx:TrackPointExtension>
      <gpxtpx:hr>180</gpxtpx:hr>
     </gpxtpx:TrackPointExtension>
    </extensions>
   </trkpt>
   <trkpt lat="52.5114100" lon="13.2397330">
    <ele>67.0</ele>
    <time>2025-09-18T14:53:27Z</time>
    <extensions>
     <power>271</power>
     <gpxtpx:TrackPointExtension>
      <gpxtpx:hr>180</gpxtpx:hr>
     </gpxtpx:TrackPointExtension>
    </extensions>
   </trkpt>
   <trkpt lat="52.5114230" lon="13.2397600">
    <ele>67.2</ele>
    <time>2025-09-18T14:53:28Z</time>
    <extensions>
     <power>271</power>
     <gpxtpx:TrackPointExtension>
      <gpxtpx:hr>180</gpxtpx:hr>
     </gpxtpx:TrackPointExtension>
    </extensions>
   </trkpt>
   <trkpt lat="52.5114360" lon="13.2397870">
    <ele>67.2</ele>
    <time>2025-09-18T14:53:29Z</time>
    <extensions>
     <power>271</power>
     <gpxtpx:TrackPointExtension>
      <gpxtpx:hr>180</gpxtpx:hr>
     </gpxtpx:TrackPointExtension>
    </extensions>
   </trkpt>
   <trkpt lat="52.5114690" lon="13.2398350">
    <ele>67.4</ele>
    <time>2025-09-18T14:53:30Z</time>
    <extensions>
     <power>271</power>
     <gpxtpx:TrackPointExtension>
      <gpxtpx:hr>180</gpxtpx:hr>
     </gpxtpx:TrackPointExtension>
    </extensions>
   </trkpt>
   <trkpt lat="52.5114810" lon="13.2398490">
    <ele>67.4</ele>
    <time>2025-09-18T14:53:31Z</time>
    <extensions>
     <power>271</power>
     <gpxtpx:TrackPointExtension>
      <gpxtpx:hr>180</gpxtpx:hr>
     </gpxtpx:TrackPointExtension>
    </extensions>
   </trkpt>
   <trkpt lat="52.5115240" lon="13.2398830">
    <ele>67.6</ele>
    <time>2025-09-18T14:53:32Z</time>
    <extensions>
     <power>271</power>
     <gpxtpx:TrackPointExtension>
      <gpxtpx:hr>180</gpxtpx:hr>
     </gpxtpx:TrackPointExtension>
    </extensions>
   </trkpt>
   <trkpt lat="52.5115410" lon="13.2398930">
    <ele>67.6</ele>
    <time>2025-09-18T14:53:33Z</time>
    <extensions>
     <power>271</power>
     <gpxtpx:TrackPointExtension>
      <gpxtpx:hr>180</gpxtpx:hr>
     </gpxtpx:TrackPointExtension>
    </extensions>
   </trkpt>
   <trkpt lat="52.5115590" lon="13.2399040">
    <ele>67.8</ele>
    <time>2025-09-18T14:53:34Z</time>
    <extensions>
     <power>270</power>
     <gpxtpx:TrackPointExtension>
      <gpxtpx:hr>180</gpxtpx:hr>
     </gpxtpx:TrackPointExtension>
    </extensions>
   </trkpt>
   <trkpt lat="52.5116000" lon="13.2399370">
    <ele>67.8</ele>
    <time>2025-09-18T14:53:35Z</time>
    <extensions>
     <power>270</power>
     <gpxtpx:TrackPointExtension>
      <gpxtpx:hr>180</gpxtpx:hr>
     </gpxtpx:TrackPointExtension>
    </extensions>
   </trkpt>
   <trkpt lat="52.5116160" lon="13.2399520">
    <ele>67.8</ele>
    <time>2025-09-18T14:53:36Z</time>
    <extensions>
     <power>270</power>
     <gpxtpx:TrackPointExtension>
      <gpxtpx:hr>180</gpxtpx:hr>
     </gpxtpx:TrackPointExtension>
    </extensions>
   </trkpt>
   <trkpt lat="52.5116320" lon="13.2399680">
    <ele>67.8</ele>
    <time>2025-09-18T14:53:37Z</time>
    <extensions>
     <power>267</power>
     <gpxtpx:TrackPointExtension>
      <gpxtpx:hr>180</gpxtpx:hr>
     </gpxtpx:TrackPointExtension>
    </extensions>
   </trkpt>
   <trkpt lat="52.5116670" lon="13.2400110">
    <ele>67.8</ele>
    <time>2025-09-18T14:53:38Z</time>
    <extensions>
     <power>267</power>
     <gpxtpx:TrackPointExtension>
      <gpxtpx:hr>180</gpxtpx:hr>
     </gpxtpx:TrackPointExtension>
    </extensions>
   </trkpt>
   <trkpt lat="52.5116780" lon="13.2400260">
    <ele>67.8</ele>
    <time>2025-09-18T14:53:39Z</time>
    <extensions>
     <power>268</power>
     <gpxtpx:TrackPointExtension>
      <gpxtpx:hr>181</gpxtpx:hr>
     </gpxtpx:TrackPointExtension>
    </extensions>
   </trkpt>
   <trkpt lat="52.5117170" lon="13.2400730">
    <ele>67.8</ele>
    <time>2025-09-18T14:53:40Z</time>
    <extensions>
     <power>268</power>
     <gpxtpx:TrackPointExtension>
      <gpxtpx:hr>181</gpxtpx:hr>
     </gpxtpx:TrackPointExtension>
    </extensions>
   </trkpt>
   <trkpt lat="52.5117320" lon="13.2400900">
    <ele>67.6</ele>
    <time>2025-09-18T14:53:41Z</time>
    <extensions>
     <power>268</power>
     <gpxtpx:TrackPointExtension>
      <gpxtpx:hr>181</gpxtpx:hr>
     </gpxtpx:TrackPointExtension>
    </extensions>
   </trkpt>
   <trkpt lat="52.5117480" lon="13.2401070">
    <ele>67.6</ele>
    <time>2025-09-18T14:53:42Z</time>
    <extensions>
     <power>268</power>
     <gpxtpx:TrackPointExtension>
      <gpxtpx:hr>181</gpxtpx:hr>
     </gpxtpx:TrackPointExtension>
    </extensions>
   </trkpt>
   <trkpt lat="52.5117710" lon="13.2401300">
    <ele>67.6</ele>
    <time>2025-09-18T14:53:43Z</time>
    <extensions>
     <power>268</power>
     <gpxtpx:TrackPointExtension>
      <gpxtpx:hr>181</gpxtpx:hr>
     </gpxtpx:TrackPointExtension>
    </extensions>
   </trkpt>
   <trkpt lat="52.5117710" lon="13.2401300">
    <ele>67.6</ele>
    <time>2025-09-18T14:53:44Z</time>
    <extensions>
     <power>267</power>
     <gpxtpx:TrackPointExtension>
      <gpxtpx:hr>181</gpxtpx:hr>
     </gpxtpx:TrackPointExtension>
    </extensions>
   </trkpt>
   <trkpt lat="52.5118080" lon="13.2401730">
    <ele>67.6</ele>
    <time>2025-09-18T14:53:45Z</time>
    <extensions>
     <power>267</power>
     <gpxtpx:TrackPointExtension>
      <gpxtpx:hr>181</gpxtpx:hr>
     </gpxtpx:TrackPointExtension>
    </extensions>
   </trkpt>
   <trkpt lat="52.5118220" lon="13.2401910">
    <ele>67.6</ele>
    <time>2025-09-18T14:53:46Z</time>
    <extensions>
     <power>267</power>
     <gpxtpx:TrackPointExtension>
      <gpxtpx:hr>181</gpxtpx:hr>
     </gpxtpx:TrackPointExtension>
    </extensions>
   </trkpt>
   <trkpt lat="52.5118360" lon="13.2402100">
    <ele>67.6</ele>
    <time>2025-09-18T14:53:47Z</time>
    <extensions>
     <power>268</power>
     <gpxtpx:TrackPointExtension>
      <gpxtpx:hr>181</gpxtpx:hr>
     </gpxtpx:TrackPointExtension>
    </extensions>
   </trkpt>
   <trkpt lat="52.5118700" lon="13.2402480">
    <ele>67.6</ele>
    <time>2025-09-18T14:53:48Z</time>
    <extensions>
     <power>268</power>
     <gpxtpx:TrackPointExtension>
      <gpxtpx:hr>181</gpxtpx:hr>
     </gpxtpx:TrackPointExtension>
    </extensions>
   </trkpt>
   <trkpt lat="52.5118810" lon="13.2402590">
    <ele>67.6</ele>
    <time>2025-09-18T14:53:49Z</time>
    <extensions>
     <power>267</power>
     <gpxtpx:TrackPointExtension>
      <gpxtpx:hr>181</gpxtpx:hr>
     </gpxtpx:TrackPointExtension>
    </extensions>
   </trkpt>
   <trkpt lat="52.5119240" lon="13.2402840">
    <ele>67.6</ele>
    <time>2025-09-18T14:53:50Z</time>
    <extensions>
     <power>267</power>
     <gpxtpx:TrackPointExtension>
      <gpxtpx:hr>181</gpxtpx:hr>
     </gpxtpx:TrackPointExtension>
    </extensions>
   </trkpt>
   <trkpt lat="52.5119430" lon="13.2402910">
    <ele>67.6</ele>
    <time>2025-09-18T14:53:51Z</time>
    <extensions>
     <power>267</power>
     <gpxtpx:TrackPointExtension>
      <gpxtpx:hr>181</gpxtpx:hr>
     </gpxtpx:TrackPointExtension>
    </extensions>
   </trkpt>
   <trkpt lat="52.5119610" lon="13.2402990">
    <ele>67.6</ele>
    <time>2025-09-18T14:53:52Z</time>
    <extensions>
     <power>267</power>
     <gpxtpx:TrackPointExtension>
      <gpxtpx:hr>181</gpxtpx:hr>
     </gpxtpx:TrackPointExtension>
    </extensions>
   </trkpt>
   <trkpt lat="52.5120060" lon="13.2403020">
    <ele>67.6</ele>
    <time>2025-09-18T14:53:53Z</time>
    <extensions>
     <power>267</power>
     <gpxtpx:TrackPointExtension>
      <gpxtpx:hr>181</gpxtpx:hr>
     </gpxtpx:TrackPointExtension>
    </extensions>
   </trkpt>
   <trkpt lat="52.5120240" lon="13.2403000">
    <ele>67.8</ele>
    <time>2025-09-18T14:53:54Z</time>
    <extensions>
     <power>267</power>
     <gpxtpx:TrackPointExtension>
      <gpxtpx:hr>181</gpxtpx:hr>
     </gpxtpx:TrackPointExtension>
    </extensions>
   </trkpt>
   <trkpt lat="52.5120420" lon="13.2402980">
    <ele>67.8</ele>
    <time>2025-09-18T14:53:55Z</time>
    <extensions>
     <power>262</power>
     <gpxtpx:TrackPointExtension>
      <gpxtpx:hr>181</gpxtpx:hr>
     </gpxtpx:TrackPointExtension>
    </extensions>
   </trkpt>
   <trkpt lat="52.5120850" lon="13.2402740">
    <ele>67.8</ele>
    <time>2025-09-18T14:53:56Z</time>
    <extensions>
     <power>262</power>
     <gpxtpx:TrackPointExtension>
      <gpxtpx:hr>181</gpxtpx:hr>
     </gpxtpx:TrackPointExtension>
    </extensions>
   </trkpt>
   <trkpt lat="52.5121000" lon="13.2402640">
    <ele>68.0</ele>
    <time>2025-09-18T14:53:57Z</time>
    <extensions>
     <power>271</power>
     <gpxtpx:TrackPointExtension>
      <gpxtpx:hr>181</gpxtpx:hr>
     </gpxtpx:TrackPointExtension>
    </extensions>
   </trkpt>
   <trkpt lat="52.5121500" lon="13.2402310">
    <ele>68.2</ele>
    <time>2025-09-18T14:53:58Z</time>
    <extensions>
     <power>271</power>
     <gpxtpx:TrackPointExtension>
      <gpxtpx:hr>181</gpxtpx:hr>
     </gpxtpx:TrackPointExtension>
    </extensions>
   </trkpt>
   <trkpt lat="52.5121710" lon="13.2402200">
    <ele>68.2</ele>
    <time>2025-09-18T14:53:59Z</time>
    <extensions>
     <power>271</power>
     <gpxtpx:TrackPointExtension>
      <gpxtpx:hr>181</gpxtpx:hr>
     </gpxtpx:TrackPointExtension>
    </extensions>
   </trkpt>
   <trkpt lat="52.5121910" lon="13.2402080">
    <ele>68.4</ele>
    <time>2025-09-18T14:54:00Z</time>
    <extensions>
     <power>271</power>
     <gpxtpx:TrackPointExtension>
      <gpxtpx:hr>181</gpxtpx:hr>
     </gpxtpx:TrackPointExtension>
    </extensions>
   </trkpt>
   <trkpt lat="52.5122370" lon="13.2401860">
    <ele>68.6</ele>
    <time>2025-09-18T14:54:01Z</time>
    <extensions>
     <power>271</power>
     <gpxtpx:TrackPointExtension>
      <gpxtpx:hr>181</gpxtpx:hr>
     </gpxtpx:TrackPointExtension>
    </extensions>
   </trkpt>
   <trkpt lat="52.5122520" lon="13.2401770">
    <ele>68.8</ele>
    <time>2025-09-18T14:54:02Z</time>
    <extensions>
     <power>277</power>
     <gpxtpx:TrackPointExtension>
      <gpxtpx:hr>181</gpxtpx:hr>
     </gpxtpx:TrackPointExtension>
    </extensions>
   </trkpt>
   <trkpt lat="52.5123080" lon="13.2401310">
    <ele>69.0</ele>
    <time>2025-09-18T14:54:03Z</time>
    <extensions>
     <power>277</power>
     <gpxtpx:TrackPointExtension>
      <gpxtpx:hr>181</gpxtpx:hr>
     </gpxtpx:TrackPointExtension>
    </extensions>
   </trkpt>
   <trkpt lat="52.5123330" lon="13.2401040">
    <ele>69.4</ele>
    <time>2025-09-18T14:54:04Z</time>
    <extensions>
     <power>277</power>
     <gpxtpx:TrackPointExtension>
      <gpxtpx:hr>182</gpxtpx:hr>
     </gpxtpx:TrackPointExtension>
    </extensions>
   </trkpt>
   <trkpt lat="52.5123590" lon="13.2400770">
    <ele>69.6</ele>
    <time>2025-09-18T14:54:05Z</time>
    <extensions>
     <power>276</power>
     <gpxtpx:TrackPointExtension>
      <gpxtpx:hr>182</gpxtpx:hr>
     </gpxtpx:TrackPointExtension>
    </extensions>
   </trkpt>
   <trkpt lat="52.5123960" lon="13.2400260">
    <ele>69.6</ele>
    <time>2025-09-18T14:54:06Z</time>
    <extensions>
     <power>276</power>
     <gpxtpx:TrackPointExtension>
      <gpxtpx:hr>182</gpxtpx:hr>
     </gpxtpx:TrackPointExtension>
    </extensions>
   </trkpt>
   <trkpt lat="52.5124120" lon="13.2400050">
    <ele>69.8</ele>
    <time>2025-09-18T14:54:07Z</time>
    <extensions>
     <power>276</power>
     <gpxtpx:TrackPointExtension>
      <gpxtpx:hr>182</gpxtpx:hr>
     </gpxtpx:TrackPointExtension>
    </extensions>
   </trkpt>
   <trkpt lat="52.5124270" lon="13.2399850">
    <ele>70.0</ele>
    <time>2025-09-18T14:54:08Z</time>
    <extensions>
     <power>277</power>
     <gpxtpx:TrackPointExtension>
      <gpxtpx:hr>182</gpxtpx:hr>
     </gpxtpx:TrackPointExtension>
    </extensions>
   </trkpt>
   <trkpt lat="52.5124650" lon="13.2399450">
    <ele>70.0</ele>
    <time>2025-09-18T14:54:09Z</time>
    <extensions>
     <power>277</power>
     <gpxtpx:TrackPointExtension>
      <gpxtpx:hr>181</gpxtpx:hr>
     </gpxtpx:TrackPointExtension>
    </extensions>
   </trkpt>
   <trkpt lat="52.5124780" lon="13.2399320">
    <ele>70.2</ele>
    <time>2025-09-18T14:54:10Z</time>
    <extensions>
     <power>279</power>
     <gpxtpx:TrackPointExtension>
      <gpxtpx:hr>181</gpxtpx:hr>
     </gpxtpx:TrackPointExtension>
    </extensions>
   </trkpt>
   <trkpt lat="52.5125290" lon="13.2399040">
    <ele>70.2</ele>
    <time>2025-09-18T14:54:11Z</time>
    <extensions>
     <power>279</power>
     <gpxtpx:TrackPointExtension>
      <gpxtpx:hr>181</gpxtpx:hr>
     </gpxtpx:TrackPointExtension>
    </extensions>
   </trkpt>
   <trkpt lat="52.5125500" lon="13.2398950">
    <ele>70.4</ele>
    <time>2025-09-18T14:54:12Z</time>
    <extensions>
     <power>279</power>
     <gpxtpx:TrackPointExtension>
      <gpxtpx:hr>181</gpxtpx:hr>
     </gpxtpx:TrackPointExtension>
    </extensions>
   </trkpt>
   <trkpt lat="52.5125710" lon="13.2398870">
    <ele>70.4</ele>
    <time>2025-09-18T14:54:13Z</time>
    <extensions>
     <power>280</power>
     <gpxtpx:TrackPointExtension>
      <gpxtpx:hr>181</gpxtpx:hr>
     </gpxtpx:TrackPointExtension>
    </extensions>
   </trkpt>
   <trkpt lat="52.5126180" lon="13.2398790">
    <ele>70.4</ele>
    <time>2025-09-18T14:54:14Z</time>
    <extensions>
     <power>280</power>
     <gpxtpx:TrackPointExtension>
      <gpxtpx:hr>181</gpxtpx:hr>
     </gpxtpx:TrackPointExtension>
    </extensions>
   </trkpt>
   <trkpt lat="52.5126320" lon="13.2398760">
    <ele>70.4</ele>
    <time>2025-09-18T14:54:15Z</time>
    <extensions>
     <power>276</power>
     <gpxtpx:TrackPointExtension>
      <gpxtpx:hr>182</gpxtpx:hr>
     </gpxtpx:TrackPointExtension>
    </extensions>
   </trkpt>
   <trkpt lat="52.5126760" lon="13.2398670">
    <ele>70.4</ele>
    <time>2025-09-18T14:54:16Z</time>
    <extensions>
     <power>276</power>
     <gpxtpx:TrackPointExtension>
      <gpxtpx:hr>182</gpxtpx:hr>
     </gpxtpx:TrackPointExtension>
    </extensions>
   </trkpt>
   <trkpt lat="52.5126940" lon="13.2398640">
    <ele>70.4</ele>
    <time>2025-09-18T14:54:17Z</time>
    <extensions>
     <power>276</power>
     <gpxtpx:TrackPointExtension>
      <gpxtpx:hr>182</gpxtpx:hr>
     </gpxtpx:TrackPointExtension>
    </extensions>
   </trkpt>
   <trkpt lat="52.5127110" lon="13.2398600">
    <ele>70.4</ele>
    <time>2025-09-18T14:54:18Z</time>
    <extensions>
     <power>274</power>
     <gpxtpx:TrackPointExtension>
      <gpxtpx:hr>182</gpxtpx:hr>
     </gpxtpx:TrackPointExtension>
    </extensions>
   </trkpt>
   <trkpt lat="52.5127540" lon="13.2398610">
    <ele>70.4</ele>
    <time>2025-09-18T14:54:19Z</time>
    <extensions>
     <power>274</power>
     <gpxtpx:TrackPointExtension>
      <gpxtpx:hr>182</gpxtpx:hr>
     </gpxtpx:TrackPointExtension>
    </extensions>
   </trkpt>
   <trkpt lat="52.5127690" lon="13.2398650">
    <ele>70.4</ele>
    <time>2025-09-18T14:54:20Z</time>
    <extensions>
     <power>274</power>
     <gpxtpx:TrackPointExtension>
      <gpxtpx:hr>182</gpxtpx:hr>
     </gpxtpx:TrackPointExtension>
    </extensions>
   </trkpt>
   <trkpt lat="52.5128170" lon="13.2399010">
    <ele>70.4</ele>
    <time>2025-09-18T14:54:21Z</time>
    <extensions>
     <power>274</power>
     <gpxtpx:TrackPointExtension>
      <gpxtpx:hr>182</gpxtpx:hr>
     </gpxtpx:TrackPointExtension>
    </extensions>
   </trkpt>
   <trkpt lat="52.5128350" lon="13.2399190">
    <ele>70.4</ele>
    <time>2025-09-18T14:54:22Z</time>
    <extensions>
     <power>274</power>
     <gpxtpx:TrackPointExtension>
      <gpxtpx:hr>182</gpxtpx:hr>
     </gpxtpx:TrackPointExtension>
    </extensions>
   </trkpt>
   <trkpt lat="52.5128540" lon="13.2399370">
    <ele>70.4</ele>
    <time>2025-09-18T14:54:23Z</time>
    <extensions>
     <power>275</power>
     <gpxtpx:TrackPointExtension>
      <gpxtpx:hr>182</gpxtpx:hr>
     </gpxtpx:TrackPointExtension>
    </extensions>
   </trkpt>
   <trkpt lat="52.5128980" lon="13.2399720">
    <ele>70.4</ele>
    <time>2025-09-18T14:54:24Z</time>
    <extensions>
     <power>275</power>
     <gpxtpx:TrackPointExtension>
      <gpxtpx:hr>182</gpxtpx:hr>
     </gpxtpx:TrackPointExtension>
    </extensions>
   </trkpt>
   <trkpt lat="52.5129160" lon="13.2399820">
    <ele>70.4</ele>
    <time>2025-09-18T14:54:25Z</time>
    <extensions>
     <power>275</power>
     <gpxtpx:TrackPointExtension>
      <gpxtpx:hr>182</gpxtpx:hr>
     </gpxtpx:TrackPointExtension>
    </extensions>
   </trkpt>
   <trkpt lat="52.5129340" lon="13.2399920">
    <ele>70.4</ele>
    <time>2025-09-18T14:54:26Z</time>
    <extensions>
     <power>273</power>
     <gpxtpx:TrackPointExtension>
      <gpxtpx:hr>181</gpxtpx:hr>
     </gpxtpx:TrackPointExtension>
    </extensions>
   </trkpt>
   <trkpt lat="52.5129770" lon="13.2399960">
    <ele>70.4</ele>
    <time>2025-09-18T14:54:27Z</time>
    <extensions>
     <power>273</power>
     <gpxtpx:TrackPointExtension>
      <gpxtpx:hr>181</gpxtpx:hr>
     </gpxtpx:TrackPointExtension>
    </extensions>
   </trkpt>
   <trkpt lat="52.5129910" lon="13.2399960">
    <ele>70.4</ele>
    <time>2025-09-18T14:54:28Z</time>
    <extensions>
     <power>275</power>
     <gpxtpx:TrackPointExtension>
      <gpxtpx:hr>181</gpxtpx:hr>
     </gpxtpx:TrackPointExtension>
    </extensions>
   </trkpt>
   <trkpt lat="52.5130410" lon="13.2399850">
    <ele>70.4</ele>
    <time>2025-09-18T14:54:29Z</time>
    <extensions>
     <power>275</power>
     <gpxtpx:TrackPointExtension>
      <gpxtpx:hr>181</gpxtpx:hr>
     </gpxtpx:TrackPointExtension>
    </extensions>
   </trkpt>
   <trkpt lat="52.5130600" lon="13.2399790">
    <ele>70.4</ele>
    <time>2025-09-18T14:54:30Z</time>
    <extensions>
     <power>275</power>
     <gpxtpx:TrackPointExtension>
      <gpxtpx:hr>181</gpxtpx:hr>
     </gpxtpx:TrackPointExtension>
    </extensions>
   </trkpt>
   <trkpt lat="52.5130800" lon="13.2399720">
    <ele>70.2</ele>
    <time>2025-09-18T14:54:31Z</time>
    <extensions>
     <power>275</power>
     <gpxtpx:TrackPointExtension>
      <gpxtpx:hr>181</gpxtpx:hr>
     </gpxtpx:TrackPointExtension>
    </extensions>
   </trkpt>
   <trkpt lat="52.5131220" lon="13.2399460">
    <ele>70.2</ele>
    <time>2025-09-18T14:54:32Z</time>
    <extensions>
     <power>275</power>
     <gpxtpx:TrackPointExtension>
      <gpxtpx:hr>181</gpxtpx:hr>
     </gpxtpx:TrackPointExtension>
    </extensions>
   </trkpt>
   <trkpt lat="52.5131360" lon="13.2399370">
    <ele>70.2</ele>
    <time>2025-09-18T14:54:33Z</time>
    <extensions>
     <power>275</power>
     <gpxtpx:TrackPointExtension>
      <gpxtpx:hr>181</gpxtpx:hr>
     </gpxtpx:TrackPointExtension>
    </extensions>
   </trkpt>
   <trkpt lat="52.5131830" lon="13.2399120">
    <ele>70.2</ele>
    <time>2025-09-18T14:54:34Z</time>
    <extensions>
     <power>275</power>
     <gpxtpx:TrackPointExtension>
      <gpxtpx:hr>181</gpxtpx:hr>
     </gpxtpx:TrackPointExtension>
    </extensions>
   </trkpt>
   <trkpt lat="52.5132020" lon="13.2399040">
    <ele>70.2</ele>
    <time>2025-09-18T14:54:35Z</time>
    <extensions>
     <power>275</power>
     <gpxtpx:TrackPointExtension>
      <gpxtpx:hr>180</gpxtpx:hr>
     </gpxtpx:TrackPointExtension>
    </extensions>
   </trkpt>
   <trkpt lat="52.5132210" lon="13.2398970">
    <ele>70.2</ele>
    <time>2025-09-18T14:54:36Z</time>
    <extensions>
     <power>276</power>
     <gpxtpx:TrackPointExtension>
      <gpxtpx:hr>180</gpxtpx:hr>
     </gpxtpx:TrackPointExtension>
    </extensions>
   </trkpt>
   <trkpt lat="52.5132680" lon="13.2398900">
    <ele>70.2</ele>
    <time>2025-09-18T14:54:37Z</time>
    <extensions>
     <power>276</power>
     <gpxtpx:TrackPointExtension>
      <gpxtpx:hr>180</gpxtpx:hr>
     </gpxtpx:TrackPointExtension>
    </extensions>
   </trkpt>
   <trkpt lat="52.5132860" lon="13.2398870">
    <ele>70.0</ele>
    <time>2025-09-18T14:54:38Z</time>
    <extensions>
     <power>276</power>
     <gpxtpx:TrackPointExtension>
      <gpxtpx:hr>180</gpxtpx:hr>
     </gpxtpx:TrackPointExtension>
    </extensions>
   </trkpt>
   <trkpt lat="52.5133050" lon="13.2398840">
    <ele>70.0</ele>
    <time>2025-09-18T14:54:39Z</time>
    <extensions>
     <power>274</power>
     <gpxtpx:TrackPointExtension>
      <gpxtpx:hr>180</gpxtpx:hr>
     </gpxtpx:TrackPointExtension>
    </extensions>
   </trkpt>
   <trkpt lat="52.5133440" lon="13.2398570">
    <ele>70.0</ele>
    <time>2025-09-18T14:54:40Z</time>
    <extensions>
     <power>274</power>
     <gpxtpx:TrackPointExtension>
      <gpxtpx:hr>180</gpxtpx:hr>
     </gpxtpx:TrackPointExtension>
    </extensions>
   </trkpt>
   <trkpt lat="52.5133560" lon="13.2398440">
    <ele>70.0</ele>
    <time>2025-09-18T14:54:41Z</time>
    <extensions>
     <power>275</power>
     <gpxtpx:TrackPointExtension>
      <gpxtpx:hr>180</gpxtpx:hr>
     </gpxtpx:TrackPointExtension>
    </extensions>
   </trkpt>
   <trkpt lat="52.5133940" lon="13.2397860">
    <ele>69.8</ele>
    <time>2025-09-18T14:54:42Z</time>
    <extensions>
     <power>275</power>
     <gpxtpx:TrackPointExtension>
      <gpxtpx:hr>180</gpxtpx:hr>
     </gpxtpx:TrackPointExtension>
    </extensions>
   </trkpt>
   <trkpt lat="52.5134080" lon="13.2397620">
    <ele>69.8</ele>
    <time>2025-09-18T14:54:43Z</time>
    <extensions>
     <power>275</power>
     <gpxtpx:TrackPointExtension>
      <gpxtpx:hr>178</gpxtpx:hr>
     </gpxtpx:TrackPointExtension>
    </extensions>
   </trkpt>
   <trkpt lat="52.5134230" lon="13.2397370">
    <ele>69.8</ele>
    <time>2025-09-18T14:54:44Z</time>
    <extensions>
     <power>276</power>
     <gpxtpx:TrackPointExtension>
      <gpxtpx:hr>178</gpxtpx:hr>
     </gpxtpx:TrackPointExtension>
    </extensions>
   </trkpt>
   <trkpt lat="52.5134540" lon="13.2396810">
    <ele>69.8</ele>
    <time>2025-09-18T14:54:45Z</time>
    <extensions>
     <power>276</power>
     <gpxtpx:TrackPointExtension>
      <gpxtpx:hr>178</gpxtpx:hr>
     </gpxtpx:TrackPointExtension>
    </extensions>
   </trkpt>
   <trkpt lat="52.5134640" lon="13.2396630">
    <ele>69.6</ele>
    <time>2025-09-18T14:54:46Z</time>
    <extensions>
     <power>279</power>
     <gpxtpx:TrackPointExtension>
      <gpxtpx:hr>178</gpxtpx:hr>
     </gpxtpx:TrackPointExtension>
    </extensions>
   </trkpt>
   <trkpt lat="52.5134910" lon="13.2396040">
    <ele>69.6</ele>
    <time>2025-09-18T14:54:47Z</time>
    <extensions>
     <power>279</power>
     <gpxtpx:TrackPointExtension>
      <gpxtpx:hr>178</gpxtpx:hr>
     </gpxtpx:TrackPointExtension>
    </extensions>
   </trkpt>
   <trkpt lat="52.5135010" lon="13.2395790">
    <ele>69.4</ele>
    <time>2025-09-18T14:54:48Z</time>
    <extensions>
     <power>279</power>
     <gpxtpx:TrackPointExtension>
      <gpxtpx:hr>178</gpxtpx:hr>
     </gpxtpx:TrackPointExtension>
    </extensions>
   </trkpt>
   <trkpt lat="52.5135110" lon="13.2395550">
    <ele>69.2</ele>
    <time>2025-09-18T14:54:49Z</time>
    <extensions>
     <power>274</power>
     <gpxtpx:TrackPointExtension>
      <gpxtpx:hr>178</gpxtpx:hr>
     </gpxtpx:TrackPointExtension>
    </extensions>
   </trkpt>
   <trkpt lat="52.5135330" lon="13.2394940">
    <ele>69.2</ele>
    <time>2025-09-18T14:54:50Z</time>
    <extensions>
     <power>274</power>
     <gpxtpx:TrackPointExtension>
      <gpxtpx:hr>178</gpxtpx:hr>
     </gpxtpx:TrackPointExtension>
    </extensions>
   </trkpt>
   <trkpt lat="52.5135400" lon="13.2394720">
    <ele>69.0</ele>
    <time>2025-09-18T14:54:51Z</time>
    <extensions>
     <power>276</power>
     <gpxtpx:TrackPointExtension>
      <gpxtpx:hr>178</gpxtpx:hr>
     </gpxtpx:TrackPointExtension>
    </extensions>
   </trkpt>
   <trkpt lat="52.5135660" lon="13.2393940">
    <ele>68.8</ele>
    <time>2025-09-18T14:54:52Z</time>
    <extensions>
     <power>276</power>
     <gpxtpx:TrackPointExtension>
      <gpxtpx:hr>178</gpxtpx:hr>
     </gpxtpx:TrackPointExtension>
    </extensions>
   </trkpt>
   <trkpt lat="52.5135760" lon="13.2393620">
    <ele>68.8</ele>
    <time>2025-09-18T14:54:53Z</time>
    <extensions>
     <power>276</power>
     <gpxtpx:TrackPointExtension>
      <gpxtpx:hr>179</gpxtpx:hr>
     </gpxtpx:TrackPointExtension>
    </extensions>
   </trkpt>
   <trkpt lat="52.5135870" lon="13.2393300">
    <ele>68.6</ele>
    <time>2025-09-18T14:54:54Z</time>
    <extensions>
     <power>279</power>
     <gpxtpx:TrackPointExtension>
      <gpxtpx:hr>179</gpxtpx:hr>
     </gpxtpx:TrackPointExtension>
    </extensions>
   </trkpt>
   <trkpt lat="52.5136130" lon="13.2392540">
    <ele>68.4</ele>
    <time>2025-09-18T14:54:55Z</time>
    <extensions>
     <power>279</power>
     <gpxtpx:TrackPointExtension>
      <gpxtpx:hr>179</gpxtpx:hr>
     </gpxtpx:TrackPointExtension>
    </extensions>
   </trkpt>
   <trkpt lat="52.5136220" lon="13.2392260">
    <ele>68.2</ele>
    <time>2025-09-18T14:54:56Z</time>
    <extensions>
     <power>279</power>
     <gpxtpx:TrackPointExtension>
      <gpxtpx:hr>179</gpxtpx:hr>
     </gpxtpx:TrackPointExtension>
    </extensions>
   </trkpt>
   <trkpt lat="52.5136320" lon="13.2391970">
    <ele>68.2</ele>
    <time>2025-09-18T14:54:57Z</time>
    <extensions>
     <power>280</power>
     <gpxtpx:TrackPointExtension>
      <gpxtpx:hr>179</gpxtpx:hr>
     </gpxtpx:TrackPointExtension>
    </extensions>
   </trkpt>
   <trkpt lat="52.5136490" lon="13.2391340">
    <ele>68.0</ele>
    <time>2025-09-18T14:54:58Z</time>
    <extensions>
     <power>280</power>
     <gpxtpx:TrackPointExtension>
      <gpxtpx:hr>179</gpxtpx:hr>
     </gpxtpx:TrackPointExtension>
    </extensions>
   </trkpt>
   <trkpt lat="52.5136540" lon="13.2391130">
    <ele>67.8</ele>
    <time>2025-09-18T14:54:59Z</time>
    <extensions>
     <power>282</power>
     <gpxtpx:TrackPointExtension>
      <gpxtpx:hr>179</gpxtpx:hr>
     </gpxtpx:TrackPointExtension>
    </extensions>
   </trkpt>
   <trkpt lat="52.5136720" lon="13.2390390">
    <ele>67.6</ele>
    <time>2025-09-18T14:55:00Z</time>
    <extensions>
     <power>282</power>
     <gpxtpx:TrackPointExtension>
      <gpxtpx:hr>179</gpxtpx:hr>
     </gpxtpx:TrackPointExtension>
    </extensions>
   </trkpt>
   <trkpt lat="52.5136790" lon="13.2390100">
    <ele>67.6</ele>
    <time>2025-09-18T14:55:01Z</time>
    <extensions>
     <power>282</power>
     <gpxtpx:TrackPointExtension>
      <gpxtpx:hr>179</gpxtpx:hr>
     </gpxtpx:TrackPointExtension>
    </extensions>
   </trkpt>
   <trkpt lat="52.5136860" lon="13.2389800">
    <ele>67.4</ele>
    <time>2025-09-18T14:55:02Z</time>
    <extensions>
     <power>283</power>
     <gpxtpx:TrackPointExtension>
      <gpxtpx:hr>179</gpxtpx:hr>
     </gpxtpx:TrackPointExtension>
    </extensions>
   </trkpt>
   <trkpt lat="52.5137030" lon="13.2389100">
    <ele>67.2</ele>
    <time>2025-09-18T14:55:03Z</time>
    <extensions>
     <power>283</power>
     <gpxtpx:TrackPointExtension>
      <gpxtpx:hr>179</gpxtpx:hr>
     </gpxtpx:TrackPointExtension>
    </extensions>
   </trkpt>
   <trkpt lat="52.5137090" lon="13.2388860">
    <ele>67.2</ele>
    <time>2025-09-18T14:55:04Z</time>
    <extensions>
     <power>282</power>
     <gpxtpx:TrackPointExtension>
      <gpxtpx:hr>179</gpxtpx:hr>
     </gpxtpx:TrackPointExtension>
    </extensions>
   </trkpt>
   <trkpt lat="52.5137280" lon="13.2388070">
    <ele>67.0</ele>
    <time>2025-09-18T14:55:05Z</time>
    <extensions>
     <power>282</power>
     <gpxtpx:TrackPointExtension>
      <gpxtpx:hr>179</gpxtpx:hr>
     </gpxtpx:TrackPointExtension>
    </extensions>
   </trkpt>
   <trkpt lat="52.5137350" lon="13.2387760">
    <ele>67.0</ele>
    <time>2025-09-18T14:55:06Z</time>
    <extensions>
     <power>282</power>
     <gpxtpx:TrackPointExtension>
      <gpxtpx:hr>179</gpxtpx:hr>
     </gpxtpx:TrackPointExtension>
    </extensions>
   </trkpt>
   <trkpt lat="52.5137420" lon="13.2387440">
    <ele>66.8</ele>
    <time>2025-09-18T14:55:07Z</time>
    <extensions>
     <power>283</power>
     <gpxtpx:TrackPointExtension>
      <gpxtpx:hr>179</gpxtpx:hr>
     </gpxtpx:TrackPointExtension>
    </extensions>
   </trkpt>
   <trkpt lat="52.5137520" lon="13.2386780">
    <ele>66.8</ele>
    <time>2025-09-18T14:55:08Z</time>
    <extensions>
     <power>283</power>
     <gpxtpx:TrackPointExtension>
      <gpxtpx:hr>179</gpxtpx:hr>
     </gpxtpx:TrackPointExtension>
    </extensions>
   </trkpt>
   <trkpt lat="52.5137540" lon="13.2386560">
    <ele>66.8</ele>
    <time>2025-09-18T14:55:09Z</time>
    <extensions>
     <power>278</power>
     <gpxtpx:TrackPointExtension>
      <gpxtpx:hr>179</gpxtpx:hr>
     </gpxtpx:TrackPointExtension>
    </extensions>
   </trkpt>
   <trkpt lat="52.5137610" lon="13.2385830">
    <ele>66.8</ele>
    <time>2025-09-18T14:55:10Z</time>
    <extensions>
     <power>278</power>
     <gpxtpx:TrackPointExtension>
      <gpxtpx:hr>179</gpxtpx:hr>
     </gpxtpx:TrackPointExtension>
    </extensions>
   </trkpt>
   <trkpt lat="52.5137620" lon="13.2385530">
    <ele>66.8</ele>
    <time>2025-09-18T14:55:11Z</time>
    <extensions>
     <power>278</power>
     <gpxtpx:TrackPointExtension>
      <gpxtpx:hr>179</gpxtpx:hr>
     </gpxtpx:TrackPointExtension>
    </extensions>
   </trkpt>
   <trkpt lat="52.5137640" lon="13.2385230">
    <ele>67.0</ele>
    <time>2025-09-18T14:55:12Z</time>
    <extensions>
     <power>273</power>
     <gpxtpx:TrackPointExtension>
      <gpxtpx:hr>179</gpxtpx:hr>
     </gpxtpx:TrackPointExtension>
    </extensions>
   </trkpt>
   <trkpt lat="52.5137630" lon="13.2384410">
    <ele>67.0</ele>
    <time>2025-09-18T14:55:13Z</time>
    <extensions>
     <power>273</power>
     <gpxtpx:TrackPointExtension>
      <gpxtpx:hr>179</gpxtpx:hr>
     </gpxtpx:TrackPointExtension>
    </extensions>
   </trkpt>
   <trkpt lat="52.5137630" lon="13.2384080">
    <ele>67.0</ele>
    <time>2025-09-18T14:55:14Z</time>
    <extensions>
     <power>273</power>
     <gpxtpx:TrackPointExtension>
      <gpxtpx:hr>179</gpxtpx:hr>
     </gpxtpx:TrackPointExtension>
    </extensions>
   </trkpt>
   <trkpt lat="52.5137630" lon="13.2383740">
    <ele>67.0</ele>
    <time>2025-09-18T14:55:15Z</time>
    <extensions>
     <power>283</power>
     <gpxtpx:TrackPointExtension>
      <gpxtpx:hr>179</gpxtpx:hr>
     </gpxtpx:TrackPointExtension>
    </extensions>
   </trkpt>
   <trkpt lat="52.5137700" lon="13.2383020">
    <ele>67.0</ele>
    <time>2025-09-18T14:55:16Z</time>
    <extensions>
     <power>283</power>
     <gpxtpx:TrackPointExtension>
      <gpxtpx:hr>179</gpxtpx:hr>
     </gpxtpx:TrackPointExtension>
    </extensions>
   </trkpt>
   <trkpt lat="52.5137730" lon="13.2382790">
    <ele>67.0</ele>
    <time>2025-09-18T14:55:17Z</time>
    <extensions>
     <power>282</power>
     <gpxtpx:TrackPointExtension>
      <gpxtpx:hr>179</gpxtpx:hr>
     </gpxtpx:TrackPointExtension>
    </extensions>
   </trkpt>
   <trkpt lat="52.5137850" lon="13.2382070">
    <ele>67.2</ele>
    <time>2025-09-18T14:55:18Z</time>
    <extensions>
     <power>282</power>
     <gpxtpx:TrackPointExtension>
      <gpxtpx:hr>179</gpxtpx:hr>
     </gpxtpx:TrackPointExtension>
    </extensions>
   </trkpt>
   <trkpt lat="52.5137910" lon="13.2381780">
    <ele>67.2</ele>
    <time>2025-09-18T14:55:19Z</time>
    <extensions>
     <power>282</power>
     <gpxtpx:TrackPointExtension>
      <gpxtpx:hr>179</gpxtpx:hr>
     </gpxtpx:TrackPointExtension>
    </extensions>
   </trkpt>
   <trkpt lat="52.5137970" lon="13.2381500">
    <ele>67.2</ele>
    <time>2025-09-18T14:55:20Z</time>
    <extensions>
     <power>279</power>
     <gpxtpx:TrackPointExtension>
      <gpxtpx:hr>179</gpxtpx:hr>
     </gpxtpx:TrackPointExtension>
    </extensions>
   </trkpt>
   <trkpt lat="52.5138150" lon="13.2380920">
    <ele>67.4</ele>
    <time>2025-09-18T14:55:21Z</time>
    <extensions>
     <power>279</power>
     <gpxtpx:TrackPointExtension>
      <gpxtpx:hr>179</gpxtpx:hr>
     </gpxtpx:TrackPointExtension>
    </extensions>
   </trkpt>
   <trkpt lat="52.5138210" lon="13.2380730">
    <ele>67.4</ele>
    <time>2025-09-18T14:55:22Z</time>
    <extensions>
     <power>274</power>
     <gpxtpx:TrackPointExtension>
      <gpxtpx:hr>180</gpxtpx:hr>
     </gpxtpx:TrackPointExtension>
    </extensions>
   </trkpt>
   <trkpt lat="52.5138410" lon="13.2380110">
    <ele>67.4</ele>
    <time>2025-09-18T14:55:23Z</time>
    <extensions>
     <power>274</power>
     <gpxtpx:TrackPointExtension>
      <gpxtpx:hr>180</gpxtpx:hr>
     </gpxtpx:TrackPointExtension>
    </extensions>
   </trkpt>
   <trkpt lat="52.5138480" lon="13.2379870">
    <ele>67.4</ele>
    <time>2025-09-18T14:55:24Z</time>
    <extensions>
     <power>274</power>
     <gpxtpx:TrackPointExtension>
      <gpxtpx:hr>180</gpxtpx:hr>
     </gpxtpx:TrackPointExtension>
    </extensions>
   </trkpt>
   <trkpt lat="52.5138560" lon="13.2379620">
    <ele>67.6</ele>
    <time>2025-09-18T14:55:25Z</time>
    <extensions>
     <power>273</power>
     <gpxtpx:TrackPointExtension>
      <gpxtpx:hr>180</gpxtpx:hr>
     </gpxtpx:TrackPointExtension>
    </extensions>
   </trkpt>
   <trkpt lat="52.5138720" lon="13.2378960">
    <ele>67.6</ele>
    <time>2025-09-18T14:55:26Z</time>
    <extensions>
     <power>273</power>
     <gpxtpx:TrackPointExtension>
      <gpxtpx:hr>180</gpxtpx:hr>
     </gpxtpx:TrackPointExtension>
    </extensions>
   </trkpt>
   <trkpt lat="52.5138780" lon="13.2378700">
    <ele>67.6</ele>
    <time>2025-09-18T14:55:27Z</time>
    <extensions>
     <power>273</power>
     <gpxtpx:TrackPointExtension>
      <gpxtpx:hr>180</gpxtpx:hr>
     </gpxtpx:TrackPointExtension>
    </extensions>
   </trkpt>
   <trkpt lat="52.5138840" lon="13.2378430">
    <ele>67.6</ele>
    <time>2025-09-18T14:55:28Z</time>
    <extensions>
     <power>275</power>
     <gpxtpx:TrackPointExtension>
      <gpxtpx:hr>180</gpxtpx:hr>
     </gpxtpx:TrackPointExtension>
    </extensions>
   </trkpt>
   <trkpt lat="52.5138970" lon="13.2377810">
    <ele>67.6</ele>
    <time>2025-09-18T14:55:29Z</time>
    <extensions>
     <power>275</power>
     <gpxtpx:TrackPointExtension>
      <gpxtpx:hr>180</gpxtpx:hr>
     </gpxtpx:TrackPointExtension>
    </extensions>
   </trkpt>
   <trkpt lat="52.5139020" lon="13.2377600">
    <ele>67.6</ele>
    <time>2025-09-18T14:55:30Z</time>
    <extensions>
     <power>270</power>
     <gpxtpx:TrackPointExtension>
      <gpxtpx:hr>181</gpxtpx:hr>
     </gpxtpx:TrackPointExtension>
    </extensions>
   </trkpt>
   <trkpt lat="52.5139290" lon="13.2376990">
    <ele>67.6</ele>
    <time>2025-09-18T14:55:31Z</time>
    <extensions>
     <power>270</power>
     <gpxtpx:TrackPointExtension>
      <gpxtpx:hr>181</gpxtpx:hr>
     </gpxtpx:TrackPointExtension>
    </extensions>
   </trkpt>
   <trkpt lat="52.5139420" lon="13.2376780">
    <ele>67.6</ele>
    <time>2025-09-18T14:55:32Z</time>
    <extensions>
     <power>270</power>
     <gpxtpx:TrackPointExtension>
      <gpxtpx:hr>181</gpxtpx:hr>
     </gpxtpx:TrackPointExtension>
    </extensions>
   </trkpt>
   <trkpt lat="52.5139560" lon="13.2376560">
    <ele>67.6</ele>
    <time>2025-09-18T14:55:33Z</time>
    <extensions>
     <power>271</power>
     <gpxtpx:TrackPointExtension>
      <gpxtpx:hr>182</gpxtpx:hr>
     </gpxtpx:TrackPointExtension>
    </extensions>
   </trkpt>
   <trkpt lat="52.5140000" lon="13.2376220">
    <ele>67.6</ele>
    <time>2025-09-18T14:55:34Z</time>
    <extensions>
     <power>271</power>
     <gpxtpx:TrackPointExtension>
      <gpxtpx:hr>182</gpxtpx:hr>
     </gpxtpx:TrackPointExtension>
    </extensions>
   </trkpt>
   <trkpt lat="52.5140150" lon="13.2376130">
    <ele>67.6</ele>
    <time>2025-09-18T14:55:35Z</time>
    <extensions>
     <power>272</power>
     <gpxtpx:TrackPointExtension>
      <gpxtpx:hr>182</gpxtpx:hr>
     </gpxtpx:TrackPointExtension>
    </extensions>
   </trkpt>
   <trkpt lat="52.5140700" lon="13.2375910">
    <ele>67.6</ele>
    <time>2025-09-18T14:55:36Z</time>
    <extensions>
     <power>272</power>
     <gpxtpx:TrackPointExtension>
      <gpxtpx:hr>182</gpxtpx:hr>
     </gpxtpx:TrackPointExtension>
    </extensions>
   </trkpt>
   <trkpt lat="52.5140920" lon="13.2375850">
    <ele>67.6</ele>
    <time>2025-09-18T14:55:37Z</time>
    <extensions>
     <power>272</power>
     <gpxtpx:TrackPointExtension>
      <gpxtpx:hr>181</gpxtpx:hr>
     </gpxtpx:TrackPointExtension>
    </extensions>
   </trkpt>
   <trkpt lat="52.5141150" lon="13.2375780">
    <ele>67.6</ele>
    <time>2025-09-18T14:55:38Z</time>
    <extensions>
     <power>276</power>
     <gpxtpx:TrackPointExtension>
      <gpxtpx:hr>181</gpxtpx:hr>
     </gpxtpx:TrackPointExtension>
    </extensions>
   </trkpt>
   <trkpt lat="52.5141630" lon="13.2375640">
    <ele>67.6</ele>
    <time>2025-09-18T14:55:39Z</time>
    <extensions>
     <power>276</power>
     <gpxtpx:TrackPointExtension>
      <gpxtpx:hr>181</gpxtpx:hr>
     </gpxtpx:TrackPointExtension>
    </extensions>
   </trkpt>
   <trkpt lat="52.5141770" lon="13.2375580">
    <ele>67.6</ele>
    <time>2025-09-18T14:55:40Z</time>
    <extensions>
     <power>276</power>
     <gpxtpx:TrackPointExtension>
      <gpxtpx:hr>181</gpxtpx:hr>
     </gpxtpx:TrackPointExtension>
    </extensions>
   </trkpt>
   <trkpt lat="52.5142200" lon="13.2375310">
    <ele>67.8</ele>
    <time>2025-09-18T14:55:41Z</time>
    <extensions>
     <power>276</power>
     <gpxtpx:TrackPointExtension>
      <gpxtpx:hr>181</gpxtpx:hr>
     </gpxtpx:TrackPointExtension>
    </extensions>
   </trkpt>
   <trkpt lat="52.5142370" lon="13.2375180">
    <ele>67.8</ele>
    <time>2025-09-18T14:55:42Z</time>
    <extensions>
     <power>276</power>
     <gpxtpx:TrackPointExtension>
      <gpxtpx:hr>181</gpxtpx:hr>
     </gpxtpx:TrackPointExtension>
    </extensions>
   </trkpt>
   <trkpt lat="52.5142530" lon="13.2375050">
    <ele>67.8</ele>
    <time>2025-09-18T14:55:43Z</time>
    <extensions>
     <power>271</power>
     <gpxtpx:TrackPointExtension>
      <gpxtpx:hr>181</gpxtpx:hr>
     </gpxtpx:TrackPointExtension>
    </extensions>
   </trkpt>
   <trkpt lat="52.5142880" lon="13.2374560">
    <ele>67.8</ele>
    <time>2025-09-18T14:55:44Z</time>
    <extensions>
     <power>271</power>
     <gpxtpx:TrackPointExtension>
      <gpxtpx:hr>181</gpxtpx:hr>
     </gpxtpx:TrackPointExtension>
    </extensions>
   </trkpt>
   <trkpt lat="52.5143000" lon="13.2374330">
    <ele>68.0</ele>
    <time>2025-09-18T14:55:45Z</time>
    <extensions>
     <power>271</power>
     <gpxtpx:TrackPointExtension>
      <gpxtpx:hr>181</gpxtpx:hr>
     </gpxtpx:TrackPointExtension>
    </extensions>
   </trkpt>
   <trkpt lat="52.5143130" lon="13.2374110">
    <ele>68.0</ele>
    <time>2025-09-18T14:55:46Z</time>
    <extensions>
     <power>269</power>
     <gpxtpx:TrackPointExtension>
      <gpxtpx:hr>181</gpxtpx:hr>
     </gpxtpx:TrackPointExtension>
    </extensions>
   </trkpt>
   <trkpt lat="52.5143390" lon="13.2373550">
    <ele>68.2</ele>
    <time>2025-09-18T14:55:47Z</time>
    <extensions>
     <power>269</power>
     <gpxtpx:TrackPointExtension>
      <gpxtpx:hr>181</gpxtpx:hr>
     </gpxtpx:TrackPointExtension>
    </extensions>
   </trkpt>
   <trkpt lat="52.5143470" lon="13.2373360">
    <ele>68.4</ele>
    <time>2025-09-18T14:55:48Z</time>
    <extensions>
     <power>266</power>
     <gpxtpx:TrackPointExtension>
      <gpxtpx:hr>181</gpxtpx:hr>
     </gpxtpx:TrackPointExtension>
    </extensions>
   </trkpt>
   <trkpt lat="52.5143650" lon="13.2373010">
    <ele>68.4</ele>
    <time>2025-09-18T14:55:49Z</time>
    <extensions>
     <power>266</power>
     <gpxtpx:TrackPointExtension>
      <gpxtpx:hr>179</gpxtpx:hr>
     </gpxtpx:TrackPointExtension>
    </extensions>
   </trkpt>
   <trkpt lat="52.5143850" lon="13.2372690">
    <ele>68.6</ele>
    <time>2025-09-18T14:55:51Z</time>
    <extensions>
     <power>267</power>
     <gpxtpx:TrackPointExtension>
      <gpxtpx:hr>179</gpxtpx:hr>
     </gpxtpx:TrackPointExtension>
    </extensions>
   </trkpt>
   <trkpt lat="52.5144170" lon="13.2372200">
    <ele>68.8</ele>
    <time>2025-09-18T14:55:52Z</time>
    <extensions>
     <power>267</power>
     <gpxtpx:TrackPointExtension>
      <gpxtpx:hr>179</gpxtpx:hr>
     </gpxtpx:TrackPointExtension>
    </extensions>
   </trkpt>
   <trkpt lat="52.5144270" lon="13.2372020">
    <ele>69.0</ele>
    <time>2025-09-18T14:55:53Z</time>
    <extensions>
     <power>277</power>
     <gpxtpx:TrackPointExtension>
      <gpxtpx:hr>179</gpxtpx:hr>
     </gpxtpx:TrackPointExtension>
    </extensions>
   </trkpt>
   <trkpt lat="52.5144520" lon="13.2371300">
    <ele>69.2</ele>
    <time>2025-09-18T14:55:54Z</time>
    <extensions>
     <power>277</power>
     <gpxtpx:TrackPointExtension>
      <gpxtpx:hr>179</gpxtpx:hr>
     </gpxtpx:TrackPointExtension>
    </extensions>
   </trkpt>
   <trkpt lat="52.5144580" lon="13.2370990">
    <ele>69.4</ele>
    <time>2025-09-18T14:55:55Z</time>
    <extensions>
     <power>277</power>
     <gpxtpx:TrackPointExtension>
      <gpxtpx:hr>179</gpxtpx:hr>
     </gpxtpx:TrackPointExtension>
    </extensions>
   </trkpt>
   <trkpt lat="52.5144650" lon="13.2370680">
    <ele>69.6</ele>
    <time>2025-09-18T14:55:56Z</time>
    <extensions>
     <power>282</power>
     <gpxtpx:TrackPointExtension>
      <gpxtpx:hr>179</gpxtpx:hr>
     </gpxtpx:TrackPointExtension>
    </extensions>
   </trkpt>
   <trkpt lat="52.5144660" lon="13.2369850">
    <ele>69.8</ele>
    <time>2025-09-18T14:55:57Z</time>
    <extensions>
     <power>282</power>
     <gpxtpx:TrackPointExtension>
      <gpxtpx:hr>179</gpxtpx:hr>
     </gpxtpx:TrackPointExtension>
    </extensions>
   </trkpt>
   <trkpt lat="52.5144630" lon="13.2369510">
    <ele>69.8</ele>
    <time>2025-09-18T14:55:58Z</time>
    <extensions>
     <power>282</power>
     <gpxtpx:TrackPointExtension>
      <gpxtpx:hr>179</gpxtpx:hr>
     </gpxtpx:TrackPointExtension>
    </extensions>
   </trkpt>
   <trkpt lat="52.5144610" lon="13.2369180">
    <ele>70.0</ele>
    <time>2025-09-18T14:55:59Z</time>
    <extensions>
     <power>283</power>
     <gpxtpx:TrackPointExtension>
      <gpxtpx:hr>179</gpxtpx:hr>
     </gpxtpx:TrackPointExtension>
    </extensions>
   </trkpt>
   <trkpt lat="52.5144450" lon="13.2368490">
    <ele>70.0</ele>
    <time>2025-09-18T14:56:00Z</time>
    <extensions>
     <power>283</power>
     <gpxtpx:TrackPointExtension>
      <gpxtpx:hr>179</gpxtpx:hr>
     </gpxtpx:TrackPointExtension>
    </extensions>
   </trkpt>
   <trkpt lat="52.5144380" lon="13.2368280">
    <ele>70.2</ele>
    <time>2025-09-18T14:56:01Z</time>
    <extensions>
     <power>286</power>
     <gpxtpx:TrackPointExtension>
      <gpxtpx:hr>179</gpxtpx:hr>
     </gpxtpx:TrackPointExtension>
    </extensions>
   </trkpt>
   <trkpt lat="52.5143990" lon="13.2367700">
    <ele>70.4</ele>
    <time>2025-09-18T14:56:02Z</time>
    <extensions>
     <power>286</power>
     <gpxtpx:TrackPointExtension>
      <gpxtpx:hr>179</gpxtpx:hr>
     </gpxtpx:TrackPointExtension>
    </extensions>
   </trkpt>
   <trkpt lat="52.5143790" lon="13.2367500">
    <ele>70.4</ele>
    <time>2025-09-18T14:56:03Z</time>
    <extensions>
     <power>286</power>
     <gpxtpx:TrackPointExtension>
      <gpxtpx:hr>179</gpxtpx:hr>
     </gpxtpx:TrackPointExtension>
    </extensions>
   </trkpt>
   <trkpt lat="52.5143600" lon="13.2367300">
    <ele>70.4</ele>
    <time>2025-09-18T14:56:04Z</time>
    <extensions>
     <power>288</power>
     <gpxtpx:TrackPointExtension>
      <gpxtpx:hr>179</gpxtpx:hr>
     </gpxtpx:TrackPointExtension>
    </extensions>
   </trkpt>
   <trkpt lat="52.5143100" lon="13.2367040">
    <ele>70.4</ele>
    <time>2025-09-18T14:56:05Z</time>
    <extensions>
     <power>288</power>
     <gpxtpx:TrackPointExtension>
      <gpxtpx:hr>179</gpxtpx:hr>
     </gpxtpx:TrackPointExtension>
    </extensions>
   </trkpt>
   <trkpt lat="52.5142930" lon="13.2366970">
    <ele>70.6</ele>
    <time>2025-09-18T14:56:06Z</time>
    <extensions>
     <power>283</power>
     <gpxtpx:TrackPointExtension>
      <gpxtpx:hr>179</gpxtpx:hr>
     </gpxtpx:TrackPointExtension>
    </extensions>
   </trkpt>
   <trkpt lat="52.5142270" lon="13.2366890">
    <ele>70.6</ele>
    <time>2025-09-18T14:56:07Z</time>
    <extensions>
     <power>283</power>
     <gpxtpx:TrackPointExtension>
      <gpxtpx:hr>179</gpxtpx:hr>
     </gpxtpx:TrackPointExtension>
    </extensions>
   </trkpt>
   <trkpt lat="52.5141950" lon="13.2366890">
    <ele>70.4</ele>
    <time>2025-09-18T14:56:08Z</time>
    <extensions>
     <power>283</power>
     <gpxtpx:TrackPointExtension>
      <gpxtpx:hr>179</gpxtpx:hr>
     </gpxtpx:TrackPointExtension>
    </extensions>
   </trkpt>
   <trkpt lat="52.5141620" lon="13.2366900">
    <ele>70.4</ele>
    <time>2025-09-18T14:56:09Z</time>
    <extensions>
     <power>281</power>
     <gpxtpx:TrackPointExtension>
      <gpxtpx:hr>179</gpxtpx:hr>
     </gpxtpx:TrackPointExtension>
    </extensions>
   </trkpt>
   <trkpt lat="52.5141160" lon="13.2367090">
    <ele>70.4</ele>
    <time>2025-09-18T14:56:10Z</time>
    <extensions>
     <power>281</power>
     <gpxtpx:TrackPointExtension>
      <gpxtpx:hr>180</gpxtpx:hr>
     </gpxtpx:TrackPointExtension>
    </extensions>
   </trkpt>
   <trkpt lat="52.5141000" lon="13.2367160">
    <ele>70.4</ele>
    <time>2025-09-18T14:56:11Z</time>
    <extensions>
     <power>286</power>
     <gpxtpx:TrackPointExtension>
      <gpxtpx:hr>180</gpxtpx:hr>
     </gpxtpx:TrackPointExtension>
    </extensions>
   </trkpt>
   <trkpt lat="52.5140440" lon="13.2367350">
    <ele>70.2</ele>
    <time>2025-09-18T14:56:12Z</time>
    <extensions>
     <power>286</power>
     <gpxtpx:TrackPointExtension>
      <gpxtpx:hr>180</gpxtpx:hr>
     </gpxtpx:TrackPointExtension>
    </extensions>
   </trkpt>
   <trkpt lat="52.5140200" lon="13.2367400">
    <ele>70.2</ele>
    <time>2025-09-18T14:56:13Z</time>
    <extensions>
     <power>286</power>
     <gpxtpx:TrackPointExtension>
      <gpxtpx:hr>181</gpxtpx:hr>
     </gpxtpx:TrackPointExtension>
    </extensions>
   </trkpt>
   <trkpt lat="52.5139970" lon="13.2367460">
    <ele>70.0</ele>
    <time>2025-09-18T14:56:14Z</time>
    <extensions>
     <power>285</power>
     <gpxtpx:TrackPointExtension>
      <gpxtpx:hr>181</gpxtpx:hr>
     </gpxtpx:TrackPointExtension>
    </extensions>
   </trkpt>
   <trkpt lat="52.5139420" lon="13.2367550">
    <ele>70.0</ele>
    <time>2025-09-18T14:56:15Z</time>
    <extensions>
     <power>285</power>
     <gpxtpx:TrackPointExtension>
      <gpxtpx:hr>181</gpxtpx:hr>
     </gpxtpx:TrackPointExtension>
    </extensions>
   </trkpt>
   <trkpt lat="52.5139210" lon="13.2367590">
    <ele>69.8</ele>
    <time>2025-09-18T14:56:16Z</time>
    <extensions>
     <power>285</power>
     <gpxtpx:TrackPointExtension>
      <gpxtpx:hr>181</gpxtpx:hr>
     </gpxtpx:TrackPointExtension>
    </extensions>
   </trkpt>
   <trkpt lat="52.5139000" lon="13.2367630">
    <ele>69.8</ele>
    <time>2025-09-18T14:56:17Z</time>
    <extensions>
     <power>285</power>
     <gpxtpx:TrackPointExtension>
      <gpxtpx:hr>181</gpxtpx:hr>
     </gpxtpx:TrackPointExtension>
    </extensions>
   </trkpt>
   <trkpt lat="52.5138560" lon="13.2367730">
    <ele>69.6</ele>
    <time>2025-09-18T14:56:18Z</time>
    <extensions>
     <power>285</power>
     <gpxtpx:TrackPointExtension>
      <gpxtpx:hr>181</gpxtpx:hr>
     </gpxtpx:TrackPointExtension>
    </extensions>
   </trkpt>
   <trkpt lat="52.5138410" lon="13.2367760">
    <ele>69.6</ele>
    <time>2025-09-18T14:56:19Z</time>
    <extensions>
     <power>287</power>
     <gpxtpx:TrackPointExtension>
      <gpxtpx:hr>181</gpxtpx:hr>
     </gpxtpx:TrackPointExtension>
    </extensions>
   </trkpt>
   <trkpt lat="52.5137930" lon="13.2367850">
    <ele>69.4</ele>
    <time>2025-09-18T14:56:20Z</time>
    <extensions>
     <power>287</power>
     <gpxtpx:TrackPointExtension>
      <gpxtpx:hr>181</gpxtpx:hr>
     </gpxtpx:TrackPointExtension>
    </extensions>
   </trkpt>
   <trkpt lat="52.5137740" lon="13.2367890">
    <ele>69.4</ele>
    <time>2025-09-18T14:56:21Z</time>
    <extensions>
     <power>287</power>
     <gpxtpx:TrackPointExtension>
      <gpxtpx:hr>182</gpxtpx:hr>
     </gpxtpx:TrackPointExtension>
    </extensions>
   </trkpt>
   <trkpt lat="52.5137550" lon="13.2367930">
    <ele>69.2</ele>
    <time>2025-09-18T14:56:22Z</time>
    <extensions>
     <power>284</power>
     <gpxtpx:TrackPointExtension>
      <gpxtpx:hr>182</gpxtpx:hr>
     </gpxtpx:TrackPointExtension>
    </extensions>
   </trkpt>
   <trkpt lat="52.5137100" lon="13.2367990">
    <ele>69.2</ele>
    <time>2025-09-18T14:56:23Z</time>
    <extensions>
     <power>284</power>
     <gpxtpx:TrackPointExtension>
      <gpxtpx:hr>182</gpxtpx:hr>
     </gpxtpx:TrackPointExtension>
    </extensions>
   </trkpt>
   <trkpt lat="52.5136950" lon="13.2368000">
    <ele>69.2</ele>
    <time>2025-09-18T14:56:24Z</time>
    <extensions>
     <power>286</power>
     <gpxtpx:TrackPointExtension>
      <gpxtpx:hr>182</gpxtpx:hr>
     </gpxtpx:TrackPointExtension>
    </extensions>
   </trkpt>
   <trkpt lat="52.5136450" lon="13.2368070">
    <ele>69.0</ele>
    <time>2025-09-18T14:56:25Z</time>
    <extensions>
     <power>286</power>
     <gpxtpx:TrackPointExtension>
      <gpxtpx:hr>182</gpxtpx:hr>
     </gpxtpx:TrackPointExtension>
    </extensions>
   </trkpt>
   <trkpt lat="52.5136240" lon="13.2368100">
    <ele>69.0</ele>
    <time>2025-09-18T14:56:26Z</time>
    <extensions>
     <power>286</power>
     <gpxtpx:TrackPointExtension>
      <gpxtpx:hr>182</gpxtpx:hr>
     </gpxtpx:TrackPointExtension>
    </extensions>
   </trkpt>
   <trkpt lat="52.5136030" lon="13.2368140">
    <ele>69.0</ele>
    <time>2025-09-18T14:56:27Z</time>
    <extensions>
     <power>287</power>
     <gpxtpx:TrackPointExtension>
      <gpxtpx:hr>182</gpxtpx:hr>
     </gpxtpx:TrackPointExtension>
    </extensions>
   </trkpt>
   <trkpt lat="52.5135550" lon="13.2368130">
    <ele>68.8</ele>
    <time>2025-09-18T14:56:28Z</time>
    <extensions>
     <power>287</power>
     <gpxtpx:TrackPointExtension>
      <gpxtpx:hr>182</gpxtpx:hr>
     </gpxtpx:TrackPointExtension>
    </extensions>
   </trkpt>
   <trkpt lat="52.5135360" lon="13.2368120">
    <ele>68.8</ele>
    <time>2025-09-18T14:56:29Z</time>
    <extensions>
     <power>287</power>
     <gpxtpx:TrackPointExtension>
      <gpxtpx:hr>182</gpxtpx:hr>
     </gpxtpx:TrackPointExtension>
    </extensions>
   </trkpt>
   <trkpt lat="52.5135170" lon="13.2368100">
    <ele>68.8</ele>
    <time>2025-09-18T14:56:30Z</time>
    <extensions>
     <power>284</power>
     <gpxtpx:TrackPointExtension>
      <gpxtpx:hr>184</gpxtpx:hr>
     </gpxtpx:TrackPointExtension>
    </extensions>
   </trkpt>
   <trkpt lat="52.5134770" lon="13.2368020">
    <ele>68.8</ele>
    <time>2025-09-18T14:56:31Z</time>
    <extensions>
     <power>284</power>
     <gpxtpx:TrackPointExtension>
      <gpxtpx:hr>184</gpxtpx:hr>
     </gpxtpx:TrackPointExtension>
    </extensions>
   </trkpt>
   <trkpt lat="52.5134640" lon="13.2367990">
    <ele>69.0</ele>
    <time>2025-09-18T14:56:32Z</time>
    <extensions>
     <power>282</power>
     <gpxtpx:TrackPointExtension>
      <gpxtpx:hr>184</gpxtpx:hr>
     </gpxtpx:TrackPointExtension>
    </extensions>
   </trkpt>
   <trkpt lat="52.5134170" lon="13.2367870">
    <ele>69.0</ele>
    <time>2025-09-18T14:56:33Z</time>
    <extensions>
     <power>282</power>
     <gpxtpx:TrackPointExtension>
      <gpxtpx:hr>184</gpxtpx:hr>
     </gpxtpx:TrackPointExtension>
    </extensions>
   </trkpt>
   <trkpt lat="52.5133970" lon="13.2367820">
    <ele>69.0</ele>
    <time>2025-09-18T14:56:34Z</time>
    <extensions>
     <power>282</power>
     <gpxtpx:TrackPointExtension>
      <gpxtpx:hr>184</gpxtpx:hr>
     </gpxtpx:TrackPointExtension>
    </extensions>
   </trkpt>
   <trkpt lat="52.5133770" lon="13.2367770">
    <ele>69.0</ele>
    <time>2025-09-18T14:56:35Z</time>
    <extensions>
     <power>287</power>
     <gpxtpx:TrackPointExtension>
      <gpxtpx:hr>184</gpxtpx:hr>
     </gpxtpx:TrackPointExtension>
    </extensions>
   </trkpt>
   <trkpt lat="52.5133250" lon="13.2367640">
    <ele>69.0</ele>
    <time>2025-09-18T14:56:36Z</time>
    <extensions>
     <power>287</power>
     <gpxtpx:TrackPointExtension>
      <gpxtpx:hr>184</gpxtpx:hr>
     </gpxtpx:TrackPointExtension>
    </extensions>
   </trkpt>
   <trkpt lat="52.5133060" lon="13.2367590">
    <ele>69.2</ele>
    <time>2025-09-18T14:56:37Z</time>
    <extensions>
     <power>294</power>
     <gpxtpx:TrackPointExtension>
      <gpxtpx:hr>184</gpxtpx:hr>
     </gpxtpx:TrackPointExtension>
    </extensions>
   </trkpt>
   <trkpt lat="52.5132430" lon="13.2367450">
    <ele>69.2</ele>
    <time>2025-09-18T14:56:38Z</time>
    <extensions>
     <power>294</power>
     <gpxtpx:TrackPointExtension>
      <gpxtpx:hr>184</gpxtpx:hr>
     </gpxtpx:TrackPointExtension>
    </extensions>
   </trkpt>
   <trkpt lat="52.5132180" lon="13.2367390">
    <ele>69.2</ele>
    <time>2025-09-18T14:56:39Z</time>
    <extensions>
     <power>294</power>
     <gpxtpx:TrackPointExtension>
      <gpxtpx:hr>184</gpxtpx:hr>
     </gpxtpx:TrackPointExtension>
    </extensions>
   </trkpt>
   <trkpt lat="52.5131930" lon="13.2367340">
    <ele>69.2</ele>
    <time>2025-09-18T14:56:40Z</time>
    <extensions>
     <power>296</power>
     <gpxtpx:TrackPointExtension>
      <gpxtpx:hr>184</gpxtpx:hr>
     </gpxtpx:TrackPointExtension>
    </extensions>
   </trkpt>
   <trkpt lat="52.5131430" lon="13.2367310">
    <ele>69.2</ele>
    <time>2025-09-18T14:56:41Z</time>
    <extensions>
     <power>296</power>
     <gpxtpx:TrackPointExtension>
      <gpxtpx:hr>184</gpxtpx:hr>
     </gpxtpx:TrackPointExtension>
    </extensions>
   </trkpt>
   <trkpt lat="52.5131270" lon="13.2367320">
    <ele>69.2</ele>
    <time>2025-09-18T14:56:42Z</time>
    <extensions>
     <power>294</power>
     <gpxtpx:TrackPointExtension>
      <gpxtpx:hr>184</gpxtpx:hr>
     </gpxtpx:TrackPointExtension>
    </extensions>
   </trkpt>
   <trkpt lat="52.5130810" lon="13.2367470">
    <ele>69.4</ele>
    <time>2025-09-18T14:56:43Z</time>
    <extensions>
     <power>294</power>
     <gpxtpx:TrackPointExtension>
      <gpxtpx:hr>184</gpxtpx:hr>
     </gpxtpx:TrackPointExtension>
    </extensions>
   </trkpt>
   <trkpt lat="52.5130630" lon="13.2367550">
    <ele>69.2</ele>
    <time>2025-09-18T14:56:44Z</time>
    <extensions>
     <power>294</power>
     <gpxtpx:TrackPointExtension>
      <gpxtpx:hr>184</gpxtpx:hr>
     </gpxtpx:TrackPointExtension>
    </extensions>
   </trkpt>
   <trkpt lat="52.5130450" lon="13.2367620">
    <ele>69.2</ele>
    <time>2025-09-18T14:56:45Z</time>
    <extensions>
     <power>291</power>
     <gpxtpx:TrackPointExtension>
      <gpxtpx:hr>184</gpxtpx:hr>
     </gpxtpx:TrackPointExtension>
    </extensions>
   </trkpt>
   <trkpt lat="52.5129970" lon="13.2367770">
    <ele>69.2</ele>
    <time>2025-09-18T14:56:46Z</time>
    <extensions>
     <power>291</power>
     <gpxtpx:TrackPointExtension>
      <gpxtpx:hr>184</gpxtpx:hr>
     </gpxtpx:TrackPointExtension>
    </extensions>
   </trkpt>
   <trkpt lat="52.5129770" lon="13.2367820">
    <ele>69.2</ele>
    <time>2025-09-18T14:56:47Z</time>
    <extensions>
     <power>291</power>
     <gpxtpx:TrackPointExtension>
      <gpxtpx:hr>184</gpxtpx:hr>
     </gpxtpx:TrackPointExtension>
    </extensions>
   </trkpt>
   <trkpt lat="52.5129580" lon="13.2367870">
    <ele>69.2</ele>
    <time>2025-09-18T14:56:48Z</time>
    <extensions>
     <power>289</power>
     <gpxtpx:TrackPointExtension>
      <gpxtpx:hr>184</gpxtpx:hr>
     </gpxtpx:TrackPointExtension>
    </extensions>
   </trkpt>
   <trkpt lat="52.5129150" lon="13.2367900">
    <ele>69.2</ele>
    <time>2025-09-18T14:56:49Z</time>
    <extensions>
     <power>289</power>
     <gpxtpx:TrackPointExtension>
      <gpxtpx:hr>184</gpxtpx:hr>
     </gpxtpx:TrackPointExtension>
    </extensions>
   </trkpt>
   <trkpt lat="52.5129000" lon="13.2367900">
    <ele>69.0</ele>
    <time>2025-09-18T14:56:50Z</time>
    <extensions>
     <power>292</power>
     <gpxtpx:TrackPointExtension>
      <gpxtpx:hr>184</gpxtpx:hr>
     </gpxtpx:TrackPointExtension>
    </extensions>
   </trkpt>
   <trkpt lat="52.5128520" lon="13.2367660">
    <ele>69.2</ele>
    <time>2025-09-18T14:56:51Z</time>
    <extensions>
     <power>292</power>
     <gpxtpx:TrackPointExtension>
      <gpxtpx:hr>184</gpxtpx:hr>
     </gpxtpx:TrackPointExtension>
    </extensions>
   </trkpt>
   <trkpt lat="52.5128340" lon="13.2367510">
    <ele>69.2</ele>
    <time>2025-09-18T14:56:52Z</time>
    <extensions>
     <power>292</power>
     <gpxtpx:TrackPointExtension>
      <gpxtpx:hr>184</gpxtpx:hr>
     </gpxtpx:TrackPointExtension>
    </extensions>
   </trkpt>
   <trkpt lat="52.5128160" lon="13.2367360">
    <ele>69.2</ele>
    <time>2025-09-18T14:56:53Z</time>
    <extensions>
     <power>294</power>
     <gpxtpx:TrackPointExtension>
      <gpxtpx:hr>184</gpxtpx:hr>
     </gpxtpx:TrackPointExtension>
    </extensions>
   </trkpt>
   <trkpt lat="52.5127930" lon="13.2366820">
    <ele>69.2</ele>
    <time>2025-09-18T14:56:54Z</time>
    <extensions>
     <power>294</power>
     <gpxtpx:TrackPointExtension>
      <gpxtpx:hr>184</gpxtpx:hr>
     </gpxtpx:TrackPointExtension>
    </extensions>
   </trkpt>
   <trkpt lat="52.5127870" lon="13.2366620">
    <ele>69.2</ele>
    <time>2025-09-18T14:56:55Z</time>
    <extensions>
     <power>286</power>
     <gpxtpx:TrackPointExtension>
      <gpxtpx:hr>184</gpxtpx:hr>
     </gpxtpx:TrackPointExtension>
    </extensions>
   </trkpt>
   <trkpt lat="52.5127790" lon="13.2365850">
    <ele>69.2</ele>
    <time>2025-09-18T14:56:56Z</time>
    <extensions>
     <power>286</power>
     <gpxtpx:TrackPointExtension>
      <gpxtpx:hr>184</gpxtpx:hr>
     </gpxtpx:TrackPointExtension>
    </extensions>
   </trkpt>
   <trkpt lat="52.5127770" lon="13.2365510">
    <ele>69.2</ele>
    <time>2025-09-18T14:56:57Z</time>
    <extensions>
     <power>286</power>
     <gpxtpx:TrackPointExtension>
      <gpxtpx:hr>184</gpxtpx:hr>
     </gpxtpx:TrackPointExtension>
    </extensions>
   </trkpt>
   <trkpt lat="52.5127750" lon="13.2365180">
    <ele>69.2</ele>
    <time>2025-09-18T14:56:58Z</time>
    <extensions>
     <power>286</power>
     <gpxtpx:TrackPointExtension>
      <gpxtpx:hr>184</gpxtpx:hr>
     </gpxtpx:TrackPointExtension>
    </extensions>
   </trkpt>
   <trkpt lat="52.5127680" lon="13.2364280">
    <ele>69.2</ele>
    <time>2025-09-18T14:56:59Z</time>
    <extensions>
     <power>286</power>
     <gpxtpx:TrackPointExtension>
      <gpxtpx:hr>184</gpxtpx:hr>
     </gpxtpx:TrackPointExtension>
    </extensions>
   </trkpt>
   <trkpt lat="52.5127660" lon="13.2363900">
    <ele>69.2</ele>
    <time>2025-09-18T14:57:00Z</time>
    <extensions>
     <power>286</power>
     <gpxtpx:TrackPointExtension>
      <gpxtpx:hr>185</gpxtpx:hr>
     </gpxtpx:TrackPointExtension>
    </extensions>
   </trkpt>
   <trkpt lat="52.5127630" lon="13.2363530">
    <ele>69.2</ele>
    <time>2025-09-18T14:57:01Z</time>
    <extensions>
     <power>290</power>
     <gpxtpx:TrackPointExtension>
      <gpxtpx:hr>185</gpxtpx:hr>
     </gpxtpx:TrackPointExtension>
    </extensions>
   </trkpt>
   <trkpt lat="52.5127570" lon="13.2362700">
    <ele>69.2</ele>
    <time>2025-09-18T14:57:02Z</time>
    <extensions>
     <power>290</power>
     <gpxtpx:TrackPointExtension>
      <gpxtpx:hr>185</gpxtpx:hr>
     </gpxtpx:TrackPointExtension>
    </extensions>
   </trkpt>
   <trkpt lat="52.5127540" lon="13.2362430">
    <ele>69.2</ele>
    <time>2025-09-18T14:57:03Z</time>
    <extensions>
     <power>291</power>
     <gpxtpx:TrackPointExtension>
      <gpxtpx:hr>185</gpxtpx:hr>
     </gpxtpx:TrackPointExtension>
    </extensions>
   </trkpt>
   <trkpt lat="52.5127440" lon="13.2361600">
    <ele>69.2</ele>
    <time>2025-09-18T14:57:04Z</time>
    <extensions>
     <power>291</power>
     <gpxtpx:TrackPointExtension>
      <gpxtpx:hr>185</gpxtpx:hr>
     </gpxtpx:TrackPointExtension>
    </extensions>
   </trkpt>
   <trkpt lat="52.5127410" lon="13.2361280">
    <ele>69.2</ele>
    <time>2025-09-18T14:57:05Z</time>
    <extensions>
     <power>291</power>
     <gpxtpx:TrackPointExtension>
      <gpxtpx:hr>185</gpxtpx:hr>
     </gpxtpx:TrackPointExtension>
    </extensions>
   </trkpt>
   <trkpt lat="52.5127370" lon="13.2360960">
    <ele>69.4</ele>
    <time>2025-09-18T14:57:06Z</time>
    <extensions>
     <power>284</power>
     <gpxtpx:TrackPointExtension>
      <gpxtpx:hr>185</gpxtpx:hr>
     </gpxtpx:TrackPointExtension>
    </extensions>
   </trkpt>
   <trkpt lat="52.5127310" lon="13.2360240">
    <ele>69.4</ele>
    <time>2025-09-18T14:57:07Z</time>
    <extensions>
     <power>284</power>
     <gpxtpx:TrackPointExtension>
      <gpxtpx:hr>185</gpxtpx:hr>
     </gpxtpx:TrackPointExtension>
    </extensions>
   </trkpt>
   <trkpt lat="52.5127290" lon="13.2360000">
    <ele>69.4</ele>
    <time>2025-09-18T14:57:08Z</time>
    <extensions>
     <power>282</power>
     <gpxtpx:TrackPointExtension>
      <gpxtpx:hr>185</gpxtpx:hr>
     </gpxtpx:TrackPointExtension>
    </extensions>
   </trkpt>
   <trkpt lat="52.5127220" lon="13.2359190">
    <ele>69.4</ele>
    <time>2025-09-18T14:57:09Z</time>
    <extensions>
     <power>282</power>
     <gpxtpx:TrackPointExtension>
      <gpxtpx:hr>185</gpxtpx:hr>
     </gpxtpx:TrackPointExtension>
    </extensions>
   </trkpt>
   <trkpt lat="52.5127200" lon="13.2358860">
    <ele>69.4</ele>
    <time>2025-09-18T14:57:10Z</time>
    <extensions>
     <power>282</power>
     <gpxtpx:TrackPointExtension>
      <gpxtpx:hr>185</gpxtpx:hr>
     </gpxtpx:TrackPointExtension>
    </extensions>
   </trkpt>
   <trkpt lat="52.5127170" lon="13.2358530">
    <ele>69.6</ele>
    <time>2025-09-18T14:57:11Z</time>
    <extensions>
     <power>287</power>
     <gpxtpx:TrackPointExtension>
      <gpxtpx:hr>185</gpxtpx:hr>
     </gpxtpx:TrackPointExtension>
    </extensions>
   </trkpt>
   <trkpt lat="52.5127170" lon="13.2357720">
    <ele>69.6</ele>
    <time>2025-09-18T14:57:12Z</time>
    <extensions>
     <power>287</power>
     <gpxtpx:TrackPointExtension>
      <gpxtpx:hr>185</gpxtpx:hr>
     </gpxtpx:TrackPointExtension>
    </extensions>
   </trkpt>
   <trkpt lat="52.5127170" lon="13.2357440">
    <ele>69.6</ele>
    <time>2025-09-18T14:57:13Z</time>
    <extensions>
     <power>287</power>
     <gpxtpx:TrackPointExtension>
      <gpxtpx:hr>185</gpxtpx:hr>
     </gpxtpx:TrackPointExtension>
    </extensions>
   </trkpt>
   <trkpt lat="52.5127160" lon="13.2356510">
    <ele>69.6</ele>
    <time>2025-09-18T14:57:14Z</time>
    <extensions>
     <power>287</power>
     <gpxtpx:TrackPointExtension>
      <gpxtpx:hr>185</gpxtpx:hr>
     </gpxtpx:TrackPointExtension>
    </extensions>
   </trkpt>
   <trkpt lat="52.5127140" lon="13.2356150">
    <ele>69.6</ele>
    <time>2025-09-18T14:57:15Z</time>
    <extensions>
     <power>287</power>
     <gpxtpx:TrackPointExtension>
      <gpxtpx:hr>185</gpxtpx:hr>
     </gpxtpx:TrackPointExtension>
    </extensions>
   </trkpt>
   <trkpt lat="52.5127130" lon="13.2355780">
    <ele>69.8</ele>
    <time>2025-09-18T14:57:16Z</time>
    <extensions>
     <power>288</power>
     <gpxtpx:TrackPointExtension>
      <gpxtpx:hr>185</gpxtpx:hr>
     </gpxtpx:TrackPointExtension>
    </extensions>
   </trkpt>
   <trkpt lat="52.5127060" lon="13.2354950">
    <ele>69.8</ele>
    <time>2025-09-18T14:57:17Z</time>
    <extensions>
     <power>288</power>
     <gpxtpx:TrackPointExtension>
      <gpxtpx:hr>185</gpxtpx:hr>
     </gpxtpx:TrackPointExtension>
    </extensions>
   </trkpt>
   <trkpt lat="52.5127040" lon="13.2354630">
    <ele>69.8</ele>
    <time>2025-09-18T14:57:18Z</time>
    <extensions>
     <power>288</power>
     <gpxtpx:TrackPointExtension>
      <gpxtpx:hr>185</gpxtpx:hr>
     </gpxtpx:TrackPointExtension>
    </extensions>
   </trkpt>
   <trkpt lat="52.5127010" lon="13.2354320">
    <ele>69.8</ele>
    <time>2025-09-18T14:57:19Z</time>
    <extensions>
     <power>283</power>
     <gpxtpx:TrackPointExtension>
      <gpxtpx:hr>185</gpxtpx:hr>
     </gpxtpx:TrackPointExtension>
    </extensions>
   </trkpt>
   <trkpt lat="52.5126920" lon="13.2353650">
    <ele>70.0</ele>
    <time>2025-09-18T14:57:20Z</time>
    <extensions>
     <power>283</power>
     <gpxtpx:TrackPointExtension>
      <gpxtpx:hr>185</gpxtpx:hr>
     </gpxtpx:TrackPointExtension>
    </extensions>
   </trkpt>
   <trkpt lat="52.5126880" lon="13.2353430">
    <ele>70.0</ele>
    <time>2025-09-18T14:57:21Z</time>
    <extensions>
     <power>279</power>
     <gpxtpx:TrackPointExtension>
      <gpxtpx:hr>185</gpxtpx:hr>
     </gpxtpx:TrackPointExtension>
    </extensions>
   </trkpt>
   <trkpt lat="52.5126770" lon="13.2352670">
    <ele>70.0</ele>
    <time>2025-09-18T14:57:22Z</time>
    <extensions>
     <power>279</power>
     <gpxtpx:TrackPointExtension>
      <gpxtpx:hr>185</gpxtpx:hr>
     </gpxtpx:TrackPointExtension>
    </extensions>
   </trkpt>
   <trkpt lat="52.5126740" lon="13.2352360">
    <ele>70.0</ele>
    <time>2025-09-18T14:57:23Z</time>
    <extensions>
     <power>279</power>
     <gpxtpx:TrackPointExtension>
      <gpxtpx:hr>185</gpxtpx:hr>
     </gpxtpx:TrackPointExtension>
    </extensions>
   </trkpt>
   <trkpt lat="52.5126710" lon="13.2352050">
    <ele>70.0</ele>
    <time>2025-09-18T14:57:24Z</time>
    <extensions>
     <power>270</power>
     <gpxtpx:TrackPointExtension>
      <gpxtpx:hr>185</gpxtpx:hr>
     </gpxtpx:TrackPointExtension>
    </extensions>
   </trkpt>
   <trkpt lat="52.5126720" lon="13.2351270">
    <ele>70.0</ele>
    <time>2025-09-18T14:57:25Z</time>
    <extensions>
     <power>270</power>
     <gpxtpx:TrackPointExtension>
      <gpxtpx:hr>185</gpxtpx:hr>
     </gpxtpx:TrackPointExtension>
    </extensions>
   </trkpt>
   <trkpt lat="52.5126720" lon="13.2350990">
    <ele>70.0</ele>
    <time>2025-09-18T14:57:26Z</time>
    <extensions>
     <power>278</power>
     <gpxtpx:TrackPointExtension>
      <gpxtpx:hr>185</gpxtpx:hr>
     </gpxtpx:TrackPointExtension>
    </extensions>
   </trkpt>
   <trkpt lat="52.5126750" lon="13.2350080">
    <ele>70.0</ele>
    <time>2025-09-18T14:57:27Z</time>
    <extensions>
     <power>278</power>
     <gpxtpx:TrackPointExtension>
      <gpxtpx:hr>185</gpxtpx:hr>
     </gpxtpx:TrackPointExtension>
    </extensions>
   </trkpt>
   <trkpt lat="52.5126750" lon="13.2349730">
    <ele>70.0</ele>
    <time>2025-09-18T14:57:28Z</time>
    <extensions>
     <power>278</power>
     <gpxtpx:TrackPointExtension>
      <gpxtpx:hr>185</gpxtpx:hr>
     </gpxtpx:TrackPointExtension>
    </extensions>
   </trkpt>
   <trkpt lat="52.5126750" lon="13.2349370">
    <ele>70.0</ele>
    <time>2025-09-18T14:57:29Z</time>
    <extensions>
     <power>281</power>
     <gpxtpx:TrackPointExtension>
      <gpxtpx:hr>186</gpxtpx:hr>
     </gpxtpx:TrackPointExtension>
    </extensions>
   </trkpt>
   <trkpt lat="52.5126660" lon="13.2348650">
    <ele>70.2</ele>
    <time>2025-09-18T14:57:30Z</time>
    <extensions>
     <power>281</power>
     <gpxtpx:TrackPointExtension>
      <gpxtpx:hr>186</gpxtpx:hr>
     </gpxtpx:TrackPointExtension>
    </extensions>
   </trkpt>
   <trkpt lat="52.5126620" lon="13.2348420">
    <ele>70.2</ele>
    <time>2025-09-18T14:57:31Z</time>
    <extensions>
     <power>279</power>
     <gpxtpx:TrackPointExtension>
      <gpxtpx:hr>186</gpxtpx:hr>
     </gpxtpx:TrackPointExtension>
    </extensions>
   </trkpt>
   <trkpt lat="52.5126480" lon="13.2347640">
    <ele>70.2</ele>
    <time>2025-09-18T14:57:32Z</time>
    <extensions>
     <power>279</power>
     <gpxtpx:TrackPointExtension>
      <gpxtpx:hr>186</gpxtpx:hr>
     </gpxtpx:TrackPointExtension>
    </extensions>
   </trkpt>
   <trkpt lat="52.5126420" lon="13.2347320">
    <ele>70.2</ele>
    <time>2025-09-18T14:57:33Z</time>
    <extensions>
     <power>279</power>
     <gpxtpx:TrackPointExtension>
      <gpxtpx:hr>186</gpxtpx:hr>
     </gpxtpx:TrackPointExtension>
    </extensions>
   </trkpt>
   <trkpt lat="52.5126370" lon="13.2347000">
    <ele>70.2</ele>
    <time>2025-09-18T14:57:34Z</time>
    <extensions>
     <power>278</power>
     <gpxtpx:TrackPointExtension>
      <gpxtpx:hr>186</gpxtpx:hr>
     </gpxtpx:TrackPointExtension>
    </extensions>
   </trkpt>
   <trkpt lat="52.5126260" lon="13.2346200">
    <ele>70.2</ele>
    <time>2025-09-18T14:57:35Z</time>
    <extensions>
     <power>278</power>
     <gpxtpx:TrackPointExtension>
      <gpxtpx:hr>186</gpxtpx:hr>
     </gpxtpx:TrackPointExtension>
    </extensions>
   </trkpt>
   <trkpt lat="52.5126210" lon="13.2345880">
    <ele>70.2</ele>
    <time>2025-09-18T14:57:36Z</time>
    <extensions>
     <power>278</power>
     <gpxtpx:TrackPointExtension>
      <gpxtpx:hr>186</gpxtpx:hr>
     </gpxtpx:TrackPointExtension>
    </extensions>
   </trkpt>
   <trkpt lat="52.5126170" lon="13.2345560">
    <ele>70.4</ele>
    <time>2025-09-18T14:57:37Z</time>
    <extensions>
     <power>281</power>
     <gpxtpx:TrackPointExtension>
      <gpxtpx:hr>186</gpxtpx:hr>
     </gpxtpx:TrackPointExtension>
    </extensions>
   </trkpt>
   <trkpt lat="52.5126040" lon="13.2344890">
    <ele>70.4</ele>
    <time>2025-09-18T14:57:38Z</time>
    <extensions>
     <power>281</power>
     <gpxtpx:TrackPointExtension>
      <gpxtpx:hr>185</gpxtpx:hr>
     </gpxtpx:TrackPointExtension>
    </extensions>
   </trkpt>
   <trkpt lat="52.5126000" lon="13.2344670">
    <ele>70.6</ele>
    <time>2025-09-18T14:57:39Z</time>
    <extensions>
     <power>281</power>
     <gpxtpx:TrackPointExtension>
      <gpxtpx:hr>185</gpxtpx:hr>
     </gpxtpx:TrackPointExtension>
    </extensions>
   </trkpt>
   <trkpt lat="52.5125860" lon="13.2343950">
    <ele>70.6</ele>
    <time>2025-09-18T14:57:40Z</time>
    <extensions>
     <power>281</power>
     <gpxtpx:TrackPointExtension>
      <gpxtpx:hr>185</gpxtpx:hr>
     </gpxtpx:TrackPointExtension>
    </extensions>
   </trkpt>
   <trkpt lat="52.5125810" lon="13.2343660">
    <ele>70.6</ele>
    <time>2025-09-18T14:57:41Z</time>
    <extensions>
     <power>281</power>
     <gpxtpx:TrackPointExtension>
      <gpxtpx:hr>185</gpxtpx:hr>
     </gpxtpx:TrackPointExtension>
    </extensions>
   </trkpt>
   <trkpt lat="52.5125750" lon="13.2343360">
    <ele>70.8</ele>
    <time>2025-09-18T14:57:42Z</time>
    <extensions>
     <power>278</power>
     <gpxtpx:TrackPointExtension>
      <gpxtpx:hr>185</gpxtpx:hr>
     </gpxtpx:TrackPointExtension>
    </extensions>
   </trkpt>
   <trkpt lat="52.5125660" lon="13.2342620">
    <ele>70.8</ele>
    <time>2025-09-18T14:57:43Z</time>
    <extensions>
     <power>278</power>
     <gpxtpx:TrackPointExtension>
      <gpxtpx:hr>185</gpxtpx:hr>
     </gpxtpx:TrackPointExtension>
    </extensions>
   </trkpt>
   <trkpt lat="52.5125630" lon="13.2342370">
    <ele>71.0</ele>
    <time>2025-09-18T14:57:44Z</time>
    <extensions>
     <power>284</power>
     <gpxtpx:TrackPointExtension>
      <gpxtpx:hr>185</gpxtpx:hr>
     </gpxtpx:TrackPointExtension>
    </extensions>
   </trkpt>
   <trkpt lat="52.5125540" lon="13.2341540">
    <ele>71.0</ele>
    <time>2025-09-18T14:57:45Z</time>
    <extensions>
     <power>284</power>
     <gpxtpx:TrackPointExtension>
      <gpxtpx:hr>185</gpxtpx:hr>
     </gpxtpx:TrackPointExtension>
    </extensions>
   </trkpt>
   <trkpt lat="52.5125520" lon="13.2341210">
    <ele>71.0</ele>
    <time>2025-09-18T14:57:46Z</time>
    <extensions>
     <power>284</power>
     <gpxtpx:TrackPointExtension>
      <gpxtpx:hr>185</gpxtpx:hr>
     </gpxtpx:TrackPointExtension>
    </extensions>
   </trkpt>
   <trkpt lat="52.5125490" lon="13.2340890">
    <ele>71.2</ele>
    <time>2025-09-18T14:57:47Z</time>
    <extensions>
     <power>283</power>
     <gpxtpx:TrackPointExtension>
      <gpxtpx:hr>185</gpxtpx:hr>
     </gpxtpx:TrackPointExtension>
    </extensions>
   </trkpt>
   <trkpt lat="52.5125440" lon="13.2340080">
    <ele>71.2</ele>
    <time>2025-09-18T14:57:48Z</time>
    <extensions>
     <power>283</power>
     <gpxtpx:TrackPointExtension>
      <gpxtpx:hr>185</gpxtpx:hr>
     </gpxtpx:TrackPointExtension>
    </extensions>
   </trkpt>
   <trkpt lat="52.5125430" lon="13.2339760">
    <ele>71.4</ele>
    <time>2025-09-18T14:57:49Z</time>
    <extensions>
     <power>283</power>
     <gpxtpx:TrackPointExtension>
      <gpxtpx:hr>185</gpxtpx:hr>
     </gpxtpx:TrackPointExtension>
    </extensions>
   </trkpt>
   <trkpt lat="52.5125410" lon="13.2339440">
    <ele>71.4</ele>
    <time>2025-09-18T14:57:50Z</time>
    <extensions>
     <power>284</power>
     <gpxtpx:TrackPointExtension>
      <gpxtpx:hr>185</gpxtpx:hr>
     </gpxtpx:TrackPointExtension>
    </extensions>
   </trkpt>
   <trkpt lat="52.5125370" lon="13.2338730">
    <ele>71.4</ele>
    <time>2025-09-18T14:57:51Z</time>
    <extensions>
     <power>284</power>
     <gpxtpx:TrackPointExtension>
      <gpxtpx:hr>185</gpxtpx:hr>
     </gpxtpx:TrackPointExtension>
    </extensions>
   </trkpt>
   <trkpt lat="52.5125350" lon="13.2338500">
    <ele>71.6</ele>
    <time>2025-09-18T14:57:52Z</time>
    <extensions>
     <power>284</power>
     <gpxtpx:TrackPointExtension>
      <gpxtpx:hr>185</gpxtpx:hr>
     </gpxtpx:TrackPointExtension>
    </extensions>
   </trkpt>
   <trkpt lat="52.5125310" lon="13.2337660">
    <ele>71.6</ele>
    <time>2025-09-18T14:57:53Z</time>
    <extensions>
     <power>284</power>
     <gpxtpx:TrackPointExtension>
      <gpxtpx:hr>185</gpxtpx:hr>
     </gpxtpx:TrackPointExtension>
    </extensions>
   </trkpt>
   <trkpt lat="52.5125310" lon="13.2337300">
    <ele>71.6</ele>
    <time>2025-09-18T14:57:54Z</time>
    <extensions>
     <power>284</power>
     <gpxtpx:TrackPointExtension>
      <gpxtpx:hr>185</gpxtpx:hr>
     </gpxtpx:TrackPointExtension>
    </extensions>
   </trkpt>
   <trkpt lat="52.5125300" lon="13.2336950">
    <ele>71.6</ele>
    <time>2025-09-18T14:57:55Z</time>
    <extensions>
     <power>287</power>
     <gpxtpx:TrackPointExtension>
      <gpxtpx:hr>185</gpxtpx:hr>
     </gpxtpx:TrackPointExtension>
    </extensions>
   </trkpt>
   <trkpt lat="52.5125320" lon="13.2336670">
    <ele>71.6</ele>
    <time>2025-09-18T14:57:56Z</time>
    <extensions>
     <power>287</power>
     <gpxtpx:TrackPointExtension>
      <gpxtpx:hr>186</gpxtpx:hr>
     </gpxtpx:TrackPointExtension>
    </extensions>
   </trkpt>
   <trkpt lat="52.5125330" lon="13.2336390">
    <ele>71.6</ele>
    <time>2025-09-18T14:57:57Z</time>
    <extensions>
     <power>285</power>
     <gpxtpx:TrackPointExtension>
      <gpxtpx:hr>186</gpxtpx:hr>
     </gpxtpx:TrackPointExtension>
    </extensions>
   </trkpt>
   <trkpt lat="52.5125410" lon="13.2335500">
    <ele>71.8</ele>
    <time>2025-09-18T14:57:58Z</time>
    <extensions>
     <power>285</power>
     <gpxtpx:TrackPointExtension>
      <gpxtpx:hr>186</gpxtpx:hr>
     </gpxtpx:TrackPointExtension>
    </extensions>
   </trkpt>
   <trkpt lat="52.5125450" lon="13.2335140">
    <ele>71.8</ele>
    <time>2025-09-18T14:57:59Z</time>
    <extensions>
     <power>285</power>
     <gpxtpx:TrackPointExtension>
      <gpxtpx:hr>186</gpxtpx:hr>
     </gpxtpx:TrackPointExtension>
    </extensions>
   </trkpt>
   <trkpt lat="52.5125500" lon="13.2334790">
    <ele>71.8</ele>
    <time>2025-09-18T14:58:00Z</time>
    <extensions>
     <power>288</power>
     <gpxtpx:TrackPointExtension>
      <gpxtpx:hr>186</gpxtpx:hr>
     </gpxtpx:TrackPointExtension>
    </extensions>
   </trkpt>
   <trkpt lat="52.5125670" lon="13.2334050">
    <ele>71.8</ele>
    <time>2025-09-18T14:58:01Z</time>
    <extensions>
     <power>288</power>
     <gpxtpx:TrackPointExtension>
      <gpxtpx:hr>186</gpxtpx:hr>
     </gpxtpx:TrackPointExtension>
    </extensions>
   </trkpt>
   <trkpt lat="52.5125740" lon="13.2333810">
    <ele>71.8</ele>
    <time>2025-09-18T14:58:02Z</time>
    <extensions>
     <power>285</power>
     <gpxtpx:TrackPointExtension>
      <gpxtpx:hr>186</gpxtpx:hr>
     </gpxtpx:TrackPointExtension>
    </extensions>
   </trkpt>
   <trkpt lat="52.5126060" lon="13.2333180">
    <ele>71.8</ele>
    <time>2025-09-18T14:58:03Z</time>
    <extensions>
     <power>285</power>
     <gpxtpx:TrackPointExtension>
      <gpxtpx:hr>186</gpxtpx:hr>
     </gpxtpx:TrackPointExtension>
    </extensions>
   </trkpt>
   <trkpt lat="52.5126200" lon="13.2332970">
    <ele>71.8</ele>
    <time>2025-09-18T14:58:04Z</time>
    <extensions>
     <power>285</power>
     <gpxtpx:TrackPointExtension>
      <gpxtpx:hr>186</gpxtpx:hr>
     </gpxtpx:TrackPointExtension>
    </extensions>
   </trkpt>
   <trkpt lat="52.5126340" lon="13.2332750">
    <ele>71.8</ele>
    <time>2025-09-18T14:58:05Z</time>
    <extensions>
     <power>282</power>
     <gpxtpx:TrackPointExtension>
      <gpxtpx:hr>186</gpxtpx:hr>
     </gpxtpx:TrackPointExtension>
    </extensions>
   </trkpt>
   <trkpt lat="52.5126730" lon="13.2332350">
    <ele>71.8</ele>
    <time>2025-09-18T14:58:06Z</time>
    <extensions>
     <power>282</power>
     <gpxtpx:TrackPointExtension>
      <gpxtpx:hr>186</gpxtpx:hr>
     </gpxtpx:TrackPointExtension>
    </extensions>
   </trkpt>
   <trkpt lat="52.5126890" lon="13.2332210">
    <ele>71.8</ele>
    <time>2025-09-18T14:58:07Z</time>
    <extensions>
     <power>282</power>
     <gpxtpx:TrackPointExtension>
      <gpxtpx:hr>186</gpxtpx:hr>
     </gpxtpx:TrackPointExtension>
    </extensions>
   </trkpt>
   <trkpt lat="52.5127050" lon="13.2332060">
    <ele>71.8</ele>
    <time>2025-09-18T14:58:08Z</time>
    <extensions>
     <power>284</power>
     <gpxtpx:TrackPointExtension>
      <gpxtpx:hr>186</gpxtpx:hr>
     </gpxtpx:TrackPointExtension>
    </extensions>
   </trkpt>
   <trkpt lat="52.5127440" lon="13.2331760">
    <ele>71.8</ele>
    <time>2025-09-18T14:58:09Z</time>
    <extensions>
     <power>284</power>
     <gpxtpx:TrackPointExtension>
      <gpxtpx:hr>186</gpxtpx:hr>
     </gpxtpx:TrackPointExtension>
    </extensions>
   </trkpt>
   <trkpt lat="52.5127570" lon="13.2331660">
    <ele>71.8</ele>
    <time>2025-09-18T14:58:10Z</time>
    <extensions>
     <power>280</power>
     <gpxtpx:TrackPointExtension>
      <gpxtpx:hr>186</gpxtpx:hr>
     </gpxtpx:TrackPointExtension>
    </extensions>
   </trkpt>
   <trkpt lat="52.5128010" lon="13.2331380">
    <ele>71.8</ele>
    <time>2025-09-18T14:58:11Z</time>
    <extensions>
     <power>280</power>
     <gpxtpx:TrackPointExtension>
      <gpxtpx:hr>186</gpxtpx:hr>
     </gpxtpx:TrackPointExtension>
    </extensions>
   </trkpt>
   <trkpt lat="52.5128190" lon="13.2331280">
    <ele>71.8</ele>
    <time>2025-09-18T14:58:12Z</time>
    <extensions>
     <power>280</power>
     <gpxtpx:TrackPointExtension>
      <gpxtpx:hr>186</gpxtpx:hr>
     </gpxtpx:TrackPointExtension>
    </extensions>
   </trkpt>
   <trkpt lat="52.5128370" lon="13.2331180">
    <ele>71.8</ele>
    <time>2025-09-18T14:58:13Z</time>
    <extensions>
     <power>278</power>
     <gpxtpx:TrackPointExtension>
      <gpxtpx:hr>186</gpxtpx:hr>
     </gpxtpx:TrackPointExtension>
    </extensions>
   </trkpt>
   <trkpt lat="52.5128910" lon="13.2330880">
    <ele>71.8</ele>
    <time>2025-09-18T14:58:14Z</time>
    <extensions>
     <power>278</power>
     <gpxtpx:TrackPointExtension>
      <gpxtpx:hr>186</gpxtpx:hr>
     </gpxtpx:TrackPointExtension>
    </extensions>
   </trkpt>
   <trkpt lat="52.5129170" lon="13.2330720">
    <ele>71.8</ele>
    <time>2025-09-18T14:58:15Z</time>
    <extensions>
     <power>272</power>
     <gpxtpx:TrackPointExtension>
      <gpxtpx:hr>186</gpxtpx:hr>
     </gpxtpx:TrackPointExtension>
    </extensions>
   </trkpt>
   <trkpt lat="52.5129640" lon="13.2330500">
    <ele>71.8</ele>
    <time>2025-09-18T14:58:16Z</time>
    <extensions>
     <power>272</power>
     <gpxtpx:TrackPointExtension>
      <gpxtpx:hr>186</gpxtpx:hr>
     </gpxtpx:TrackPointExtension>
    </extensions>
   </trkpt>
   <trkpt lat="52.5129840" lon="13.2330430">
    <ele>71.6</ele>
    <time>2025-09-18T14:58:17Z</time>
    <extensions>
     <power>272</power>
     <gpxtpx:TrackPointExtension>
      <gpxtpx:hr>186</gpxtpx:hr>
     </gpxtpx:TrackPointExtension>
    </extensions>
   </trkpt>
   <trkpt lat="52.5130040" lon="13.2330360">
    <ele>71.6</ele>
    <time>2025-09-18T14:58:18Z</time>
    <extensions>
     <power>272</power>
     <gpxtpx:TrackPointExtension>
      <gpxtpx:hr>186</gpxtpx:hr>
     </gpxtpx:TrackPointExtension>
    </extensions>
   </trkpt>
   <trkpt lat="52.5130560" lon="13.2330190">
    <ele>71.4</ele>
    <time>2025-09-18T14:58:19Z</time>
    <extensions>
     <power>272</power>
     <gpxtpx:TrackPointExtension>
      <gpxtpx:hr>186</gpxtpx:hr>
     </gpxtpx:TrackPointExtension>
    </extensions>
   </trkpt>
   <trkpt lat="52.5130780" lon="13.2330110">
    <ele>71.4</ele>
    <time>2025-09-18T14:58:20Z</time>
    <extensions>
     <power>272</power>
     <gpxtpx:TrackPointExtension>
      <gpxtpx:hr>187</gpxtpx:hr>
     </gpxtpx:TrackPointExtension>
    </extensions>
   </trkpt>
   <trkpt lat="52.5130990" lon="13.2330040">
    <ele>71.4</ele>
    <time>2025-09-18T14:58:21Z</time>
    <extensions>
     <power>289</power>
     <gpxtpx:TrackPointExtension>
      <gpxtpx:hr>186</gpxtpx:hr>
     </gpxtpx:TrackPointExtension>
    </extensions>
   </trkpt>
   <trkpt lat="52.5131470" lon="13.2329870">
    <ele>71.4</ele>
    <time>2025-09-18T14:58:22Z</time>
    <extensions>
     <power>289</power>
     <gpxtpx:TrackPointExtension>
      <gpxtpx:hr>186</gpxtpx:hr>
     </gpxtpx:TrackPointExtension>
    </extensions>
   </trkpt>
   <trkpt lat="52.5131620" lon="13.2329810">
    <ele>71.2</ele>
    <time>2025-09-18T14:58:23Z</time>
    <extensions>
     <power>290</power>
     <gpxtpx:TrackPointExtension>
      <gpxtpx:hr>186</gpxtpx:hr>
     </gpxtpx:TrackPointExtension>
    </extensions>
   </trkpt>
   <trkpt lat="52.5132080" lon="13.2329570">
    <ele>71.2</ele>
    <time>2025-09-18T14:58:24Z</time>
    <extensions>
     <power>290</power>
     <gpxtpx:TrackPointExtension>
      <gpxtpx:hr>186</gpxtpx:hr>
     </gpxtpx:TrackPointExtension>
    </extensions>
   </trkpt>
   <trkpt lat="52.5132240" lon="13.2329460">
    <ele>71.2</ele>
    <time>2025-09-18T14:58:25Z</time>
    <extensions>
     <power>290</power>
     <gpxtpx:TrackPointExtension>
      <gpxtpx:hr>186</gpxtpx:hr>
     </gpxtpx:TrackPointExtension>
    </extensions>
   </trkpt>
   <trkpt lat="52.5132410" lon="13.2329350">
    <ele>71.2</ele>
    <time>2025-09-18T14:58:26Z</time>
    <extensions>
     <power>283</power>
     <gpxtpx:TrackPointExtension>
      <gpxtpx:hr>186</gpxtpx:hr>
     </gpxtpx:TrackPointExtension>
    </extensions>
   </trkpt>
   <trkpt lat="52.5132720" lon="13.2329030">
    <ele>71.2</ele>
    <time>2025-09-18T14:58:27Z</time>
    <extensions>
     <power>283</power>
     <gpxtpx:TrackPointExtension>
      <gpxtpx:hr>186</gpxtpx:hr>
     </gpxtpx:TrackPointExtension>
    </extensions>
   </trkpt>
   <trkpt lat="52.5132820" lon="13.2328920">
    <ele>71.2</ele>
    <time>2025-09-18T14:58:28Z</time>
    <extensions>
     <power>275</power>
     <gpxtpx:TrackPointExtension>
      <gpxtpx:hr>186</gpxtpx:hr>
     </gpxtpx:TrackPointExtension>
    </extensions>
   </trkpt>
   <trkpt lat="52.5133170" lon="13.2328590">
    <ele>71.2</ele>
    <time>2025-09-18T14:58:29Z</time>
    <extensions>
     <power>275</power>
     <gpxtpx:TrackPointExtension>
      <gpxtpx:hr>186</gpxtpx:hr>
     </gpxtpx:TrackPointExtension>
    </extensions>
   </trkpt>
   <trkpt lat="52.5133330" lon="13.2328480">
    <ele>71.2</ele>
    <time>2025-09-18T14:58:30Z</time>
    <extensions>
     <power>275</power>
     <gpxtpx:TrackPointExtension>
      <gpxtpx:hr>186</gpxtpx:hr>
     </gpxtpx:TrackPointExtension>
    </extensions>
   </trkpt>
   <trkpt lat="52.5133480" lon="13.2328360">
    <ele>71.2</ele>
    <time>2025-09-18T14:58:31Z</time>
    <extensions>
     <power>275</power>
     <gpxtpx:TrackPointExtension>
      <gpxtpx:hr>186</gpxtpx:hr>
     </gpxtpx:TrackPointExtension>
    </extensions>
   </trkpt>
   <trkpt lat="52.5133880" lon="13.2328190">
    <ele>71.2</ele>
    <time>2025-09-18T14:58:32Z</time>
    <extensions>
     <power>275</power>
     <gpxtpx:TrackPointExtension>
      <gpxtpx:hr>186</gpxtpx:hr>
     </gpxtpx:TrackPointExtension>
    </extensions>
   </trkpt>
   <trkpt lat="52.5134020" lon="13.2328140">
    <ele>71.2</ele>
    <time>2025-09-18T14:58:33Z</time>
    <extensions>
     <power>276</power>
     <gpxtpx:TrackPointExtension>
      <gpxtpx:hr>186</gpxtpx:hr>
     </gpxtpx:TrackPointExtension>
    </extensions>
   </trkpt>
   <trkpt lat="52.5134510" lon="13.2328010">
    <ele>71.2</ele>
    <time>2025-09-18T14:58:34Z</time>
    <extensions>
     <power>276</power>
     <gpxtpx:TrackPointExtension>
      <gpxtpx:hr>186</gpxtpx:hr>
     </gpxtpx:TrackPointExtension>
    </extensions>
   </trkpt>
   <trkpt lat="52.5134720" lon="13.2327970">
    <ele>71.2</ele>
    <time>2025-09-18T14:58:35Z</time>
    <extensions>
     <power>276</power>
     <gpxtpx:TrackPointExtension>
      <gpxtpx:hr>186</gpxtpx:hr>
     </gpxtpx:TrackPointExtension>
    </extensions>
   </trkpt>
   <trkpt lat="52.5134930" lon="13.2327920">
    <ele>71.4</ele>
    <time>2025-09-18T14:58:36Z</time>
    <extensions>
     <power>277</power>
     <gpxtpx:TrackPointExtension>
      <gpxtpx:hr>186</gpxtpx:hr>
     </gpxtpx:TrackPointExtension>
    </extensions>
   </trkpt>
   <trkpt lat="52.5135460" lon="13.2327810">
    <ele>71.4</ele>
    <time>2025-09-18T14:58:37Z</time>
    <extensions>
     <power>277</power>
     <gpxtpx:TrackPointExtension>
      <gpxtpx:hr>186</gpxtpx:hr>
     </gpxtpx:TrackPointExtension>
    </extensions>
   </trkpt>
   <trkpt lat="52.5135670" lon="13.2327770">
    <ele>71.4</ele>
    <time>2025-09-18T14:58:38Z</time>
    <extensions>
     <power>277</power>
     <gpxtpx:TrackPointExtension>
      <gpxtpx:hr>187</gpxtpx:hr>
     </gpxtpx:TrackPointExtension>
    </extensions>
   </trkpt>
   <trkpt lat="52.5135880" lon="13.2327730">
    <ele>71.4</ele>
    <time>2025-09-18T14:58:39Z</time>
    <extensions>
     <power>276</power>
     <gpxtpx:TrackPointExtension>
      <gpxtpx:hr>187</gpxtpx:hr>
     </gpxtpx:TrackPointExtension>
    </extensions>
   </trkpt>
   <trkpt lat="52.5136320" lon="13.2327630">
    <ele>71.4</ele>
    <time>2025-09-18T14:58:40Z</time>
    <extensions>
     <power>276</power>
     <gpxtpx:TrackPointExtension>
      <gpxtpx:hr>187</gpxtpx:hr>
     </gpxtpx:TrackPointExtension>
    </extensions>
   </trkpt>
   <trkpt lat="52.5136460" lon="13.2327590">
    <ele>71.4</ele>
    <time>2025-09-18T14:58:41Z</time>
    <extensions>
     <power>275</power>
     <gpxtpx:TrackPointExtension>
      <gpxtpx:hr>187</gpxtpx:hr>
     </gpxtpx:TrackPointExtension>
    </extensions>
   </trkpt>
   <trkpt lat="52.5136900" lon="13.2327400">
    <ele>71.4</ele>
    <time>2025-09-18T14:58:42Z</time>
    <extensions>
     <power>275</power>
     <gpxtpx:TrackPointExtension>
      <gpxtpx:hr>187</gpxtpx:hr>
     </gpxtpx:TrackPointExtension>
    </extensions>
   </trkpt>
   <trkpt lat="52.5137080" lon="13.2327320">
    <ele>71.2</ele>
    <time>2025-09-18T14:58:43Z</time>
    <extensions>
     <power>275</power>
     <gpxtpx:TrackPointExtension>
      <gpxtpx:hr>187</gpxtpx:hr>
     </gpxtpx:TrackPointExtension>
    </extensions>
   </trkpt>
   <trkpt lat="52.5137250" lon="13.2327230">
    <ele>71.2</ele>
    <time>2025-09-18T14:58:44Z</time>
    <extensions>
     <power>274</power>
     <gpxtpx:TrackPointExtension>
      <gpxtpx:hr>187</gpxtpx:hr>
     </gpxtpx:TrackPointExtension>
    </extensions>
   </trkpt>
   <trkpt lat="52.5137650" lon="13.2327050">
    <ele>71.2</ele>
    <time>2025-09-18T14:58:45Z</time>
    <extensions>
     <power>274</power>
     <gpxtpx:TrackPointExtension>
      <gpxtpx:hr>187</gpxtpx:hr>
     </gpxtpx:TrackPointExtension>
    </extensions>
   </trkpt>
   <trkpt lat="52.5137790" lon="13.2326990">
    <ele>71.2</ele>
    <time>2025-09-18T14:58:46Z</time>
    <extensions>
     <power>276</power>
     <gpxtpx:TrackPointExtension>
      <gpxtpx:hr>187</gpxtpx:hr>
     </gpxtpx:TrackPointExtension>
    </extensions>
   </trkpt>
   <trkpt lat="52.5138270" lon="13.2326860">
    <ele>71.0</ele>
    <time>2025-09-18T14:58:47Z</time>
    <extensions>
     <power>276</power>
     <gpxtpx:TrackPointExtension>
      <gpxtpx:hr>187</gpxtpx:hr>
     </gpxtpx:TrackPointExtension>
    </extensions>
   </trkpt>
   <trkpt lat="52.5138470" lon="13.2326820">
    <ele>71.0</ele>
    <time>2025-09-18T14:58:48Z</time>
    <extensions>
     <power>276</power>
     <gpxtpx:TrackPointExtension>
      <gpxtpx:hr>187</gpxtpx:hr>
     </gpxtpx:TrackPointExtension>
    </extensions>
   </trkpt>
   <trkpt lat="52.5138660" lon="13.2326780">
    <ele>70.8</ele>
    <time>2025-09-18T14:58:49Z</time>
    <extensions>
     <power>275</power>
     <gpxtpx:TrackPointExtension>
      <gpxtpx:hr>187</gpxtpx:hr>
     </gpxtpx:TrackPointExtension>
    </extensions>
   </trkpt>
   <trkpt lat="52.5139150" lon="13.2326730">
    <ele>70.8</ele>
    <time>2025-09-18T14:58:50Z</time>
    <extensions>
     <power>275</power>
     <gpxtpx:TrackPointExtension>
      <gpxtpx:hr>187</gpxtpx:hr>
     </gpxtpx:TrackPointExtension>
    </extensions>
   </trkpt>
   <trkpt lat="52.5139340" lon="13.2326710">
    <ele>70.6</ele>
    <time>2025-09-18T14:58:51Z</time>
    <extensions>
     <power>275</power>
     <gpxtpx:TrackPointExtension>
      <gpxtpx:hr>187</gpxtpx:hr>
     </gpxtpx:TrackPointExtension>
    </extensions>
   </trkpt>
   <trkpt lat="52.5139540" lon="13.2326690">
    <ele>70.6</ele>
    <time>2025-09-18T14:58:52Z</time>
    <extensions>
     <power>273</power>
     <gpxtpx:TrackPointExtension>
      <gpxtpx:hr>187</gpxtpx:hr>
     </gpxtpx:TrackPointExtension>
    </extensions>
   </trkpt>
   <trkpt lat="52.5139980" lon="13.2326630">
    <ele>70.4</ele>
    <time>2025-09-18T14:58:53Z</time>
    <extensions>
     <power>273</power>
     <gpxtpx:TrackPointExtension>
      <gpxtpx:hr>187</gpxtpx:hr>
     </gpxtpx:TrackPointExtension>
    </extensions>
   </trkpt>
   <trkpt lat="52.5140120" lon="13.2326610">
    <ele>70.4</ele>
    <time>2025-09-18T14:58:54Z</time>
    <extensions>
     <power>271</power>
     <gpxtpx:TrackPointExtension>
      <gpxtpx:hr>187</gpxtpx:hr>
     </gpxtpx:TrackPointExtension>
    </extensions>
   </trkpt>
   <trkpt lat="52.5140590" lon="13.2326520">
    <ele>70.2</ele>
    <time>2025-09-18T14:58:55Z</time>
    <extensions>
     <power>271</power>
     <gpxtpx:TrackPointExtension>
      <gpxtpx:hr>187</gpxtpx:hr>
     </gpxtpx:TrackPointExtension>
    </extensions>
   </trkpt>
   <trkpt lat="52.5140770" lon="13.2326490">
    <ele>70.2</ele>
    <time>2025-09-18T14:58:56Z</time>
    <extensions>
     <power>271</power>
     <gpxtpx:TrackPointExtension>
      <gpxtpx:hr>187</gpxtpx:hr>
     </gpxtpx:TrackPointExtension>
    </extensions>
   </trkpt>
   <trkpt lat="52.5140960" lon="13.2326450">
    <ele>70.0</ele>
    <time>2025-09-18T14:58:57Z</time>
    <extensions>
     <power>269</power>
     <gpxtpx:TrackPointExtension>
      <gpxtpx:hr>187</gpxtpx:hr>
     </gpxtpx:TrackPointExtension>
    </extensions>
   </trkpt>
   <trkpt lat="52.5141400" lon="13.2326340">
    <ele>70.0</ele>
    <time>2025-09-18T14:58:58Z</time>
    <extensions>
     <power>269</power>
     <gpxtpx:TrackPointExtension>
      <gpxtpx:hr>187</gpxtpx:hr>
     </gpxtpx:TrackPointExtension>
    </extensions>
   </trkpt>
   <trkpt lat="52.5141550" lon="13.2326290">
    <ele>69.8</ele>
    <time>2025-09-18T14:58:59Z</time>
    <extensions>
     <power>274</power>
     <gpxtpx:TrackPointExtension>
      <gpxtpx:hr>187</gpxtpx:hr>
     </gpxtpx:TrackPointExtension>
    </extensions>
   </trkpt>
   <trkpt lat="52.5142030" lon="13.2326140">
    <ele>69.8</ele>
    <time>2025-09-18T14:59:00Z</time>
    <extensions>
     <power>274</power>
     <gpxtpx:TrackPointExtension>
      <gpxtpx:hr>184</gpxtpx:hr>
     </gpxtpx:TrackPointExtension>
    </extensions>
   </trkpt>
   <trkpt lat="52.5142230" lon="13.2326080">
    <ele>69.8</ele>
    <time>2025-09-18T14:59:01Z</time>
    <extensions>
     <power>274</power>
     <gpxtpx:TrackPointExtension>
      <gpxtpx:hr>184</gpxtpx:hr>
     </gpxtpx:TrackPointExtension>
    </extensions>
   </trkpt>
   <trkpt lat="52.5142420" lon="13.2326030">
    <ele>69.8</ele>
    <time>2025-09-18T14:59:02Z</time>
    <extensions>
     <power>275</power>
     <gpxtpx:TrackPointExtension>
      <gpxtpx:hr>184</gpxtpx:hr>
     </gpxtpx:TrackPointExtension>
    </extensions>
   </trkpt>
   <trkpt lat="52.5142880" lon="13.2325990">
    <ele>69.6</ele>
    <time>2025-09-18T14:59:03Z</time>
    <extensions>
     <power>275</power>
     <gpxtpx:TrackPointExtension>
      <gpxtpx:hr>184</gpxtpx:hr>
     </gpxtpx:TrackPointExtension>
    </extensions>
   </trkpt>
   <trkpt lat="52.5143030" lon="13.2325970">
    <ele>69.6</ele>
    <time>2025-09-18T14:59:04Z</time>
    <extensions>
     <power>276</power>
     <gpxtpx:TrackPointExtension>
      <gpxtpx:hr>184</gpxtpx:hr>
     </gpxtpx:TrackPointExtension>
    </extensions>
   </trkpt>
   <trkpt lat="52.5143550" lon="13.2325890">
    <ele>69.6</ele>
    <time>2025-09-18T14:59:05Z</time>
    <extensions>
     <power>276</power>
     <gpxtpx:TrackPointExtension>
      <gpxtpx:hr>184</gpxtpx:hr>
     </gpxtpx:TrackPointExtension>
    </extensions>
   </trkpt>
   <trkpt lat="52.5143760" lon="13.2325840">
    <ele>69.6</ele>
    <time>2025-09-18T14:59:06Z</time>
    <extensions>
     <power>276</power>
     <gpxtpx:TrackPointExtension>
      <gpxtpx:hr>183</gpxtpx:hr>
     </gpxtpx:TrackPointExtension>
    </extensions>
   </trkpt>
   <trkpt lat="52.5143970" lon="13.2325800">
    <ele>69.4</ele>
    <time>2025-09-18T14:59:07Z</time>
    <extensions>
     <power>275</power>
     <gpxtpx:TrackPointExtension>
      <gpxtpx:hr>183</gpxtpx:hr>
     </gpxtpx:TrackPointExtension>
    </extensions>
   </trkpt>
   <trkpt lat="52.5144490" lon="13.2325670">
    <ele>69.4</ele>
    <time>2025-09-18T14:59:08Z</time>
    <extensions>
     <power>275</power>
     <gpxtpx:TrackPointExtension>
      <gpxtpx:hr>183</gpxtpx:hr>
     </gpxtpx:TrackPointExtension>
    </extensions>
   </trkpt>
   <trkpt lat="52.5144710" lon="13.2325640">
    <ele>69.4</ele>
    <time>2025-09-18T14:59:09Z</time>
    <extensions>
     <power>275</power>
     <gpxtpx:TrackPointExtension>
      <gpxtpx:hr>183</gpxtpx:hr>
     </gpxtpx:TrackPointExtension>
    </extensions>
   </trkpt>
   <trkpt lat="52.5144920" lon="13.2325600">
    <ele>69.2</ele>
    <time>2025-09-18T14:59:10Z</time>
    <extensions>
     <power>275</power>
     <gpxtpx:TrackPointExtension>
      <gpxtpx:hr>183</gpxtpx:hr>
     </gpxtpx:TrackPointExtension>
    </extensions>
   </trkpt>
   <trkpt lat="52.5145380" lon="13.2325570">
    <ele>69.2</ele>
    <time>2025-09-18T14:59:11Z</time>
    <extensions>
     <power>275</power>
     <gpxtpx:TrackPointExtension>
      <gpxtpx:hr>183</gpxtpx:hr>
     </gpxtpx:TrackPointExtension>
    </extensions>
   </trkpt>
   <trkpt lat="52.5145520" lon="13.2325550">
    <ele>69.2</ele>
    <time>2025-09-18T14:59:12Z</time>
    <extensions>
     <power>272</power>
     <gpxtpx:TrackPointExtension>
      <gpxtpx:hr>183</gpxtpx:hr>
     </gpxtpx:TrackPointExtension>
    </extensions>
   </trkpt>
   <trkpt lat="52.5145980" lon="13.2325470">
    <ele>69.2</ele>
    <time>2025-09-18T14:59:13Z</time>
    <extensions>
     <power>272</power>
     <gpxtpx:TrackPointExtension>
      <gpxtpx:hr>183</gpxtpx:hr>
     </gpxtpx:TrackPointExtension>
    </extensions>
   </trkpt>
   <trkpt lat="52.5146150" lon="13.2325440">
    <ele>69.0</ele>
    <time>2025-09-18T14:59:14Z</time>
    <extensions>
     <power>272</power>
     <gpxtpx:TrackPointExtension>
      <gpxtpx:hr>185</gpxtpx:hr>
     </gpxtpx:TrackPointExtension>
    </extensions>
   </trkpt>
   <trkpt lat="52.5146330" lon="13.2325400">
    <ele>69.0</ele>
    <time>2025-09-18T14:59:15Z</time>
    <extensions>
     <power>272</power>
     <gpxtpx:TrackPointExtension>
      <gpxtpx:hr>185</gpxtpx:hr>
     </gpxtpx:TrackPointExtension>
    </extensions>
   </trkpt>
   <trkpt lat="52.5146760" lon="13.2325340">
    <ele>69.0</ele>
    <time>2025-09-18T14:59:16Z</time>
    <extensions>
     <power>272</power>
     <gpxtpx:TrackPointExtension>
      <gpxtpx:hr>185</gpxtpx:hr>
     </gpxtpx:TrackPointExtension>
    </extensions>
   </trkpt>
   <trkpt lat="52.5146910" lon="13.2325320">
    <ele>69.0</ele>
    <time>2025-09-18T14:59:17Z</time>
    <extensions>
     <power>263</power>
     <gpxtpx:TrackPointExtension>
      <gpxtpx:hr>185</gpxtpx:hr>
     </gpxtpx:TrackPointExtension>
    </extensions>
   </trkpt>
   <trkpt lat="52.5147400" lon="13.2325300">
    <ele>68.8</ele>
    <time>2025-09-18T14:59:18Z</time>
    <extensions>
     <power>263</power>
     <gpxtpx:TrackPointExtension>
      <gpxtpx:hr>185</gpxtpx:hr>
     </gpxtpx:TrackPointExtension>
    </extensions>
   </trkpt>
   <trkpt lat="52.5147600" lon="13.2325300">
    <ele>68.8</ele>
    <time>2025-09-18T14:59:19Z</time>
    <extensions>
     <power>263</power>
     <gpxtpx:TrackPointExtension>
      <gpxtpx:hr>185</gpxtpx:hr>
     </gpxtpx:TrackPointExtension>
    </extensions>
   </trkpt>
   <trkpt lat="52.5147800" lon="13.2325300">
    <ele>68.8</ele>
    <time>2025-09-18T14:59:20Z</time>
    <extensions>
     <power>265</power>
     <gpxtpx:TrackPointExtension>
      <gpxtpx:hr>185</gpxtpx:hr>
     </gpxtpx:TrackPointExtension>
    </extensions>
   </trkpt>
   <trkpt lat="52.5148310" lon="13.2325270">
    <ele>68.8</ele>
    <time>2025-09-18T14:59:21Z</time>
    <extensions>
     <power>265</power>
     <gpxtpx:TrackPointExtension>
      <gpxtpx:hr>184</gpxtpx:hr>
     </gpxtpx:TrackPointExtension>
    </extensions>
   </trkpt>
   <trkpt lat="52.5148520" lon="13.2325250">
    <ele>68.8</ele>
    <time>2025-09-18T14:59:22Z</time>
    <extensions>
     <power>265</power>
     <gpxtpx:TrackPointExtension>
      <gpxtpx:hr>184</gpxtpx:hr>
     </gpxtpx:TrackPointExtension>
    </extensions>
   </trkpt>
   <trkpt lat="52.5148720" lon="13.2325220">
    <ele>68.8</ele>
    <time>2025-09-18T14:59:23Z</time>
    <extensions>
     <power>270</power>
     <gpxtpx:TrackPointExtension>
      <gpxtpx:hr>184</gpxtpx:hr>
     </gpxtpx:TrackPointExtension>
    </extensions>
   </trkpt>
   <trkpt lat="52.5149150" lon="13.2325140">
    <ele>68.8</ele>
    <time>2025-09-18T14:59:24Z</time>
    <extensions>
     <power>270</power>
     <gpxtpx:TrackPointExtension>
      <gpxtpx:hr>184</gpxtpx:hr>
     </gpxtpx:TrackPointExtension>
    </extensions>
   </trkpt>
   <trkpt lat="52.5149290" lon="13.2325110">
    <ele>68.8</ele>
    <time>2025-09-18T14:59:25Z</time>
    <extensions>
     <power>271</power>
     <gpxtpx:TrackPointExtension>
      <gpxtpx:hr>184</gpxtpx:hr>
     </gpxtpx:TrackPointExtension>
    </extensions>
   </trkpt>
   <trkpt lat="52.5149760" lon="13.2325160">
    <ele>68.8</ele>
    <time>2025-09-18T14:59:26Z</time>
    <extensions>
     <power>271</power>
     <gpxtpx:TrackPointExtension>
      <gpxtpx:hr>184</gpxtpx:hr>
     </gpxtpx:TrackPointExtension>
    </extensions>
   </trkpt>
   <trkpt lat="52.5149940" lon="13.2325200">
    <ele>68.8</ele>
    <time>2025-09-18T14:59:27Z</time>
    <extensions>
     <power>271</power>
     <gpxtpx:TrackPointExtension>
      <gpxtpx:hr>184</gpxtpx:hr>
     </gpxtpx:TrackPointExtension>
    </extensions>
   </trkpt>
   <trkpt lat="52.5150130" lon="13.2325250">
    <ele>68.8</ele>
    <time>2025-09-18T14:59:28Z</time>
    <extensions>
     <power>270</power>
     <gpxtpx:TrackPointExtension>
      <gpxtpx:hr>184</gpxtpx:hr>
     </gpxtpx:TrackPointExtension>
    </extensions>
   </trkpt>
   <trkpt lat="52.5150550" lon="13.2325370">
    <ele>68.8</ele>
    <time>2025-09-18T14:59:29Z</time>
    <extensions>
     <power>270</power>
     <gpxtpx:TrackPointExtension>
      <gpxtpx:hr>184</gpxtpx:hr>
     </gpxtpx:TrackPointExtension>
    </extensions>
   </trkpt>
   <trkpt lat="52.5150690" lon="13.2325410">
    <ele>68.8</ele>
    <time>2025-09-18T14:59:30Z</time>
    <extensions>
     <power>274</power>
     <gpxtpx:TrackPointExtension>
      <gpxtpx:hr>184</gpxtpx:hr>
     </gpxtpx:TrackPointExtension>
    </extensions>
   </trkpt>
   <trkpt lat="52.5151140" lon="13.2325520">
    <ele>68.8</ele>
    <time>2025-09-18T14:59:31Z</time>
    <extensions>
     <power>274</power>
     <gpxtpx:TrackPointExtension>
      <gpxtpx:hr>184</gpxtpx:hr>
     </gpxtpx:TrackPointExtension>
    </extensions>
   </trkpt>
   <trkpt lat="52.5151330" lon="13.2325550">
    <ele>68.8</ele>
    <time>2025-09-18T14:59:32Z</time>
    <extensions>
     <power>274</power>
     <gpxtpx:TrackPointExtension>
      <gpxtpx:hr>184</gpxtpx:hr>
     </gpxtpx:TrackPointExtension>
    </extensions>
   </trkpt>
   <trkpt lat="52.5151510" lon="13.2325590">
    <ele>69.0</ele>
    <time>2025-09-18T14:59:33Z</time>
    <extensions>
     <power>273</power>
     <gpxtpx:TrackPointExtension>
      <gpxtpx:hr>184</gpxtpx:hr>
     </gpxtpx:TrackPointExtension>
    </extensions>
   </trkpt>
   <trkpt lat="52.5151930" lon="13.2325660">
    <ele>69.0</ele>
    <time>2025-09-18T14:59:34Z</time>
    <extensions>
     <power>273</power>
     <gpxtpx:TrackPointExtension>
      <gpxtpx:hr>184</gpxtpx:hr>
     </gpxtpx:TrackPointExtension>
    </extensions>
   </trkpt>
   <trkpt lat="52.5152070" lon="13.2325680">
    <ele>69.0</ele>
    <time>2025-09-18T14:59:35Z</time>
    <extensions>
     <power>278</power>
     <gpxtpx:TrackPointExtension>
      <gpxtpx:hr>183</gpxtpx:hr>
     </gpxtpx:TrackPointExtension>
    </extensions>
   </trkpt>
   <trkpt lat="52.5152550" lon="13.2325820">
    <ele>69.0</ele>
    <time>2025-09-18T14:59:36Z</time>
    <extensions>
     <power>278</power>
     <gpxtpx:TrackPointExtension>
      <gpxtpx:hr>183</gpxtpx:hr>
     </gpxtpx:TrackPointExtension>
    </extensions>
   </trkpt>
   <trkpt lat="52.5152740" lon="13.2325890">
    <ele>69.0</ele>
    <time>2025-09-18T14:59:37Z</time>
    <extensions>
     <power>278</power>
     <gpxtpx:TrackPointExtension>
      <gpxtpx:hr>183</gpxtpx:hr>
     </gpxtpx:TrackPointExtension>
    </extensions>
   </trkpt>
   <trkpt lat="52.5152940" lon="13.2325960">
    <ele>69.0</ele>
    <time>2025-09-18T14:59:38Z</time>
    <extensions>
     <power>275</power>
     <gpxtpx:TrackPointExtension>
      <gpxtpx:hr>183</gpxtpx:hr>
     </gpxtpx:TrackPointExtension>
    </extensions>
   </trkpt>
   <trkpt lat="52.5153440" lon="13.2326110">
    <ele>69.0</ele>
    <time>2025-09-18T14:59:39Z</time>
    <extensions>
     <power>275</power>
     <gpxtpx:TrackPointExtension>
      <gpxtpx:hr>183</gpxtpx:hr>
     </gpxtpx:TrackPointExtension>
    </extensions>
   </trkpt>
   <trkpt lat="52.5153640" lon="13.2326150">
    <ele>69.0</ele>
    <time>2025-09-18T14:59:40Z</time>
    <extensions>
     <power>275</power>
     <gpxtpx:TrackPointExtension>
      <gpxtpx:hr>184</gpxtpx:hr>
     </gpxtpx:TrackPointExtension>
    </extensions>
   </trkpt>
   <trkpt lat="52.5153840" lon="13.2326200">
    <ele>69.0</ele>
    <time>2025-09-18T14:59:41Z</time>
    <extensions>
     <power>278</power>
     <gpxtpx:TrackPointExtension>
      <gpxtpx:hr>184</gpxtpx:hr>
     </gpxtpx:TrackPointExtension>
    </extensions>
   </trkpt>
   <trkpt lat="52.5154260" lon="13.2326300">
    <ele>69.0</ele>
    <time>2025-09-18T14:59:42Z</time>
    <extensions>
     <power>278</power>
     <gpxtpx:TrackPointExtension>
      <gpxtpx:hr>184</gpxtpx:hr>
     </gpxtpx:TrackPointExtension>
    </extensions>
   </trkpt>
   <trkpt lat="52.5154400" lon="13.2326340">
    <ele>69.0</ele>
    <time>2025-09-18T14:59:43Z</time>
    <extensions>
     <power>279</power>
     <gpxtpx:TrackPointExtension>
      <gpxtpx:hr>184</gpxtpx:hr>
     </gpxtpx:TrackPointExtension>
    </extensions>
   </trkpt>
   <trkpt lat="52.5154840" lon="13.2326490">
    <ele>69.0</ele>
    <time>2025-09-18T14:59:44Z</time>
    <extensions>
     <power>279</power>
     <gpxtpx:TrackPointExtension>
      <gpxtpx:hr>184</gpxtpx:hr>
     </gpxtpx:TrackPointExtension>
    </extensions>
   </trkpt>
   <trkpt lat="52.5155020" lon="13.2326560">
    <ele>69.0</ele>
    <time>2025-09-18T14:59:45Z</time>
    <extensions>
     <power>279</power>
     <gpxtpx:TrackPointExtension>
      <gpxtpx:hr>184</gpxtpx:hr>
     </gpxtpx:TrackPointExtension>
    </extensions>
   </trkpt>
   <trkpt lat="52.5155190" lon="13.2326630">
    <ele>69.0</ele>
    <time>2025-09-18T14:59:46Z</time>
    <extensions>
     <power>281</power>
     <gpxtpx:TrackPointExtension>
      <gpxtpx:hr>184</gpxtpx:hr>
     </gpxtpx:TrackPointExtension>
    </extensions>
   </trkpt>
   <trkpt lat="52.5155570" lon="13.2326930">
    <ele>69.0</ele>
    <time>2025-09-18T14:59:47Z</time>
    <extensions>
     <power>281</power>
     <gpxtpx:TrackPointExtension>
      <gpxtpx:hr>184</gpxtpx:hr>
     </gpxtpx:TrackPointExtension>
    </extensions>
   </trkpt>
   <trkpt lat="52.5155680" lon="13.2327070">
    <ele>68.8</ele>
    <time>2025-09-18T14:59:48Z</time>
    <extensions>
     <power>279</power>
     <gpxtpx:TrackPointExtension>
      <gpxtpx:hr>184</gpxtpx:hr>
     </gpxtpx:TrackPointExtension>
    </extensions>
   </trkpt>
   <trkpt lat="52.5155950" lon="13.2327690">
    <ele>68.8</ele>
    <time>2025-09-18T14:59:49Z</time>
    <extensions>
     <power>279</power>
     <gpxtpx:TrackPointExtension>
      <gpxtpx:hr>184</gpxtpx:hr>
     </gpxtpx:TrackPointExtension>
    </extensions>
   </trkpt>
   <trkpt lat="52.5156030" lon="13.2327980">
    <ele>68.8</ele>
    <time>2025-09-18T14:59:50Z</time>
    <extensions>
     <power>279</power>
     <gpxtpx:TrackPointExtension>
      <gpxtpx:hr>184</gpxtpx:hr>
     </gpxtpx:TrackPointExtension>
    </extensions>
   </trkpt>
   <trkpt lat="52.5156110" lon="13.2328260">
    <ele>68.8</ele>
    <time>2025-09-18T14:59:51Z</time>
    <extensions>
     <power>279</power>
     <gpxtpx:TrackPointExtension>
      <gpxtpx:hr>184</gpxtpx:hr>
     </gpxtpx:TrackPointExtension>
    </extensions>
   </trkpt>
   <trkpt lat="52.5156190" lon="13.2328960">
    <ele>68.6</ele>
    <time>2025-09-18T14:59:52Z</time>
    <extensions>
     <power>279</power>
     <gpxtpx:TrackPointExtension>
      <gpxtpx:hr>183</gpxtpx:hr>
     </gpxtpx:TrackPointExtension>
    </extensions>
   </trkpt>
   <trkpt lat="52.5156200" lon="13.2329200">
    <ele>68.6</ele>
    <time>2025-09-18T14:59:53Z</time>
    <extensions>
     <power>275</power>
     <gpxtpx:TrackPointExtension>
      <gpxtpx:hr>183</gpxtpx:hr>
     </gpxtpx:TrackPointExtension>
    </extensions>
   </trkpt>
   <trkpt lat="52.5156220" lon="13.2329980">
    <ele>68.6</ele>
    <time>2025-09-18T14:59:54Z</time>
    <extensions>
     <power>275</power>
     <gpxtpx:TrackPointExtension>
      <gpxtpx:hr>183</gpxtpx:hr>
     </gpxtpx:TrackPointExtension>
    </extensions>
   </trkpt>
   <trkpt lat="52.5156220" lon="13.2330280">
    <ele>68.4</ele>
    <time>2025-09-18T14:59:55Z</time>
    <extensions>
     <power>275</power>
     <gpxtpx:TrackPointExtension>
      <gpxtpx:hr>183</gpxtpx:hr>
     </gpxtpx:TrackPointExtension>
    </extensions>
   </trkpt>
   <trkpt lat="52.5156230" lon="13.2330580">
    <ele>68.4</ele>
    <time>2025-09-18T14:59:56Z</time>
    <extensions>
     <power>271</power>
     <gpxtpx:TrackPointExtension>
      <gpxtpx:hr>183</gpxtpx:hr>
     </gpxtpx:TrackPointExtension>
    </extensions>
   </trkpt>
   <trkpt lat="52.5156310" lon="13.2331340">
    <ele>68.4</ele>
    <time>2025-09-18T14:59:57Z</time>
    <extensions>
     <power>271</power>
     <gpxtpx:TrackPointExtension>
      <gpxtpx:hr>183</gpxtpx:hr>
     </gpxtpx:TrackPointExtension>
    </extensions>
   </trkpt>
   <trkpt lat="52.5156350" lon="13.2331670">
    <ele>68.4</ele>
    <time>2025-09-18T14:59:58Z</time>
    <extensions>
     <power>271</power>
     <gpxtpx:TrackPointExtension>
      <gpxtpx:hr>183</gpxtpx:hr>
     </gpxtpx:TrackPointExtension>
    </extensions>
   </trkpt>
   <trkpt lat="52.5156380" lon="13.2331990">
    <ele>68.2</ele>
    <time>2025-09-18T14:59:59Z</time>
    <extensions>
     <power>273</power>
     <gpxtpx:TrackPointExtension>
      <gpxtpx:hr>183</gpxtpx:hr>
     </gpxtpx:TrackPointExtension>
    </extensions>
   </trkpt>
   <trkpt lat="52.5156450" lon="13.2332720">
    <ele>68.2</ele>
    <time>2025-09-18T15:00:00Z</time>
    <extensions>
     <power>273</power>
     <gpxtpx:TrackPointExtension>
      <gpxtpx:hr>185</gpxtpx:hr>
     </gpxtpx:TrackPointExtension>
    </extensions>
   </trkpt>
   <trkpt lat="52.5156470" lon="13.2332960">
    <ele>68.2</ele>
    <time>2025-09-18T15:00:01Z</time>
    <extensions>
     <power>271</power>
     <gpxtpx:TrackPointExtension>
      <gpxtpx:hr>185</gpxtpx:hr>
     </gpxtpx:TrackPointExtension>
    </extensions>
   </trkpt>
   <trkpt lat="52.5156530" lon="13.2333650">
    <ele>68.2</ele>
    <time>2025-09-18T15:00:03Z</time>
    <extensions>
     <power>271</power>
     <gpxtpx:TrackPointExtension>
      <gpxtpx:hr>185</gpxtpx:hr>
     </gpxtpx:TrackPointExtension>
    </extensions>
   </trkpt>
   <trkpt lat="52.5156540" lon="13.2333890">
    <ele>68.0</ele>
    <time>2025-09-18T15:00:04Z</time>
    <extensions>
     <power>275</power>
     <gpxtpx:TrackPointExtension>
      <gpxtpx:hr>185</gpxtpx:hr>
     </gpxtpx:TrackPointExtension>
    </extensions>
   </trkpt>
   <trkpt lat="52.5156600" lon="13.2334630">
    <ele>68.0</ele>
    <time>2025-09-18T15:00:05Z</time>
    <extensions>
     <power>275</power>
     <gpxtpx:TrackPointExtension>
      <gpxtpx:hr>184</gpxtpx:hr>
     </gpxtpx:TrackPointExtension>
    </extensions>
   </trkpt>
   <trkpt lat="52.5156620" lon="13.2334890">
    <ele>68.0</ele>
    <time>2025-09-18T15:00:06Z</time>
    <extensions>
     <power>274</power>
     <gpxtpx:TrackPointExtension>
      <gpxtpx:hr>184</gpxtpx:hr>
     </gpxtpx:TrackPointExtension>
    </extensions>
   </trkpt>
   <trkpt lat="52.5156730" lon="13.2335680">
    <ele>68.0</ele>
    <time>2025-09-18T15:00:07Z</time>
    <extensions>
     <power>274</power>
     <gpxtpx:TrackPointExtension>
      <gpxtpx:hr>184</gpxtpx:hr>
     </gpxtpx:TrackPointExtension>
    </extensions>
   </trkpt>
   <trkpt lat="52.5156780" lon="13.2335990">
    <ele>67.8</ele>
    <time>2025-09-18T15:00:08Z</time>
    <extensions>
     <power>274</power>
     <gpxtpx:TrackPointExtension>
      <gpxtpx:hr>184</gpxtpx:hr>
     </gpxtpx:TrackPointExtension>
    </extensions>
   </trkpt>
   <trkpt lat="52.5156830" lon="13.2336290">
    <ele>67.8</ele>
    <time>2025-09-18T15:00:09Z</time>
    <extensions>
     <power>271</power>
     <gpxtpx:TrackPointExtension>
      <gpxtpx:hr>184</gpxtpx:hr>
     </gpxtpx:TrackPointExtension>
    </extensions>
   </trkpt>
   <trkpt lat="52.5156950" lon="13.2337030">
    <ele>67.8</ele>
    <time>2025-09-18T15:00:10Z</time>
    <extensions>
     <power>271</power>
     <gpxtpx:TrackPointExtension>
      <gpxtpx:hr>186</gpxtpx:hr>
     </gpxtpx:TrackPointExtension>
    </extensions>
   </trkpt>
   <trkpt lat="52.5157000" lon="13.2337330">
    <ele>67.8</ele>
    <time>2025-09-18T15:00:11Z</time>
    <extensions>
     <power>271</power>
     <gpxtpx:TrackPointExtension>
      <gpxtpx:hr>185</gpxtpx:hr>
     </gpxtpx:TrackPointExtension>
    </extensions>
   </trkpt>
   <trkpt lat="52.5157050" lon="13.2337640">
    <ele>67.8</ele>
    <time>2025-09-18T15:00:12Z</time>
    <extensions>
     <power>275</power>
     <gpxtpx:TrackPointExtension>
      <gpxtpx:hr>185</gpxtpx:hr>
     </gpxtpx:TrackPointExtension>
    </extensions>
   </trkpt>
   <trkpt lat="52.5157140" lon="13.2338400">
    <ele>67.6</ele>
    <time>2025-09-18T15:00:13Z</time>
    <extensions>
     <power>275</power>
     <gpxtpx:TrackPointExtension>
      <gpxtpx:hr>185</gpxtpx:hr>
     </gpxtpx:TrackPointExtension>
    </extensions>
   </trkpt>
   <trkpt lat="52.5157160" lon="13.2338660">
    <ele>67.6</ele>
    <time>2025-09-18T15:00:14Z</time>
    <extensions>
     <power>277</power>
     <gpxtpx:TrackPointExtension>
      <gpxtpx:hr>185</gpxtpx:hr>
     </gpxtpx:TrackPointExtension>
    </extensions>
   </trkpt>
   <trkpt lat="52.5157260" lon="13.2339450">
    <ele>67.6</ele>
    <time>2025-09-18T15:00:15Z</time>
    <extensions>
     <power>277</power>
     <gpxtpx:TrackPointExtension>
      <gpxtpx:hr>185</gpxtpx:hr>
     </gpxtpx:TrackPointExtension>
    </extensions>
   </trkpt>
   <trkpt lat="52.5157310" lon="13.2339750">
    <ele>67.6</ele>
    <time>2025-09-18T15:00:16Z</time>
    <extensions>
     <power>277</power>
     <gpxtpx:TrackPointExtension>
      <gpxtpx:hr>185</gpxtpx:hr>
     </gpxtpx:TrackPointExtension>
    </extensions>
   </trkpt>
   <trkpt lat="52.5157350" lon="13.2340050">
    <ele>67.6</ele>
    <time>2025-09-18T15:00:17Z</time>
    <extensions>
     <power>273</power>
     <gpxtpx:TrackPointExtension>
      <gpxtpx:hr>185</gpxtpx:hr>
     </gpxtpx:TrackPointExtension>
    </extensions>
   </trkpt>
   <trkpt lat="52.5157450" lon="13.2340680">
    <ele>67.4</ele>
    <time>2025-09-18T15:00:18Z</time>
    <extensions>
     <power>273</power>
     <gpxtpx:TrackPointExtension>
      <gpxtpx:hr>185</gpxtpx:hr>
     </gpxtpx:TrackPointExtension>
    </extensions>
   </trkpt>
   <trkpt lat="52.5157480" lon="13.2340890">
    <ele>67.4</ele>
    <time>2025-09-18T15:00:19Z</time>
    <extensions>
     <power>270</power>
     <gpxtpx:TrackPointExtension>
      <gpxtpx:hr>185</gpxtpx:hr>
     </gpxtpx:TrackPointExtension>
    </extensions>
   </trkpt>
   <trkpt lat="52.5157590" lon="13.2341850">
    <ele>67.4</ele>
    <time>2025-09-18T15:00:20Z</time>
    <extensions>
     <power>270</power>
     <gpxtpx:TrackPointExtension>
      <gpxtpx:hr>185</gpxtpx:hr>
     </gpxtpx:TrackPointExtension>
    </extensions>
   </trkpt>
   <trkpt lat="52.5157640" lon="13.2342360">
    <ele>67.2</ele>
    <time>2025-09-18T15:00:21Z</time>
    <extensions>
     <power>270</power>
     <gpxtpx:TrackPointExtension>
      <gpxtpx:hr>185</gpxtpx:hr>
     </gpxtpx:TrackPointExtension>
    </extensions>
   </trkpt>
   <trkpt lat="52.5157680" lon="13.2342870">
    <ele>67.2</ele>
    <time>2025-09-18T15:00:22Z</time>
    <extensions>
     <power>275</power>
     <gpxtpx:TrackPointExtension>
      <gpxtpx:hr>185</gpxtpx:hr>
     </gpxtpx:TrackPointExtension>
    </extensions>
   </trkpt>
   <trkpt lat="52.5157700" lon="13.2343710">
    <ele>67.2</ele>
    <time>2025-09-18T15:00:23Z</time>
    <extensions>
     <power>275</power>
     <gpxtpx:TrackPointExtension>
      <gpxtpx:hr>185</gpxtpx:hr>
     </gpxtpx:TrackPointExtension>
    </extensions>
   </trkpt>
   <trkpt lat="52.5157700" lon="13.2343990">
    <ele>67.2</ele>
    <time>2025-09-18T15:00:24Z</time>
    <extensions>
     <power>279</power>
     <gpxtpx:TrackPointExtension>
      <gpxtpx:hr>185</gpxtpx:hr>
     </gpxtpx:TrackPointExtension>
    </extensions>
   </trkpt>
   <trkpt lat="52.5157710" lon="13.2344890">
    <ele>67.0</ele>
    <time>2025-09-18T15:00:25Z</time>
    <extensions>
     <power>279</power>
     <gpxtpx:TrackPointExtension>
      <gpxtpx:hr>185</gpxtpx:hr>
     </gpxtpx:TrackPointExtension>
    </extensions>
   </trkpt>
   <trkpt lat="52.5157710" lon="13.2345250">
    <ele>67.0</ele>
    <time>2025-09-18T15:00:26Z</time>
    <extensions>
     <power>279</power>
     <gpxtpx:TrackPointExtension>
      <gpxtpx:hr>186</gpxtpx:hr>
     </gpxtpx:TrackPointExtension>
    </extensions>
   </trkpt>
   <trkpt lat="52.5157710" lon="13.2345600">
    <ele>67.0</ele>
    <time>2025-09-18T15:00:27Z</time>
    <extensions>
     <power>278</power>
     <gpxtpx:TrackPointExtension>
      <gpxtpx:hr>186</gpxtpx:hr>
     </gpxtpx:TrackPointExtension>
    </extensions>
   </trkpt>
   <trkpt lat="52.5157740" lon="13.2346370">
    <ele>66.8</ele>
    <time>2025-09-18T15:00:28Z</time>
    <extensions>
     <power>278</power>
     <gpxtpx:TrackPointExtension>
      <gpxtpx:hr>186</gpxtpx:hr>
     </gpxtpx:TrackPointExtension>
    </extensions>
   </trkpt>
   <trkpt lat="52.5157760" lon="13.2346680">
    <ele>66.8</ele>
    <time>2025-09-18T15:00:29Z</time>
    <extensions>
     <power>278</power>
     <gpxtpx:TrackPointExtension>
      <gpxtpx:hr>186</gpxtpx:hr>
     </gpxtpx:TrackPointExtension>
    </extensions>
   </trkpt>
   <trkpt lat="52.5157780" lon="13.2346980">
    <ele>66.8</ele>
    <time>2025-09-18T15:00:30Z</time>
    <extensions>
     <power>277</power>
     <gpxtpx:TrackPointExtension>
      <gpxtpx:hr>186</gpxtpx:hr>
     </gpxtpx:TrackPointExtension>
    </extensions>
   </trkpt>
   <trkpt lat="52.5157870" lon="13.2347640">
    <ele>66.8</ele>
    <time>2025-09-18T15:00:31Z</time>
    <extensions>
     <power>277</power>
     <gpxtpx:TrackPointExtension>
      <gpxtpx:hr>185</gpxtpx:hr>
     </gpxtpx:TrackPointExtension>
    </extensions>
   </trkpt>
   <trkpt lat="52.5157890" lon="13.2347860">
    <ele>66.6</ele>
    <time>2025-09-18T15:00:32Z</time>
    <extensions>
     <power>277</power>
     <gpxtpx:TrackPointExtension>
      <gpxtpx:hr>185</gpxtpx:hr>
     </gpxtpx:TrackPointExtension>
    </extensions>
   </trkpt>
   <trkpt lat="52.5157940" lon="13.2348680">
    <ele>66.6</ele>
    <time>2025-09-18T15:00:33Z</time>
    <extensions>
     <power>277</power>
     <gpxtpx:TrackPointExtension>
      <gpxtpx:hr>185</gpxtpx:hr>
     </gpxtpx:TrackPointExtension>
    </extensions>
   </trkpt>
   <trkpt lat="52.5157970" lon="13.2349030">
    <ele>66.6</ele>
    <time>2025-09-18T15:00:34Z</time>
    <extensions>
     <power>277</power>
     <gpxtpx:TrackPointExtension>
      <gpxtpx:hr>185</gpxtpx:hr>
     </gpxtpx:TrackPointExtension>
    </extensions>
   </trkpt>
   <trkpt lat="52.5157990" lon="13.2349370">
    <ele>66.6</ele>
    <time>2025-09-18T15:00:35Z</time>
    <extensions>
     <power>279</power>
     <gpxtpx:TrackPointExtension>
      <gpxtpx:hr>185</gpxtpx:hr>
     </gpxtpx:TrackPointExtension>
    </extensions>
   </trkpt>
   <trkpt lat="52.5158030" lon="13.2350160">
    <ele>66.6</ele>
    <time>2025-09-18T15:00:36Z</time>
    <extensions>
     <power>279</power>
     <gpxtpx:TrackPointExtension>
      <gpxtpx:hr>186</gpxtpx:hr>
     </gpxtpx:TrackPointExtension>
    </extensions>
   </trkpt>
   <trkpt lat="52.5158040" lon="13.2350430">
    <ele>66.4</ele>
    <time>2025-09-18T15:00:37Z</time>
    <extensions>
     <power>279</power>
     <gpxtpx:TrackPointExtension>
      <gpxtpx:hr>186</gpxtpx:hr>
     </gpxtpx:TrackPointExtension>
    </extensions>
   </trkpt>
   <trkpt lat="52.5158060" lon="13.2351290">
    <ele>66.4</ele>
    <time>2025-09-18T15:00:38Z</time>
    <extensions>
     <power>279</power>
     <gpxtpx:TrackPointExtension>
      <gpxtpx:hr>186</gpxtpx:hr>
     </gpxtpx:TrackPointExtension>
    </extensions>
   </trkpt>
   <trkpt lat="52.5158070" lon="13.2351620">
    <ele>66.4</ele>
    <time>2025-09-18T15:00:39Z</time>
    <extensions>
     <power>279</power>
     <gpxtpx:TrackPointExtension>
      <gpxtpx:hr>186</gpxtpx:hr>
     </gpxtpx:TrackPointExtension>
    </extensions>
   </trkpt>
   <trkpt lat="52.5158080" lon="13.2351950">
    <ele>66.4</ele>
    <time>2025-09-18T15:00:40Z</time>
    <extensions>
     <power>280</power>
     <gpxtpx:TrackPointExtension>
      <gpxtpx:hr>186</gpxtpx:hr>
     </gpxtpx:TrackPointExtension>
    </extensions>
   </trkpt>
   <trkpt lat="52.5158150" lon="13.2352690">
    <ele>66.4</ele>
    <time>2025-09-18T15:00:41Z</time>
    <extensions>
     <power>280</power>
     <gpxtpx:TrackPointExtension>
      <gpxtpx:hr>186</gpxtpx:hr>
     </gpxtpx:TrackPointExtension>
    </extensions>
   </trkpt>
   <trkpt lat="52.5158180" lon="13.2352970">
    <ele>66.6</ele>
    <time>2025-09-18T15:00:42Z</time>
    <extensions>
     <power>280</power>
     <gpxtpx:TrackPointExtension>
      <gpxtpx:hr>186</gpxtpx:hr>
     </gpxtpx:TrackPointExtension>
    </extensions>
   </trkpt>
   <trkpt lat="52.5158220" lon="13.2353260">
    <ele>66.6</ele>
    <time>2025-09-18T15:00:43Z</time>
    <extensions>
     <power>274</power>
     <gpxtpx:TrackPointExtension>
      <gpxtpx:hr>186</gpxtpx:hr>
     </gpxtpx:TrackPointExtension>
    </extensions>
   </trkpt>
   <trkpt lat="52.5158320" lon="13.2353960">
    <ele>66.6</ele>
    <time>2025-09-18T15:00:44Z</time>
    <extensions>
     <power>274</power>
     <gpxtpx:TrackPointExtension>
      <gpxtpx:hr>186</gpxtpx:hr>
     </gpxtpx:TrackPointExtension>
    </extensions>
   </trkpt>
   <trkpt lat="52.5158350" lon="13.2354210">
    <ele>66.6</ele>
    <time>2025-09-18T15:00:45Z</time>
    <extensions>
     <power>276</power>
     <gpxtpx:TrackPointExtension>
      <gpxtpx:hr>186</gpxtpx:hr>
     </gpxtpx:TrackPointExtension>
    </extensions>
   </trkpt>
   <trkpt lat="52.5158420" lon="13.2355030">
    <ele>66.6</ele>
    <time>2025-09-18T15:00:46Z</time>
    <extensions>
     <power>276</power>
     <gpxtpx:TrackPointExtension>
      <gpxtpx:hr>186</gpxtpx:hr>
     </gpxtpx:TrackPointExtension>
    </extensions>
   </trkpt>
   <trkpt lat="52.5158450" lon="13.2355350">
    <ele>66.6</ele>
    <time>2025-09-18T15:00:47Z</time>
    <extensions>
     <power>276</power>
     <gpxtpx:TrackPointExtension>
      <gpxtpx:hr>186</gpxtpx:hr>
     </gpxtpx:TrackPointExtension>
    </extensions>
   </trkpt>
   <trkpt lat="52.5158470" lon="13.2355670">
    <ele>66.6</ele>
    <time>2025-09-18T15:00:48Z</time>
    <extensions>
     <power>275</power>
     <gpxtpx:TrackPointExtension>
      <gpxtpx:hr>186</gpxtpx:hr>
     </gpxtpx:TrackPointExtension>
    </extensions>
   </trkpt>
   <trkpt lat="52.5158530" lon="13.2356340">
    <ele>66.6</ele>
    <time>2025-09-18T15:00:49Z</time>
    <extensions>
     <power>275</power>
     <gpxtpx:TrackPointExtension>
      <gpxtpx:hr>186</gpxtpx:hr>
     </gpxtpx:TrackPointExtension>
    </extensions>
   </trkpt>
   <trkpt lat="52.5158540" lon="13.2356560">
    <ele>66.6</ele>
    <time>2025-09-18T15:00:50Z</time>
    <extensions>
     <power>274</power>
     <gpxtpx:TrackPointExtension>
      <gpxtpx:hr>186</gpxtpx:hr>
     </gpxtpx:TrackPointExtension>
    </extensions>
   </trkpt>
   <trkpt lat="52.5158610" lon="13.2357320">
    <ele>66.8</ele>
    <time>2025-09-18T15:00:51Z</time>
    <extensions>
     <power>274</power>
     <gpxtpx:TrackPointExtension>
      <gpxtpx:hr>186</gpxtpx:hr>
     </gpxtpx:TrackPointExtension>
    </extensions>
   </trkpt>
   <trkpt lat="52.5158650" lon="13.2357640">
    <ele>66.8</ele>
    <time>2025-09-18T15:00:52Z</time>
    <extensions>
     <power>274</power>
     <gpxtpx:TrackPointExtension>
      <gpxtpx:hr>186</gpxtpx:hr>
     </gpxtpx:TrackPointExtension>
    </extensions>
   </trkpt>
   <trkpt lat="52.5158680" lon="13.2357950">
    <ele>66.8</ele>
    <time>2025-09-18T15:00:53Z</time>
    <extensions>
     <power>276</power>
     <gpxtpx:TrackPointExtension>
      <gpxtpx:hr>186</gpxtpx:hr>
     </gpxtpx:TrackPointExtension>
    </extensions>
   </trkpt>
   <trkpt lat="52.5158740" lon="13.2358680">
    <ele>66.8</ele>
    <time>2025-09-18T15:00:54Z</time>
    <extensions>
     <power>276</power>
     <gpxtpx:TrackPointExtension>
      <gpxtpx:hr>186</gpxtpx:hr>
     </gpxtpx:TrackPointExtension>
    </extensions>
   </trkpt>
   <trkpt lat="52.5158750" lon="13.2358930">
    <ele>67.0</ele>
    <time>2025-09-18T15:00:55Z</time>
    <extensions>
     <power>275</power>
     <gpxtpx:TrackPointExtension>
      <gpxtpx:hr>186</gpxtpx:hr>
     </gpxtpx:TrackPointExtension>
    </extensions>
   </trkpt>
   <trkpt lat="52.5158800" lon="13.2359740">
    <ele>67.0</ele>
    <time>2025-09-18T15:00:56Z</time>
    <extensions>
     <power>275</power>
     <gpxtpx:TrackPointExtension>
      <gpxtpx:hr>186</gpxtpx:hr>
     </gpxtpx:TrackPointExtension>
    </extensions>
   </trkpt>
   <trkpt lat="52.5158820" lon="13.2360070">
    <ele>67.0</ele>
    <time>2025-09-18T15:00:57Z</time>
    <extensions>
     <power>275</power>
     <gpxtpx:TrackPointExtension>
      <gpxtpx:hr>186</gpxtpx:hr>
     </gpxtpx:TrackPointExtension>
    </extensions>
   </trkpt>
   <trkpt lat="52.5158850" lon="13.2360400">
    <ele>67.0</ele>
    <time>2025-09-18T15:00:58Z</time>
    <extensions>
     <power>265</power>
     <gpxtpx:TrackPointExtension>
      <gpxtpx:hr>186</gpxtpx:hr>
     </gpxtpx:TrackPointExtension>
    </extensions>
   </trkpt>
   <trkpt lat="52.5158980" lon="13.2361170">
    <ele>67.2</ele>
    <time>2025-09-18T15:00:59Z</time>
    <extensions>
     <power>265</power>
     <gpxtpx:TrackPointExtension>
      <gpxtpx:hr>185</gpxtpx:hr>
     </gpxtpx:TrackPointExtension>
    </extensions>
   </trkpt>
   <trkpt lat="52.5159050" lon="13.2361460">
    <ele>67.2</ele>
    <time>2025-09-18T15:01:00Z</time>
    <extensions>
     <power>265</power>
     <gpxtpx:TrackPointExtension>
      <gpxtpx:hr>185</gpxtpx:hr>
     </gpxtpx:TrackPointExtension>
    </extensions>
   </trkpt>
   <trkpt lat="52.5159120" lon="13.2361750">
    <ele>67.2</ele>
    <time>2025-09-18T15:01:01Z</time>
    <extensions>
     <power>269</power>
     <gpxtpx:TrackPointExtension>
      <gpxtpx:hr>185</gpxtpx:hr>
     </gpxtpx:TrackPointExtension>
    </extensions>
   </trkpt>
   <trkpt lat="52.5159320" lon="13.2362340">
    <ele>67.2</ele>
    <time>2025-09-18T15:01:02Z</time>
    <extensions>
     <power>269</power>
     <gpxtpx:TrackPointExtension>
      <gpxtpx:hr>185</gpxtpx:hr>
     </gpxtpx:TrackPointExtension>
    </extensions>
   </trkpt>
   <trkpt lat="52.5159400" lon="13.2362520">
    <ele>67.2</ele>
    <time>2025-09-18T15:01:03Z</time>
    <extensions>
     <power>265</power>
     <gpxtpx:TrackPointExtension>
      <gpxtpx:hr>185</gpxtpx:hr>
     </gpxtpx:TrackPointExtension>
    </extensions>
   </trkpt>
   <trkpt lat="52.5159780" lon="13.2363000">
    <ele>67.2</ele>
    <time>2025-09-18T15:01:04Z</time>
    <extensions>
     <power>265</power>
     <gpxtpx:TrackPointExtension>
      <gpxtpx:hr>185</gpxtpx:hr>
     </gpxtpx:TrackPointExtension>
    </extensions>
   </trkpt>
   <trkpt lat="52.5159970" lon="13.2363180">
    <ele>67.2</ele>
    <time>2025-09-18T15:01:05Z</time>
    <extensions>
     <power>265</power>
     <gpxtpx:TrackPointExtension>
      <gpxtpx:hr>185</gpxtpx:hr>
     </gpxtpx:TrackPointExtension>
    </extensions>
   </trkpt>
   <trkpt lat="52.5160150" lon="13.2363350">
    <ele>67.2</ele>
    <time>2025-09-18T15:01:06Z</time>
    <extensions>
     <power>273</power>
     <gpxtpx:TrackPointExtension>
      <gpxtpx:hr>185</gpxtpx:hr>
     </gpxtpx:TrackPointExtension>
    </extensions>
   </trkpt>
   <trkpt lat="52.5160660" lon="13.2363640">
    <ele>67.2</ele>
    <time>2025-09-18T15:01:07Z</time>
    <extensions>
     <power>273</power>
     <gpxtpx:TrackPointExtension>
      <gpxtpx:hr>185</gpxtpx:hr>
     </gpxtpx:TrackPointExtension>
    </extensions>
   </trkpt>
   <trkpt lat="52.5160830" lon="13.2363720">
    <ele>67.2</ele>
    <time>2025-09-18T15:01:08Z</time>
    <extensions>
     <power>280</power>
     <gpxtpx:TrackPointExtension>
      <gpxtpx:hr>185</gpxtpx:hr>
     </gpxtpx:TrackPointExtension>
    </extensions>
   </trkpt>
   <trkpt lat="52.5161400" lon="13.2363840">
    <ele>67.2</ele>
    <time>2025-09-18T15:01:09Z</time>
    <extensions>
     <power>280</power>
     <gpxtpx:TrackPointExtension>
      <gpxtpx:hr>185</gpxtpx:hr>
     </gpxtpx:TrackPointExtension>
    </extensions>
   </trkpt>
   <trkpt lat="52.5161620" lon="13.2363860">
    <ele>67.2</ele>
    <time>2025-09-18T15:01:10Z</time>
    <extensions>
     <power>280</power>
     <gpxtpx:TrackPointExtension>
      <gpxtpx:hr>185</gpxtpx:hr>
     </gpxtpx:TrackPointExtension>
    </extensions>
   </trkpt>
   <trkpt lat="52.5161840" lon="13.2363870">
    <ele>67.2</ele>
    <time>2025-09-18T15:01:11Z</time>
    <extensions>
     <power>283</power>
     <gpxtpx:TrackPointExtension>
      <gpxtpx:hr>185</gpxtpx:hr>
     </gpxtpx:TrackPointExtension>
    </extensions>
   </trkpt>
   <trkpt lat="52.5162340" lon="13.2363800">
    <ele>67.2</ele>
    <time>2025-09-18T15:01:12Z</time>
    <extensions>
     <power>283</power>
     <gpxtpx:TrackPointExtension>
      <gpxtpx:hr>185</gpxtpx:hr>
     </gpxtpx:TrackPointExtension>
    </extensions>
   </trkpt>
   <trkpt lat="52.5162540" lon="13.2363770">
    <ele>67.2</ele>
    <time>2025-09-18T15:01:13Z</time>
    <extensions>
     <power>283</power>
     <gpxtpx:TrackPointExtension>
      <gpxtpx:hr>185</gpxtpx:hr>
     </gpxtpx:TrackPointExtension>
    </extensions>
   </trkpt>
   <trkpt lat="52.5162740" lon="13.2363740">
    <ele>67.2</ele>
    <time>2025-09-18T15:01:14Z</time>
    <extensions>
     <power>283</power>
     <gpxtpx:TrackPointExtension>
      <gpxtpx:hr>187</gpxtpx:hr>
     </gpxtpx:TrackPointExtension>
    </extensions>
   </trkpt>
   <trkpt lat="52.5163170" lon="13.2363700">
    <ele>67.0</ele>
    <time>2025-09-18T15:01:15Z</time>
    <extensions>
     <power>283</power>
     <gpxtpx:TrackPointExtension>
      <gpxtpx:hr>187</gpxtpx:hr>
     </gpxtpx:TrackPointExtension>
    </extensions>
   </trkpt>
   <trkpt lat="52.5163300" lon="13.2363690">
    <ele>67.0</ele>
    <time>2025-09-18T15:01:16Z</time>
    <extensions>
     <power>283</power>
     <gpxtpx:TrackPointExtension>
      <gpxtpx:hr>187</gpxtpx:hr>
     </gpxtpx:TrackPointExtension>
    </extensions>
   </trkpt>
   <trkpt lat="52.5163640" lon="13.2363880">
    <ele>67.0</ele>
    <time>2025-09-18T15:01:17Z</time>
    <extensions>
     <power>283</power>
     <gpxtpx:TrackPointExtension>
      <gpxtpx:hr>187</gpxtpx:hr>
     </gpxtpx:TrackPointExtension>
    </extensions>
   </trkpt>
   <trkpt lat="52.5163730" lon="13.2364000">
    <ele>66.8</ele>
    <time>2025-09-18T15:01:18Z</time>
    <extensions>
     <power>283</power>
     <gpxtpx:TrackPointExtension>
      <gpxtpx:hr>187</gpxtpx:hr>
     </gpxtpx:TrackPointExtension>
    </extensions>
   </trkpt>
   <trkpt lat="52.5163830" lon="13.2364130">
    <ele>66.8</ele>
    <time>2025-09-18T15:01:19Z</time>
    <extensions>
     <power>282</power>
     <gpxtpx:TrackPointExtension>
      <gpxtpx:hr>187</gpxtpx:hr>
     </gpxtpx:TrackPointExtension>
    </extensions>
   </trkpt>
   <trkpt lat="52.5163740" lon="13.2364510">
    <ele>66.6</ele>
    <time>2025-09-18T15:01:20Z</time>
    <extensions>
     <power>282</power>
     <gpxtpx:TrackPointExtension>
      <gpxtpx:hr>187</gpxtpx:hr>
     </gpxtpx:TrackPointExtension>
    </extensions>
   </trkpt>
   <trkpt lat="52.5163660" lon="13.2364620">
    <ele>66.4</ele>
    <time>2025-09-18T15:01:21Z</time>
    <extensions>
     <power>270</power>
     <gpxtpx:TrackPointExtension>
      <gpxtpx:hr>187</gpxtpx:hr>
     </gpxtpx:TrackPointExtension>
    </extensions>
   </trkpt>
   <trkpt lat="52.5163400" lon="13.2364780">
    <ele>66.4</ele>
    <time>2025-09-18T15:01:22Z</time>
    <extensions>
     <power>270</power>
     <gpxtpx:TrackPointExtension>
      <gpxtpx:hr>187</gpxtpx:hr>
     </gpxtpx:TrackPointExtension>
    </extensions>
   </trkpt>
   <trkpt lat="52.5163080" lon="13.2364840">
    <ele>66.2</ele>
    <time>2025-09-18T15:01:23Z</time>
    <extensions>
     <power>270</power>
     <gpxtpx:TrackPointExtension>
      <gpxtpx:hr>187</gpxtpx:hr>
     </gpxtpx:TrackPointExtension>
    </extensions>
   </trkpt>
   <trkpt lat="52.5162730" lon="13.2364840">
    <ele>66.0</ele>
    <time>2025-09-18T15:01:24Z</time>
    <extensions>
     <power>256</power>
     <gpxtpx:TrackPointExtension>
      <gpxtpx:hr>187</gpxtpx:hr>
     </gpxtpx:TrackPointExtension>
    </extensions>
   </trkpt>
   <trkpt lat="52.5162200" lon="13.2364780">
    <ele>65.8</ele>
    <time>2025-09-18T15:01:25Z</time>
    <extensions>
     <power>256</power>
     <gpxtpx:TrackPointExtension>
      <gpxtpx:hr>187</gpxtpx:hr>
     </gpxtpx:TrackPointExtension>
    </extensions>
   </trkpt>
   <trkpt lat="52.5162030" lon="13.2364760">
    <ele>65.8</ele>
    <time>2025-09-18T15:01:26Z</time>
    <extensions>
     <power>263</power>
     <gpxtpx:TrackPointExtension>
      <gpxtpx:hr>187</gpxtpx:hr>
     </gpxtpx:TrackPointExtension>
    </extensions>
   </trkpt>
   <trkpt lat="52.5161500" lon="13.2364690">
    <ele>65.6</ele>
    <time>2025-09-18T15:01:27Z</time>
    <extensions>
     <power>263</power>
     <gpxtpx:TrackPointExtension>
      <gpxtpx:hr>187</gpxtpx:hr>
     </gpxtpx:TrackPointExtension>
    </extensions>
   </trkpt>
   <trkpt lat="52.5161300" lon="13.2364660">
    <ele>65.4</ele>
    <time>2025-09-18T15:01:28Z</time>
    <extensions>
     <power>263</power>
     <gpxtpx:TrackPointExtension>
      <gpxtpx:hr>187</gpxtpx:hr>
     </gpxtpx:TrackPointExtension>
    </extensions>
   </trkpt>
   <trkpt lat="52.5161090" lon="13.2364640">
    <ele>65.2</ele>
    <time>2025-09-18T15:01:29Z</time>
    <extensions>
     <power>268</power>
     <gpxtpx:TrackPointExtension>
      <gpxtpx:hr>187</gpxtpx:hr>
     </gpxtpx:TrackPointExtension>
    </extensions>
   </trkpt>
   <trkpt lat="52.5160610" lon="13.2364610">
    <ele>65.0</ele>
    <time>2025-09-18T15:01:30Z</time>
    <extensions>
     <power>268</power>
     <gpxtpx:TrackPointExtension>
      <gpxtpx:hr>187</gpxtpx:hr>
     </gpxtpx:TrackPointExtension>
    </extensions>
   </trkpt>
   <trkpt lat="52.5160430" lon="13.2364610">
    <ele>65.0</ele>
    <time>2025-09-18T15:01:31Z</time>
    <extensions>
     <power>268</power>
     <gpxtpx:TrackPointExtension>
      <gpxtpx:hr>187</gpxtpx:hr>
     </gpxtpx:TrackPointExtension>
    </extensions>
   </trkpt>
   <trkpt lat="52.5160240" lon="13.2364610">
    <ele>64.8</ele>
    <time>2025-09-18T15:01:32Z</time>
    <extensions>
     <power>270</power>
     <gpxtpx:TrackPointExtension>
      <gpxtpx:hr>187</gpxtpx:hr>
     </gpxtpx:TrackPointExtension>
    </extensions>
   </trkpt>
   <trkpt lat="52.5159820" lon="13.2364670">
    <ele>64.6</ele>
    <time>2025-09-18T15:01:33Z</time>
    <extensions>
     <power>270</power>
     <gpxtpx:TrackPointExtension>
      <gpxtpx:hr>187</gpxtpx:hr>
     </gpxtpx:TrackPointExtension>
    </extensions>
   </trkpt>
   <trkpt lat="52.5159680" lon="13.2364690">
    <ele>64.6</ele>
    <time>2025-09-18T15:01:34Z</time>
    <extensions>
     <power>274</power>
     <gpxtpx:TrackPointExtension>
      <gpxtpx:hr>187</gpxtpx:hr>
     </gpxtpx:TrackPointExtension>
    </extensions>
   </trkpt>
   <trkpt lat="52.5159170" lon="13.2364830">
    <ele>64.4</ele>
    <time>2025-09-18T15:01:35Z</time>
    <extensions>
     <power>274</power>
     <gpxtpx:TrackPointExtension>
      <gpxtpx:hr>187</gpxtpx:hr>
     </gpxtpx:TrackPointExtension>
    </extensions>
   </trkpt>
   <trkpt lat="52.5158970" lon="13.2364900">
    <ele>64.4</ele>
    <time>2025-09-18T15:01:36Z</time>
    <extensions>
     <power>274</power>
     <gpxtpx:TrackPointExtension>
      <gpxtpx:hr>187</gpxtpx:hr>
     </gpxtpx:TrackPointExtension>
    </extensions>
   </trkpt>
   <trkpt lat="52.5158760" lon="13.2364970">
    <ele>64.4</ele>
    <time>2025-09-18T15:01:37Z</time>
    <extensions>
     <power>209</power>
     <gpxtpx:TrackPointExtension>
      <gpxtpx:hr>187</gpxtpx:hr>
     </gpxtpx:TrackPointExtension>
    </extensions>
   </trkpt>
   <trkpt lat="52.5158290" lon="13.2365170">
    <ele>64.4</ele>
    <time>2025-09-18T15:01:38Z</time>
    <extensions>
     <power>209</power>
     <gpxtpx:TrackPointExtension>
      <gpxtpx:hr>185</gpxtpx:hr>
     </gpxtpx:TrackPointExtension>
    </extensions>
   </trkpt>
   <trkpt lat="52.5158130" lon="13.2365240">
    <ele>64.2</ele>
    <time>2025-09-18T15:01:39Z</time>
    <extensions>
     <power>213</power>
     <gpxtpx:TrackPointExtension>
      <gpxtpx:hr>185</gpxtpx:hr>
     </gpxtpx:TrackPointExtension>
    </extensions>
   </trkpt>
   <trkpt lat="52.5157630" lon="13.2365470">
    <ele>64.2</ele>
    <time>2025-09-18T15:01:40Z</time>
    <extensions>
     <power>213</power>
     <gpxtpx:TrackPointExtension>
      <gpxtpx:hr>185</gpxtpx:hr>
     </gpxtpx:TrackPointExtension>
    </extensions>
   </trkpt>
   <trkpt lat="52.5157440" lon="13.2365550">
    <ele>64.2</ele>
    <time>2025-09-18T15:01:41Z</time>
    <extensions>
     <power>213</power>
     <gpxtpx:TrackPointExtension>
      <gpxtpx:hr>185</gpxtpx:hr>
     </gpxtpx:TrackPointExtension>
    </extensions>
   </trkpt>
   <trkpt lat="52.5157240" lon="13.2365640">
    <ele>64.2</ele>
    <time>2025-09-18T15:01:42Z</time>
    <extensions>
     <power>214</power>
     <gpxtpx:TrackPointExtension>
      <gpxtpx:hr>185</gpxtpx:hr>
     </gpxtpx:TrackPointExtension>
    </extensions>
   </trkpt>
   <trkpt lat="52.5156790" lon="13.2365860">
    <ele>64.2</ele>
    <time>2025-09-18T15:01:43Z</time>
    <extensions>
     <power>214</power>
     <gpxtpx:TrackPointExtension>
      <gpxtpx:hr>185</gpxtpx:hr>
     </gpxtpx:TrackPointExtension>
    </extensions>
   </trkpt>
   <trkpt lat="52.5156600" lon="13.2365950">
    <ele>64.2</ele>
    <time>2025-09-18T15:01:44Z</time>
    <extensions>
     <power>214</power>
     <gpxtpx:TrackPointExtension>
      <gpxtpx:hr>185</gpxtpx:hr>
     </gpxtpx:TrackPointExtension>
    </extensions>
   </trkpt>
   <trkpt lat="52.5156420" lon="13.2366040">
    <ele>64.2</ele>
    <time>2025-09-18T15:01:45Z</time>
    <extensions>
     <power>208</power>
     <gpxtpx:TrackPointExtension>
      <gpxtpx:hr>185</gpxtpx:hr>
     </gpxtpx:TrackPointExtension>
    </extensions>
   </trkpt>
   <trkpt lat="52.5156000" lon="13.2366240">
    <ele>64.2</ele>
    <time>2025-09-18T15:01:46Z</time>
    <extensions>
     <power>208</power>
     <gpxtpx:TrackPointExtension>
      <gpxtpx:hr>185</gpxtpx:hr>
     </gpxtpx:TrackPointExtension>
    </extensions>
   </trkpt>
   <trkpt lat="52.5155850" lon="13.2366300">
    <ele>64.2</ele>
    <time>2025-09-18T15:01:47Z</time>
    <extensions>
     <power>208</power>
     <gpxtpx:TrackPointExtension>
      <gpxtpx:hr>185</gpxtpx:hr>
     </gpxtpx:TrackPointExtension>
    </extensions>
   </trkpt>
   <trkpt lat="52.5155570" lon="13.2366440">
    <ele>64.4</ele>
    <time>2025-09-18T15:01:48Z</time>
    <extensions>
     <power>208</power>
     <gpxtpx:TrackPointExtension>
      <gpxtpx:hr>185</gpxtpx:hr>
     </gpxtpx:TrackPointExtension>
    </extensions>
   </trkpt>
   <trkpt lat="52.5155270" lon="13.2366570">
    <ele>64.4</ele>
    <time>2025-09-18T15:01:50Z</time>
    <extensions>
     <power>211</power>
     <gpxtpx:TrackPointExtension>
      <gpxtpx:hr>185</gpxtpx:hr>
     </gpxtpx:TrackPointExtension>
    </extensions>
   </trkpt>
   <trkpt lat="52.5155270" lon="13.2366570">
    <ele>64.4</ele>
    <time>2025-09-18T15:01:51Z</time>
    <extensions>
     <power>211</power>
     <gpxtpx:TrackPointExtension>
      <gpxtpx:hr>185</gpxtpx:hr>
     </gpxtpx:TrackPointExtension>
    </extensions>
   </trkpt>
   <trkpt lat="52.5155270" lon="13.2366570">
    <ele>64.4</ele>
    <time>2025-09-18T15:01:52Z</time>
    <extensions>
     <power>214</power>
     <gpxtpx:TrackPointExtension>
      <gpxtpx:hr>185</gpxtpx:hr>
     </gpxtpx:TrackPointExtension>
    </extensions>
   </trkpt>
   <trkpt lat="52.5155270" lon="13.2366570">
    <ele>64.4</ele>
    <time>2025-09-18T15:01:55Z</time>
    <extensions>
     <power>213</power>
     <gpxtpx:TrackPointExtension>
      <gpxtpx:hr>185</gpxtpx:hr>
     </gpxtpx:TrackPointExtension>
    </extensions>
   </trkpt>
   <trkpt lat="52.5155270" lon="13.2366570">
    <ele>64.4</ele>
    <time>2025-09-18T15:01:57Z</time>
    <extensions>
     <power>212</power>
     <gpxtpx:TrackPointExtension>
      <gpxtpx:hr>185</gpxtpx:hr>
     </gpxtpx:TrackPointExtension>
    </extensions>
   </trkpt>
   <trkpt lat="52.5155270" lon="13.2366570">
    <ele>64.4</ele>
    <time>2025-09-18T15:02:00Z</time>
    <extensions>
     <power>231</power>
     <gpxtpx:TrackPointExtension>
      <gpxtpx:hr>184</gpxtpx:hr>
     </gpxtpx:TrackPointExtension>
    </extensions>
   </trkpt>
   <trkpt lat="52.5155270" lon="13.2366570">
    <ele>64.4</ele>
    <time>2025-09-18T15:02:02Z</time>
    <extensions>
     <power>231</power>
     <gpxtpx:TrackPointExtension>
      <gpxtpx:hr>184</gpxtpx:hr>
     </gpxtpx:TrackPointExtension>
    </extensions>
   </trkpt>
   <trkpt lat="52.5155270" lon="13.2366570">
    <ele>64.4</ele>
    <time>2025-09-18T15:02:03Z</time>
    <extensions>
     <power>235</power>
     <gpxtpx:TrackPointExtension>
      <gpxtpx:hr>184</gpxtpx:hr>
     </gpxtpx:TrackPointExtension>
    </extensions>
   </trkpt>
   <trkpt lat="52.5155270" lon="13.2366570">
    <ele>64.4</ele>
    <time>2025-09-18T15:02:05Z</time>
    <extensions>
     <power>231</power>
     <gpxtpx:TrackPointExtension>
      <gpxtpx:hr>184</gpxtpx:hr>
     </gpxtpx:TrackPointExtension>
    </extensions>
   </trkpt>
   <trkpt lat="52.5155270" lon="13.2366570">
    <ele>64.4</ele>
    <time>2025-09-18T15:02:06Z</time>
    <extensions>
     <power>231</power>
     <gpxtpx:TrackPointExtension>
      <gpxtpx:hr>184</gpxtpx:hr>
     </gpxtpx:TrackPointExtension>
    </extensions>
   </trkpt>
   <trkpt lat="52.5155270" lon="13.2366570">
    <ele>64.4</ele>
    <time>2025-09-18T15:02:08Z</time>
    <extensions>
     <power>227</power>
     <gpxtpx:TrackPointExtension>
      <gpxtpx:hr>184</gpxtpx:hr>
     </gpxtpx:TrackPointExtension>
    </extensions>
   </trkpt>
   <trkpt lat="52.5155270" lon="13.2366570">
    <ele>64.4</ele>
    <time>2025-09-18T15:02:10Z</time>
    <extensions>
     <power>224</power>
     <gpxtpx:TrackPointExtension>
      <gpxtpx:hr>184</gpxtpx:hr>
     </gpxtpx:TrackPointExtension>
    </extensions>
   </trkpt>
   <trkpt lat="52.5155270" lon="13.2366570">
    <ele>64.4</ele>
    <time>2025-09-18T15:02:13Z</time>
    <extensions>
     <power>221</power>
     <gpxtpx:TrackPointExtension>
      <gpxtpx:hr>184</gpxtpx:hr>
     </gpxtpx:TrackPointExtension>
    </extensions>
   </trkpt>
   <trkpt lat="52.5155270" lon="13.2366570">
    <ele>64.4</ele>
    <time>2025-09-18T15:02:15Z</time>
    <extensions>
     <power>218</power>
     <gpxtpx:TrackPointExtension>
      <gpxtpx:hr>183</gpxtpx:hr>
     </gpxtpx:TrackPointExtension>
    </extensions>
   </trkpt>
   <trkpt lat="52.5155270" lon="13.2366570">
    <ele>64.4</ele>
    <time>2025-09-18T15:02:18Z</time>
    <extensions>
     <power>218</power>
     <gpxtpx:TrackPointExtension>
      <gpxtpx:hr>183</gpxtpx:hr>
     </gpxtpx:TrackPointExtension>
    </extensions>
   </trkpt>
   <trkpt lat="52.5155270" lon="13.2366570">
    <ele>64.4</ele>
    <time>2025-09-18T15:02:20Z</time>
    <extensions>
     <power>218</power>
     <gpxtpx:TrackPointExtension>
      <gpxtpx:hr>183</gpxtpx:hr>
     </gpxtpx:TrackPointExtension>
    </extensions>
   </trkpt>
   <trkpt lat="52.5155270" lon="13.2366570">
    <ele>64.4</ele>
    <time>2025-09-18T15:02:21Z</time>
    <extensions>
     <power>218</power>
     <gpxtpx:TrackPointExtension>
      <gpxtpx:hr>183</gpxtpx:hr>
     </gpxtpx:TrackPointExtension>
    </extensions>
   </trkpt>
   <trkpt lat="52.5155270" lon="13.2366570">
    <ele>64.4</ele>
    <time>2025-09-18T15:02:23Z</time>
    <extensions>
     <power>219</power>
     <gpxtpx:TrackPointExtension>
      <gpxtpx:hr>184</gpxtpx:hr>
     </gpxtpx:TrackPointExtension>
    </extensions>
   </trkpt>
   <trkpt lat="52.5155270" lon="13.2366570">
    <ele>64.4</ele>
    <time>2025-09-18T15:02:26Z</time>
    <extensions>
     <power>212</power>
     <gpxtpx:TrackPointExtension>
      <gpxtpx:hr>184</gpxtpx:hr>
     </gpxtpx:TrackPointExtension>
    </extensions>
   </trkpt>
   <trkpt lat="52.5155270" lon="13.2366570">
    <ele>64.4</ele>
    <time>2025-09-18T15:02:27Z</time>
    <extensions>
     <power>212</power>
     <gpxtpx:TrackPointExtension>
      <gpxtpx:hr>184</gpxtpx:hr>
     </gpxtpx:TrackPointExtension>
    </extensions>
   </trkpt>
   <trkpt lat="52.5155270" lon="13.2366570">
    <ele>64.4</ele>
    <time>2025-09-18T15:02:28Z</time>
    <extensions>
     <power>192</power>
     <gpxtpx:TrackPointExtension>
      <gpxtpx:hr>184</gpxtpx:hr>
     </gpxtpx:TrackPointExtension>
    </extensions>
   </trkpt>
   <trkpt lat="52.5155270" lon="13.2366570">
    <ele>64.4</ele>
    <time>2025-09-18T15:02:31Z</time>
    <extensions>
     <power>192</power>
     <gpxtpx:TrackPointExtension>
      <gpxtpx:hr>184</gpxtpx:hr>
     </gpxtpx:TrackPointExtension>
    </extensions>
   </trkpt>
   <trkpt lat="52.5155270" lon="13.2366570">
    <ele>64.4</ele>
    <time>2025-09-18T15:02:34Z</time>
    <extensions>
     <power>258</power>
     <gpxtpx:TrackPointExtension>
      <gpxtpx:hr>184</gpxtpx:hr>
     </gpxtpx:TrackPointExtension>
    </extensions>
   </trkpt>
   <trkpt lat="52.5155270" lon="13.2366570">
    <ele>64.4</ele>
    <time>2025-09-18T15:02:36Z</time>
    <extensions>
     <power>266</power>
     <gpxtpx:TrackPointExtension>
      <gpxtpx:hr>184</gpxtpx:hr>
     </gpxtpx:TrackPointExtension>
    </extensions>
   </trkpt>
   <trkpt lat="52.5155270" lon="13.2366570">
    <ele>64.4</ele>
    <time>2025-09-18T15:02:38Z</time>
    <extensions>
     <power>266</power>
     <gpxtpx:TrackPointExtension>
      <gpxtpx:hr>184</gpxtpx:hr>
     </gpxtpx:TrackPointExtension>
    </extensions>
   </trkpt>
   <trkpt lat="52.5155270" lon="13.2366570">
    <ele>64.4</ele>
    <time>2025-09-18T15:02:39Z</time>
    <extensions>
     <power>269</power>
     <gpxtpx:TrackPointExtension>
      <gpxtpx:hr>184</gpxtpx:hr>
     </gpxtpx:TrackPointExtension>
    </extensions>
   </trkpt>
   <trkpt lat="52.5155270" lon="13.2366570">
    <ele>64.4</ele>
    <time>2025-09-18T15:02:41Z</time>
    <extensions>
     <power>256</power>
     <gpxtpx:TrackPointExtension>
      <gpxtpx:hr>184</gpxtpx:hr>
     </gpxtpx:TrackPointExtension>
    </extensions>
   </trkpt>
   <trkpt lat="52.5155270" lon="13.2366570">
    <ele>64.4</ele>
    <time>2025-09-18T15:02:44Z</time>
    <extensions>
     <power>248</power>
     <gpxtpx:TrackPointExtension>
      <gpxtpx:hr>183</gpxtpx:hr>
     </gpxtpx:TrackPointExtension>
    </extensions>
   </trkpt>
   <trkpt lat="52.5155270" lon="13.2366570">
    <ele>64.4</ele>
    <time>2025-09-18T15:02:46Z</time>
    <extensions>
     <power>243</power>
     <gpxtpx:TrackPointExtension>
      <gpxtpx:hr>183</gpxtpx:hr>
     </gpxtpx:TrackPointExtension>
    </extensions>
   </trkpt>
   <trkpt lat="52.5155270" lon="13.2366570">
    <ele>64.4</ele>
    <time>2025-09-18T15:02:47Z</time>
    <extensions>
     <power>243</power>
     <gpxtpx:TrackPointExtension>
      <gpxtpx:hr>183</gpxtpx:hr>
     </gpxtpx:TrackPointExtension>
    </extensions>
   </trkpt>
   <trkpt lat="52.5145700" lon="13.2380720">
    <ele>60.0</ele>
    <time>2025-09-18T15:02:48Z</time>
    <extensions>
     <power>243</power>
     <gpxtpx:TrackPointExtension>
      <gpxtpx:hr>183</gpxtpx:hr>
     </gpxtpx:TrackPointExtension>
    </extensions>
   </trkpt>
   <trkpt lat="52.5145700" lon="13.2380720">
    <ele>60.0</ele>
    <time>2025-09-18T15:02:49Z</time>
    <extensions>
     <power>238</power>
     <gpxtpx:TrackPointExtension>
      <gpxtpx:hr>183</gpxtpx:hr>
     </gpxtpx:TrackPointExtension>
    </extensions>
   </trkpt>
   <trkpt lat="52.5146130" lon="13.2381140">
    <ele>60.4</ele>
    <time>2025-09-18T15:02:51Z</time>
    <extensions>
     <power>238</power>
     <gpxtpx:TrackPointExtension>
      <gpxtpx:hr>183</gpxtpx:hr>
     </gpxtpx:TrackPointExtension>
    </extensions>
   </trkpt>
   <trkpt lat="52.5146210" lon="13.2381160">
    <ele>60.4</ele>
    <time>2025-09-18T15:02:52Z</time>
    <extensions>
     <power>232</power>
     <gpxtpx:TrackPointExtension>
      <gpxtpx:hr>183</gpxtpx:hr>
     </gpxtpx:TrackPointExtension>
    </extensions>
   </trkpt>
   <trkpt lat="52.5146530" lon="13.2381230">
    <ele>60.6</ele>
    <time>2025-09-18T15:02:53Z</time>
    <extensions>
     <power>232</power>
     <gpxtpx:TrackPointExtension>
      <gpxtpx:hr>183</gpxtpx:hr>
     </gpxtpx:TrackPointExtension>
    </extensions>
   </trkpt>
   <trkpt lat="52.5146640" lon="13.2381250">
    <ele>60.8</ele>
    <time>2025-09-18T15:02:54Z</time>
    <extensions>
     <power>226</power>
     <gpxtpx:TrackPointExtension>
      <gpxtpx:hr>183</gpxtpx:hr>
     </gpxtpx:TrackPointExtension>
    </extensions>
   </trkpt>
   <trkpt lat="52.5147120" lon="13.2381400">
    <ele>60.8</ele>
    <time>2025-09-18T15:02:55Z</time>
    <extensions>
     <power>226</power>
     <gpxtpx:TrackPointExtension>
      <gpxtpx:hr>183</gpxtpx:hr>
     </gpxtpx:TrackPointExtension>
    </extensions>
   </trkpt>
   <trkpt lat="52.5147330" lon="13.2381500">
    <ele>61.0</ele>
    <time>2025-09-18T15:02:56Z</time>
    <extensions>
     <power>226</power>
     <gpxtpx:TrackPointExtension>
      <gpxtpx:hr>183</gpxtpx:hr>
     </gpxtpx:TrackPointExtension>
    </extensions>
   </trkpt>
   <trkpt lat="52.5147550" lon="13.2381590">
    <ele>61.0</ele>
    <time>2025-09-18T15:02:57Z</time>
    <extensions>
     <power>223</power>
     <gpxtpx:TrackPointExtension>
      <gpxtpx:hr>181</gpxtpx:hr>
     </gpxtpx:TrackPointExtension>
    </extensions>
   </trkpt>
   <trkpt lat="52.5148140" lon="13.2381970">
    <ele>61.0</ele>
    <time>2025-09-18T15:02:58Z</time>
    <extensions>
     <power>223</power>
     <gpxtpx:TrackPointExtension>
      <gpxtpx:hr>181</gpxtpx:hr>
     </gpxtpx:TrackPointExtension>
    </extensions>
   </trkpt>
   <trkpt lat="52.5148330" lon="13.2382110">
    <ele>61.2</ele>
    <time>2025-09-18T15:02:59Z</time>
    <extensions>
     <power>225</power>
     <gpxtpx:TrackPointExtension>
      <gpxtpx:hr>181</gpxtpx:hr>
     </gpxtpx:TrackPointExtension>
    </extensions>
   </trkpt>
   <trkpt lat="52.5149060" lon="13.2382810">
    <ele>61.4</ele>
    <time>2025-09-18T15:03:00Z</time>
    <extensions>
     <power>225</power>
     <gpxtpx:TrackPointExtension>
      <gpxtpx:hr>181</gpxtpx:hr>
     </gpxtpx:TrackPointExtension>
    </extensions>
   </trkpt>
   <trkpt lat="52.5149320" lon="13.2383080">
    <ele>61.4</ele>
    <time>2025-09-18T15:03:01Z</time>
    <extensions>
     <power>225</power>
     <gpxtpx:TrackPointExtension>
      <gpxtpx:hr>181</gpxtpx:hr>
     </gpxtpx:TrackPointExtension>
    </extensions>
   </trkpt>
   <trkpt lat="52.5149590" lon="13.2383360">
    <ele>61.6</ele>
    <time>2025-09-18T15:03:02Z</time>
    <extensions>
     <power>220</power>
     <gpxtpx:TrackPointExtension>
      <gpxtpx:hr>181</gpxtpx:hr>
     </gpxtpx:TrackPointExtension>
    </extensions>
   </trkpt>
   <trkpt lat="52.5149940" lon="13.2383790">
    <ele>61.6</ele>
    <time>2025-09-18T15:03:03Z</time>
    <extensions>
     <power>220</power>
     <gpxtpx:TrackPointExtension>
      <gpxtpx:hr>181</gpxtpx:hr>
     </gpxtpx:TrackPointExtension>
    </extensions>
   </trkpt>
   <trkpt lat="52.5150040" lon="13.2383950">
    <ele>61.6</ele>
    <time>2025-09-18T15:03:04Z</time>
    <extensions>
     <power>220</power>
     <gpxtpx:TrackPointExtension>
      <gpxtpx:hr>181</gpxtpx:hr>
     </gpxtpx:TrackPointExtension>
    </extensions>
   </trkpt>
   <trkpt lat="52.5150150" lon="13.2384100">
    <ele>61.8</ele>
    <time>2025-09-18T15:03:05Z</time>
    <extensions>
     <power>219</power>
     <gpxtpx:TrackPointExtension>
      <gpxtpx:hr>181</gpxtpx:hr>
     </gpxtpx:TrackPointExtension>
    </extensions>
   </trkpt>
   <trkpt lat="52.5150320" lon="13.2384450">
    <ele>61.8</ele>
    <time>2025-09-18T15:03:06Z</time>
    <extensions>
     <power>219</power>
     <gpxtpx:TrackPointExtension>
      <gpxtpx:hr>181</gpxtpx:hr>
     </gpxtpx:TrackPointExtension>
    </extensions>
   </trkpt>
   <trkpt lat="52.5150480" lon="13.2384880">
    <ele>61.8</ele>
    <time>2025-09-18T15:03:07Z</time>
    <extensions>
     <power>218</power>
     <gpxtpx:TrackPointExtension>
      <gpxtpx:hr>181</gpxtpx:hr>
     </gpxtpx:TrackPointExtension>
    </extensions>
   </trkpt>
   <trkpt lat="52.5150760" lon="13.2385690">
    <ele>61.8</ele>
    <time>2025-09-18T15:03:08Z</time>
    <extensions>
     <power>218</power>
     <gpxtpx:TrackPointExtension>
      <gpxtpx:hr>181</gpxtpx:hr>
     </gpxtpx:TrackPointExtension>
    </extensions>
   </trkpt>
   <trkpt lat="52.5150890" lon="13.2386130">
    <ele>61.8</ele>
    <time>2025-09-18T15:03:09Z</time>
    <extensions>
     <power>218</power>
     <gpxtpx:TrackPointExtension>
      <gpxtpx:hr>181</gpxtpx:hr>
     </gpxtpx:TrackPointExtension>
    </extensions>
   </trkpt>
   <trkpt lat="52.5151030" lon="13.2386570">
    <ele>61.8</ele>
    <time>2025-09-18T15:03:10Z</time>
    <extensions>
     <power>227</power>
     <gpxtpx:TrackPointExtension>
      <gpxtpx:hr>181</gpxtpx:hr>
     </gpxtpx:TrackPointExtension>
    </extensions>
   </trkpt>
   <trkpt lat="52.5151160" lon="13.2387010">
    <ele>61.6</ele>
    <time>2025-09-18T15:03:11Z</time>
    <extensions>
     <power>227</power>
     <gpxtpx:TrackPointExtension>
      <gpxtpx:hr>181</gpxtpx:hr>
     </gpxtpx:TrackPointExtension>
    </extensions>
   </trkpt>
   <trkpt lat="52.5151290" lon="13.2387450">
    <ele>61.2</ele>
    <time>2025-09-18T15:03:12Z</time>
    <extensions>
     <power>258</power>
     <gpxtpx:TrackPointExtension>
      <gpxtpx:hr>181</gpxtpx:hr>
     </gpxtpx:TrackPointExtension>
    </extensions>
   </trkpt>
   <trkpt lat="52.5151400" lon="13.2388780">
    <ele>61.6</ele>
    <time>2025-09-18T15:03:13Z</time>
    <extensions>
     <power>258</power>
     <gpxtpx:TrackPointExtension>
      <gpxtpx:hr>181</gpxtpx:hr>
     </gpxtpx:TrackPointExtension>
    </extensions>
   </trkpt>
   <trkpt lat="52.5151380" lon="13.2389470">
    <ele>61.6</ele>
    <time>2025-09-18T15:03:14Z</time>
    <extensions>
     <power>258</power>
     <gpxtpx:TrackPointExtension>
      <gpxtpx:hr>181</gpxtpx:hr>
     </gpxtpx:TrackPointExtension>
    </extensions>
   </trkpt>
   <trkpt lat="52.5151350" lon="13.2390160">
    <ele>62.0</ele>
    <time>2025-09-18T15:03:15Z</time>
    <extensions>
     <power>255</power>
     <gpxtpx:TrackPointExtension>
      <gpxtpx:hr>181</gpxtpx:hr>
     </gpxtpx:TrackPointExtension>
    </extensions>
   </trkpt>
   <trkpt lat="52.5151370" lon="13.2391440">
    <ele>62.0</ele>
    <time>2025-09-18T15:03:16Z</time>
    <extensions>
     <power>255</power>
     <gpxtpx:TrackPointExtension>
      <gpxtpx:hr>181</gpxtpx:hr>
     </gpxtpx:TrackPointExtension>
    </extensions>
   </trkpt>
   <trkpt lat="52.5151360" lon="13.2391810">
    <ele>62.2</ele>
    <time>2025-09-18T15:03:17Z</time>
    <extensions>
     <power>261</power>
     <gpxtpx:TrackPointExtension>
      <gpxtpx:hr>181</gpxtpx:hr>
     </gpxtpx:TrackPointExtension>
    </extensions>
   </trkpt>
   <trkpt lat="52.5151270" lon="13.2393040">
    <ele>62.2</ele>
    <time>2025-09-18T15:03:18Z</time>
    <extensions>
     <power>261</power>
     <gpxtpx:TrackPointExtension>
      <gpxtpx:hr>181</gpxtpx:hr>
     </gpxtpx:TrackPointExtension>
    </extensions>
   </trkpt>
   <trkpt lat="52.5151220" lon="13.2393540">
    <ele>62.4</ele>
    <time>2025-09-18T15:03:19Z</time>
    <extensions>
     <power>261</power>
     <gpxtpx:TrackPointExtension>
      <gpxtpx:hr>181</gpxtpx:hr>
     </gpxtpx:TrackPointExtension>
    </extensions>
   </trkpt>
   <trkpt lat="52.5151170" lon="13.2394050">
    <ele>62.4</ele>
    <time>2025-09-18T15:03:20Z</time>
    <extensions>
     <power>258</power>
     <gpxtpx:TrackPointExtension>
      <gpxtpx:hr>181</gpxtpx:hr>
     </gpxtpx:TrackPointExtension>
    </extensions>
   </trkpt>
   <trkpt lat="52.5151010" lon="13.2395140">
    <ele>62.4</ele>
    <time>2025-09-18T15:03:21Z</time>
    <extensions>
     <power>258</power>
     <gpxtpx:TrackPointExtension>
      <gpxtpx:hr>181</gpxtpx:hr>
     </gpxtpx:TrackPointExtension>
    </extensions>
   </trkpt>
   <trkpt lat="52.5150950" lon="13.2395490">
    <ele>62.6</ele>
    <time>2025-09-18T15:03:23Z</time>
    <extensions>
     <power>260</power>
     <gpxtpx:TrackPointExtension>
      <gpxtpx:hr>181</gpxtpx:hr>
     </gpxtpx:TrackPointExtension>
    </extensions>
   </trkpt>
   <trkpt lat="52.5150860" lon="13.2396530">
    <ele>62.6</ele>
    <time>2025-09-18T15:03:24Z</time>
    <extensions>
     <power>260</power>
     <gpxtpx:TrackPointExtension>
      <gpxtpx:hr>181</gpxtpx:hr>
     </gpxtpx:TrackPointExtension>
    </extensions>
   </trkpt>
   <trkpt lat="52.5150840" lon="13.2396900">
    <ele>62.6</ele>
    <time>2025-09-18T15:03:25Z</time>
    <extensions>
     <power>251</power>
     <gpxtpx:TrackPointExtension>
      <gpxtpx:hr>181</gpxtpx:hr>
     </gpxtpx:TrackPointExtension>
    </extensions>
   </trkpt>
   <trkpt lat="52.5150900" lon="13.2398270">
    <ele>62.6</ele>
    <time>2025-09-18T15:03:26Z</time>
    <extensions>
     <power>251</power>
     <gpxtpx:TrackPointExtension>
      <gpxtpx:hr>181</gpxtpx:hr>
     </gpxtpx:TrackPointExtension>
    </extensions>
   </trkpt>
   <trkpt lat="52.5150940" lon="13.2398790">
    <ele>62.6</ele>
    <time>2025-09-18T15:03:27Z</time>
    <extensions>
     <power>251</power>
     <gpxtpx:TrackPointExtension>
      <gpxtpx:hr>181</gpxtpx:hr>
     </gpxtpx:TrackPointExtension>
    </extensions>
   </trkpt>
   <trkpt lat="52.5150980" lon="13.2399310">
    <ele>62.6</ele>
    <time>2025-09-18T15:03:28Z</time>
    <extensions>
     <power>275</power>
     <gpxtpx:TrackPointExtension>
      <gpxtpx:hr>181</gpxtpx:hr>
     </gpxtpx:TrackPointExtension>
    </extensions>
   </trkpt>
   <trkpt lat="52.5151080" lon="13.2400090">
    <ele>62.6</ele>
    <time>2025-09-18T15:03:29Z</time>
    <extensions>
     <power>275</power>
     <gpxtpx:TrackPointExtension>
      <gpxtpx:hr>181</gpxtpx:hr>
     </gpxtpx:TrackPointExtension>
    </extensions>
   </trkpt>
   <trkpt lat="52.5151110" lon="13.2400310">
    <ele>62.4</ele>
    <time>2025-09-18T15:03:30Z</time>
    <extensions>
     <power>258</power>
     <gpxtpx:TrackPointExtension>
      <gpxtpx:hr>181</gpxtpx:hr>
     </gpxtpx:TrackPointExtension>
    </extensions>
   </trkpt>
   <trkpt lat="52.5151180" lon="13.2400990">
    <ele>62.4</ele>
    <time>2025-09-18T15:03:31Z</time>
    <extensions>
     <power>258</power>
     <gpxtpx:TrackPointExtension>
      <gpxtpx:hr>181</gpxtpx:hr>
     </gpxtpx:TrackPointExtension>
    </extensions>
   </trkpt>
   <trkpt lat="52.5151200" lon="13.2401260">
    <ele>62.2</ele>
    <time>2025-09-18T15:03:32Z</time>
    <extensions>
     <power>258</power>
     <gpxtpx:TrackPointExtension>
      <gpxtpx:hr>181</gpxtpx:hr>
     </gpxtpx:TrackPointExtension>
    </extensions>
   </trkpt>
   <trkpt lat="52.5151210" lon="13.2401530">
    <ele>62.0</ele>
    <time>2025-09-18T15:03:33Z</time>
    <extensions>
     <power>246</power>
     <gpxtpx:TrackPointExtension>
      <gpxtpx:hr>181</gpxtpx:hr>
     </gpxtpx:TrackPointExtension>
    </extensions>
   </trkpt>
   <trkpt lat="52.5151170" lon="13.2402250">
    <ele>61.8</ele>
    <time>2025-09-18T15:03:34Z</time>
    <extensions>
     <power>246</power>
     <gpxtpx:TrackPointExtension>
      <gpxtpx:hr>181</gpxtpx:hr>
     </gpxtpx:TrackPointExtension>
    </extensions>
   </trkpt>
   <trkpt lat="52.5151140" lon="13.2402550">
    <ele>61.8</ele>
    <time>2025-09-18T15:03:35Z</time>
    <extensions>
     <power>246</power>
     <gpxtpx:TrackPointExtension>
      <gpxtpx:hr>185</gpxtpx:hr>
     </gpxtpx:TrackPointExtension>
    </extensions>
   </trkpt>
   <trkpt lat="52.5151110" lon="13.2402850">
    <ele>61.6</ele>
    <time>2025-09-18T15:03:36Z</time>
    <extensions>
     <power>247</power>
     <gpxtpx:TrackPointExtension>
      <gpxtpx:hr>185</gpxtpx:hr>
     </gpxtpx:TrackPointExtension>
    </extensions>
   </trkpt>
   <trkpt lat="52.5151000" lon="13.2403530">
    <ele>61.4</ele>
    <time>2025-09-18T15:03:37Z</time>
    <extensions>
     <power>247</power>
     <gpxtpx:TrackPointExtension>
      <gpxtpx:hr>185</gpxtpx:hr>
     </gpxtpx:TrackPointExtension>
    </extensions>
   </trkpt>
   <trkpt lat="52.5150950" lon="13.2403750">
    <ele>61.2</ele>
    <time>2025-09-18T15:03:38Z</time>
    <extensions>
     <power>251</power>
     <gpxtpx:TrackPointExtension>
      <gpxtpx:hr>185</gpxtpx:hr>
     </gpxtpx:TrackPointExtension>
    </extensions>
   </trkpt>
   <trkpt lat="52.5150750" lon="13.2404460">
    <ele>61.0</ele>
    <time>2025-09-18T15:03:39Z</time>
    <extensions>
     <power>251</power>
     <gpxtpx:TrackPointExtension>
      <gpxtpx:hr>185</gpxtpx:hr>
     </gpxtpx:TrackPointExtension>
    </extensions>
   </trkpt>
   <trkpt lat="52.5150660" lon="13.2404730">
    <ele>60.8</ele>
    <time>2025-09-18T15:03:40Z</time>
    <extensions>
     <power>251</power>
     <gpxtpx:TrackPointExtension>
      <gpxtpx:hr>186</gpxtpx:hr>
     </gpxtpx:TrackPointExtension>
    </extensions>
   </trkpt>
   <trkpt lat="52.5150570" lon="13.2405010">
    <ele>60.6</ele>
    <time>2025-09-18T15:03:41Z</time>
    <extensions>
     <power>257</power>
     <gpxtpx:TrackPointExtension>
      <gpxtpx:hr>186</gpxtpx:hr>
     </gpxtpx:TrackPointExtension>
    </extensions>
   </trkpt>
   <trkpt lat="52.5150320" lon="13.2405580">
    <ele>60.4</ele>
    <time>2025-09-18T15:03:42Z</time>
    <extensions>
     <power>257</power>
     <gpxtpx:TrackPointExtension>
      <gpxtpx:hr>186</gpxtpx:hr>
     </gpxtpx:TrackPointExtension>
    </extensions>
   </trkpt>
   <trkpt lat="52.5150230" lon="13.2405750">
    <ele>60.2</ele>
    <time>2025-09-18T15:03:43Z</time>
    <extensions>
     <power>254</power>
     <gpxtpx:TrackPointExtension>
      <gpxtpx:hr>186</gpxtpx:hr>
     </gpxtpx:TrackPointExtension>
    </extensions>
   </trkpt>
   <trkpt lat="52.5149880" lon="13.2406310">
    <ele>60.0</ele>
    <time>2025-09-18T15:03:44Z</time>
    <extensions>
     <power>254</power>
     <gpxtpx:TrackPointExtension>
      <gpxtpx:hr>186</gpxtpx:hr>
     </gpxtpx:TrackPointExtension>
    </extensions>
   </trkpt>
   <trkpt lat="52.5149720" lon="13.2406530">
    <ele>59.8</ele>
    <time>2025-09-18T15:03:45Z</time>
    <extensions>
     <power>254</power>
     <gpxtpx:TrackPointExtension>
      <gpxtpx:hr>188</gpxtpx:hr>
     </gpxtpx:TrackPointExtension>
    </extensions>
   </trkpt>
   <trkpt lat="52.5149570" lon="13.2406750">
    <ele>59.8</ele>
    <time>2025-09-18T15:03:46Z</time>
    <extensions>
     <power>254</power>
     <gpxtpx:TrackPointExtension>
      <gpxtpx:hr>186</gpxtpx:hr>
     </gpxtpx:TrackPointExtension>
    </extensions>
   </trkpt>
   <trkpt lat="52.5149180" lon="13.2407160">
    <ele>59.6</ele>
    <time>2025-09-18T15:03:47Z</time>
    <extensions>
     <power>254</power>
     <gpxtpx:TrackPointExtension>
      <gpxtpx:hr>186</gpxtpx:hr>
     </gpxtpx:TrackPointExtension>
    </extensions>
   </trkpt>
   <trkpt lat="52.5149040" lon="13.2407290">
    <ele>59.6</ele>
    <time>2025-09-18T15:03:48Z</time>
    <extensions>
     <power>249</power>
     <gpxtpx:TrackPointExtension>
      <gpxtpx:hr>186</gpxtpx:hr>
     </gpxtpx:TrackPointExtension>
    </extensions>
   </trkpt>
   <trkpt lat="52.5148520" lon="13.2407640">
    <ele>59.6</ele>
    <time>2025-09-18T15:03:49Z</time>
    <extensions>
     <power>249</power>
     <gpxtpx:TrackPointExtension>
      <gpxtpx:hr>186</gpxtpx:hr>
     </gpxtpx:TrackPointExtension>
    </extensions>
   </trkpt>
   <trkpt lat="52.5148310" lon="13.2407750">
    <ele>59.6</ele>
    <time>2025-09-18T15:03:50Z</time>
    <extensions>
     <power>249</power>
     <gpxtpx:TrackPointExtension>
      <gpxtpx:hr>186</gpxtpx:hr>
     </gpxtpx:TrackPointExtension>
    </extensions>
   </trkpt>
   <trkpt lat="52.5148090" lon="13.2407870">
    <ele>59.4</ele>
    <time>2025-09-18T15:03:51Z</time>
    <extensions>
     <power>255</power>
     <gpxtpx:TrackPointExtension>
      <gpxtpx:hr>186</gpxtpx:hr>
     </gpxtpx:TrackPointExtension>
    </extensions>
   </trkpt>
   <trkpt lat="52.5147540" lon="13.2408010">
    <ele>59.4</ele>
    <time>2025-09-18T15:03:52Z</time>
    <extensions>
     <power>255</power>
     <gpxtpx:TrackPointExtension>
      <gpxtpx:hr>186</gpxtpx:hr>
     </gpxtpx:TrackPointExtension>
    </extensions>
   </trkpt>
   <trkpt lat="52.5147330" lon="13.2408030">
    <ele>59.4</ele>
    <time>2025-09-18T15:03:53Z</time>
    <extensions>
     <power>255</power>
     <gpxtpx:TrackPointExtension>
      <gpxtpx:hr>186</gpxtpx:hr>
     </gpxtpx:TrackPointExtension>
    </extensions>
   </trkpt>
   <trkpt lat="52.5147110" lon="13.2408060">
    <ele>59.4</ele>
    <time>2025-09-18T15:03:54Z</time>
    <extensions>
     <power>256</power>
     <gpxtpx:TrackPointExtension>
      <gpxtpx:hr>186</gpxtpx:hr>
     </gpxtpx:TrackPointExtension>
    </extensions>
   </trkpt>
   <trkpt lat="52.5146610" lon="13.2407990">
    <ele>59.4</ele>
    <time>2025-09-18T15:03:55Z</time>
    <extensions>
     <power>256</power>
     <gpxtpx:TrackPointExtension>
      <gpxtpx:hr>186</gpxtpx:hr>
     </gpxtpx:TrackPointExtension>
    </extensions>
   </trkpt>
   <trkpt lat="52.5146440" lon="13.2407950">
    <ele>59.4</ele>
    <time>2025-09-18T15:03:56Z</time>
    <extensions>
     <power>262</power>
     <gpxtpx:TrackPointExtension>
      <gpxtpx:hr>186</gpxtpx:hr>
     </gpxtpx:TrackPointExtension>
    </extensions>
   </trkpt>
   <trkpt lat="52.5145790" lon="13.2407590">
    <ele>59.2</ele>
    <time>2025-09-18T15:03:57Z</time>
    <extensions>
     <power>262</power>
     <gpxtpx:TrackPointExtension>
      <gpxtpx:hr>186</gpxtpx:hr>
     </gpxtpx:TrackPointExtension>
    </extensions>
   </trkpt>
   <trkpt lat="52.5145530" lon="13.2407400">
    <ele>59.2</ele>
    <time>2025-09-18T15:03:58Z</time>
    <extensions>
     <power>262</power>
     <gpxtpx:TrackPointExtension>
      <gpxtpx:hr>186</gpxtpx:hr>
     </gpxtpx:TrackPointExtension>
    </extensions>
   </trkpt>
   <trkpt lat="52.5145260" lon="13.2407200">
    <ele>59.0</ele>
    <time>2025-09-18T15:03:59Z</time>
    <extensions>
     <power>272</power>
     <gpxtpx:TrackPointExtension>
      <gpxtpx:hr>186</gpxtpx:hr>
     </gpxtpx:TrackPointExtension>
    </extensions>
   </trkpt>
   <trkpt lat="52.5144680" lon="13.2406580">
    <ele>58.8</ele>
    <time>2025-09-18T15:04:00Z</time>
    <extensions>
     <power>272</power>
     <gpxtpx:TrackPointExtension>
      <gpxtpx:hr>188</gpxtpx:hr>
     </gpxtpx:TrackPointExtension>
    </extensions>
   </trkpt>
   <trkpt lat="52.5144500" lon="13.2406310">
    <ele>58.6</ele>
    <time>2025-09-18T15:04:01Z</time>
    <extensions>
     <power>268</power>
     <gpxtpx:TrackPointExtension>
      <gpxtpx:hr>188</gpxtpx:hr>
     </gpxtpx:TrackPointExtension>
    </extensions>
   </trkpt>
   <trkpt lat="52.5143970" lon="13.2405350">
    <ele>58.4</ele>
    <time>2025-09-18T15:04:02Z</time>
    <extensions>
     <power>268</power>
     <gpxtpx:TrackPointExtension>
      <gpxtpx:hr>188</gpxtpx:hr>
     </gpxtpx:TrackPointExtension>
    </extensions>
   </trkpt>
   <trkpt lat="52.5143790" lon="13.2404910">
    <ele>58.2</ele>
    <time>2025-09-18T15:04:03Z</time>
    <extensions>
     <power>268</power>
     <gpxtpx:TrackPointExtension>
      <gpxtpx:hr>188</gpxtpx:hr>
     </gpxtpx:TrackPointExtension>
    </extensions>
   </trkpt>
   <trkpt lat="52.5143620" lon="13.2404470">
    <ele>58.0</ele>
    <time>2025-09-18T15:04:04Z</time>
    <extensions>
     <power>357</power>
     <gpxtpx:TrackPointExtension>
      <gpxtpx:hr>189</gpxtpx:hr>
     </gpxtpx:TrackPointExtension>
    </extensions>
   </trkpt>
   <trkpt lat="52.5143310" lon="13.2403320">
    <ele>58.0</ele>
    <time>2025-09-18T15:04:05Z</time>
    <extensions>
     <power>357</power>
     <gpxtpx:TrackPointExtension>
      <gpxtpx:hr>189</gpxtpx:hr>
     </gpxtpx:TrackPointExtension>
    </extensions>
   </trkpt>
   <trkpt lat="52.5143230" lon="13.2402860">
    <ele>57.8</ele>
    <time>2025-09-18T15:04:06Z</time>
    <extensions>
     <power>357</power>
     <gpxtpx:TrackPointExtension>
      <gpxtpx:hr>190</gpxtpx:hr>
     </gpxtpx:TrackPointExtension>
    </extensions>
   </trkpt>
   <trkpt lat="52.5143150" lon="13.2402410">
    <ele>57.8</ele>
    <time>2025-09-18T15:04:07Z</time>
    <extensions>
     <power>357</power>
     <gpxtpx:TrackPointExtension>
      <gpxtpx:hr>190</gpxtpx:hr>
     </gpxtpx:TrackPointExtension>
    </extensions>
   </trkpt>
   <trkpt lat="52.5143040" lon="13.2401450">
    <ele>57.6</ele>
    <time>2025-09-18T15:04:08Z</time>
    <extensions>
     <power>357</power>
     <gpxtpx:TrackPointExtension>
      <gpxtpx:hr>190</gpxtpx:hr>
     </gpxtpx:TrackPointExtension>
    </extensions>
   </trkpt>
   <trkpt lat="52.5143020" lon="13.2401140">
    <ele>57.4</ele>
    <time>2025-09-18T15:04:09Z</time>
    <extensions>
     <power>287</power>
     <gpxtpx:TrackPointExtension>
      <gpxtpx:hr>190</gpxtpx:hr>
     </gpxtpx:TrackPointExtension>
    </extensions>
   </trkpt>
   <trkpt lat="52.5143010" lon="13.2400540">
    <ele>57.4</ele>
    <time>2025-09-18T15:04:10Z</time>
    <extensions>
     <power>287</power>
     <gpxtpx:TrackPointExtension>
      <gpxtpx:hr>190</gpxtpx:hr>
     </gpxtpx:TrackPointExtension>
    </extensions>
   </trkpt>
   <trkpt lat="52.5143020" lon="13.2399960">
    <ele>57.2</ele>
    <time>2025-09-18T15:04:11Z</time>
    <extensions>
     <power>287</power>
     <gpxtpx:TrackPointExtension>
      <gpxtpx:hr>190</gpxtpx:hr>
     </gpxtpx:TrackPointExtension>
    </extensions>
   </trkpt>
   <trkpt lat="52.5143050" lon="13.2399420">
    <ele>57.0</ele>
    <time>2025-09-18T15:04:12Z</time>
    <extensions>
     <power>287</power>
     <gpxtpx:TrackPointExtension>
      <gpxtpx:hr>190</gpxtpx:hr>
     </gpxtpx:TrackPointExtension>
    </extensions>
   </trkpt>
   <trkpt lat="52.5143070" lon="13.2398920">
    <ele>57.0</ele>
    <time>2025-09-18T15:04:13Z</time>
    <extensions>
     <power>287</power>
     <gpxtpx:TrackPointExtension>
      <gpxtpx:hr>190</gpxtpx:hr>
     </gpxtpx:TrackPointExtension>
    </extensions>
   </trkpt>
  </trkseg>
 </trk>
</gpx>
